source	lookup_key	aro_accession	cutoff
ncbi	AAA74436.1	ARO:3000377	Perfect
ncbi	AAA92037.1	ARO:3007075	Perfect
ncbi	AAC23256.1	ARO:3003953	Strict
ncbi	AAC38671.1	ARO:3000777	Strict
ncbi	AAC74250.1	ARO:3000838	Manual
ncbi	AAC76298.1	ARO:3000502	Perfect
ncbi	AAC77110.1	ARO:3004290	Perfect
ncbi	AAC77293.1	ARO:3001214	Perfect
ncbi	AAD28042.1	ARO:3006881	Strict
ncbi	AAD44693.1	ARO:3000816	Perfect
ncbi	AAF03531.1	ARO:3002569	Perfect
ncbi	AAF40764.1	ARO:3003962	Perfect
ncbi	AAF42063.1	ARO:3000810	Perfect
ncbi	AAG05881.1	ARO:3000803	Perfect
ncbi	AAK99679.1	ARO:3000822	Perfect
ncbi	AAL14441.1	ARO:3003811	Perfect
ncbi	AAL19305.1	ARO:3000790	Perfect
ncbi	AAL19306.1	ARO:3000789	Perfect
ncbi	AAL19308.1	ARO:3000504	Perfect
ncbi	AAL20537.1	ARO:3002571	Perfect
ncbi	AAN29241.1	ARO:3000777	Strict
ncbi	AAN33534.1	ARO:3000777	Strict
ncbi	AAO18187.2	ARO:3000777	Strict
ncbi	AAU95768.1	ARO:3000026	Perfect
ncbi	AAW38464.1	ARO:3004572	Perfect
ncbi	AAZ85965.1	ARO:3006880	Perfect
ncbi	AAZ85968.1	ARO:3006881	Perfect
ncbi	ABO11759.2	ARO:3004573	Perfect
ncbi	ABR76310.1	ARO:3001328	Strict
ncbi	ABS58643.1	ARO:3004290	Strict
ncbi	ABX00624.1	ARO:3002881	Perfect
ncbi	ACO06752.1	ARO:3000777	Strict
ncbi	ACQ82816.1	ARO:3004577	Perfect
ncbi	ADB68610.1	ARO:3007015	Strict
ncbi	ADO96486.1	ARO:3003953	Perfect
ncbi	ADZ12699.1	ARO:3005091	Perfect
ncbi	ADZ12700.1	ARO:3005090	Perfect
ncbi	AJP12342.1	ARO:3007637	Perfect
ncbi	AKC61310.1	ARO:3007645	Perfect
ncbi	AYW01299.1	ARO:3004684	Perfect
ncbi	BAA34299.1	ARO:3003034	Perfect
ncbi	BAB41547.1	ARO:3000026	Strict
ncbi	BAF76384.1	ARO:3000777	Strict
ncbi	BAF80121.1	ARO:3007015	Strict
ncbi	BcII	ARO:3004189	Perfect
ncbi	CAA77936.1	ARO:3004039	Perfect
ncbi	CAC14596.1	ARO:3003057	Perfect
ncbi	CBE03766.1	ARO:3007671	Perfect
ncbi	CCA59315.1	ARO:3007208	Perfect
ncbi	CCN31428.1	ARO:3005049	Perfect
ncbi	CZR78671.1	ARO:3002972	Strict
ncbi	EAC4468893.1	ARO:3007015	Strict
ncbi	MBO4175406.1	ARO:3004684	Strict
ncbi	PBI24747.1	ARO:3002909	Strict
ncbi	QEY54480.1	ARO:3004684	Strict
ncbi	QKF95689.1	ARO:3004684	Strict
ncbi	SMR_efflux_bcrB	ARO:3007014	Strict
ncbi	SMR_efflux_bcrC	ARO:3007014	Strict
ncbi	SMR_efflux_emrE	ARO:3004039	Perfect
ncbi	SMR_efflux_smr	ARO:0010003	Manual
ncbi	SMR_qac_pB8	ARO:3007015	Strict
ncbi	WP_000018321.1	ARO:3002641	Strict
ncbi	WP_000018326.1	ARO:3002641	Perfect
ncbi	WP_000018329.1	ARO:3002641	Strict
ncbi	WP_000018330.1	ARO:3002641	Strict
ncbi	WP_000019304.1	ARO:3003015	Strict
ncbi	WP_000019358.1	ARO:3003511	Strict
ncbi	WP_000019483.1	ARO:3003511	Strict
ncbi	WP_000027050.1	ARO:3000979	Perfect
ncbi	WP_000027057.1	ARO:3000873	Perfect
ncbi	WP_000027060.1	ARO:3001044	Perfect
ncbi	WP_000027061.1	ARO:3000882	Perfect
ncbi	WP_000031017.1	ARO:3000318	Perfect
ncbi	WP_000031783.1	ARO:3003368	Manual
ncbi	WP_000034420.1	ARO:3000413	Perfect
ncbi	WP_000052512.1	ARO:3003109	Perfect
ncbi	WP_000054744.1	ARO:3005045	Perfect
ncbi	WP_000064875.1	ARO:3003573	Manual
ncbi	WP_000067268.1	ARO:3002630	Perfect
ncbi	WP_000072067.1	ARO:3000864	Manual
ncbi	WP_000090315.1	ARO:3003735	Manual
ncbi	WP_000095725.1	ARO:3002693	Strict
ncbi	WP_000101737.1	ARO:3003807	Strict
ncbi	WP_000116450.1	ARO:3003292	Manual
ncbi	WP_000116906.1	ARO:3002659	Strict
ncbi	WP_000121134.1	ARO:3007015	Strict
ncbi	WP_000131886.1	ARO:3002540	Strict
ncbi	WP_000131935.1	ARO:3005036	Perfect
ncbi	WP_000138348.1	ARO:3001208	Manual
ncbi	WP_000143686.1	ARO:3004456	Perfect
ncbi	WP_000155092.1	ARO:3003741	Perfect
ncbi	WP_000159119.1	ARO:3004096	Manual
ncbi	WP_000161505.1	ARO:3000822	Manual
ncbi	WP_000163435.1	ARO:3000521	Strict
ncbi	WP_000167936.1	ARO:3000226	Manual
ncbi	WP_000175735.1	ARO:3002865	Strict
ncbi	WP_000186237.1	ARO:3002676	Perfect
ncbi	WP_000195318.1	ARO:3000457	Manual
ncbi	WP_000196386.1	ARO:3005046	Perfect
ncbi	WP_000196697.1	ARO:3000319	Strict
ncbi	WP_000202259.1	ARO:3003818	Strict
ncbi	WP_000214119.1	ARO:3002705	Strict
ncbi	WP_000214121.1	ARO:3002705	Strict
ncbi	WP_000214122.1	ARO:3002705	Strict
ncbi	WP_000214123.1	ARO:3002705	Perfect
ncbi	WP_000214125.1	ARO:3005043	Perfect
ncbi	WP_000219391.1	ARO:3000316	Perfect
ncbi	WP_000237816.1	ARO:3002847	Perfect
ncbi	WP_000239590.1	ARO:3001878	Perfect
ncbi	WP_000239591.1	ARO:3001894	Perfect
ncbi	WP_000240700.1	ARO:3003574	Manual
ncbi	WP_000259018.1	ARO:3000410	Strict
ncbi	WP_000259031.1	ARO:3000410	Perfect
ncbi	WP_000259032.1	ARO:3000410	Strict
ncbi	WP_000281668.1	ARO:3003900	Manual
ncbi	WP_000347934.1	ARO:3003923	Perfect
ncbi	WP_000351450.1	ARO:3003755	Manual
ncbi	WP_000359986.1	ARO:3000858	Perfect
ncbi	WP_000361704.1	ARO:3002801	Perfect
ncbi	WP_000361705.1	ARO:3002802	Perfect
ncbi	WP_000369214.1	ARO:3000124	Perfect
ncbi	WP_000369216.1	ARO:3000124	Strict
ncbi	WP_000378442.1	ARO:3000516	Perfect
ncbi	WP_000381802.1	ARO:3000230	Perfect
ncbi	WP_000381803.1	ARO:3000230	Strict
ncbi	WP_000384706.1	ARO:3000732	Manual
ncbi	WP_000402347.1	ARO:3002949	Perfect
ncbi	WP_000402348.1	ARO:3002949	Strict
ncbi	WP_000412211.1	ARO:3002683	Perfect
ncbi	WP_000412428.1	ARO:3003381	Strict
ncbi	WP_000412686.1	ARO:3003381	Strict
ncbi	WP_000415714.1	ARO:3002799	Perfect
ncbi	WP_000417517.1	ARO:3000616	Perfect
ncbi	WP_000422633.1	ARO:3002653	Perfect
ncbi	WP_000422636.1	ARO:3002652	Perfect
ncbi	WP_000438874.1	ARO:3000251	Strict
ncbi	WP_000442373.1	ARO:3002864	Perfect
ncbi	WP_000480968.1	ARO:3002660	Strict
ncbi	WP_000480972.1	ARO:3002660	Strict
ncbi	WP_000492283.1	ARO:3000178	Perfect
ncbi	WP_000492284.1	ARO:3000178	Strict
ncbi	WP_000497840.1	ARO:3007101	Perfect
ncbi	WP_000503573.1	ARO:3002605	Perfect
ncbi	WP_000503574.1	ARO:3002605	Strict
ncbi	WP_000516404.1	ARO:3002962	Perfect
ncbi	WP_000557452.1	ARO:3004621	Strict
ncbi	WP_000557454.1	ARO:3004623	Perfect
ncbi	WP_000567963.1	ARO:3003291	Manual
ncbi	WP_000571065.1	ARO:3002863	Perfect
ncbi	WP_000571549.1	ARO:3003272	Manual
ncbi	WP_000572405.1	ARO:3002644	Perfect
ncbi	WP_000586782.1	ARO:3001415	Perfect
ncbi	WP_000616116.1	ARO:3004674	Perfect
ncbi	WP_000622776.1	ARO:3003046	Strict
ncbi	WP_000622778.1	ARO:3003047	Strict
ncbi	WP_000623140.1	ARO:3003899	Manual
ncbi	WP_000627290.1	ARO:3002897	Strict
ncbi	WP_000633668.1	ARO:3004249	Manual
ncbi	WP_000642196.1	ARO:3004446	Strict
ncbi	WP_000642196.1:335:ftsI_R335RVPYR	ARO:3004446	Strict
ncbi	WP_000642196.1:336:ftsI_I336IKYRI	ARO:3004446	Strict
ncbi	WP_000642196.1:336:ftsI_I336IPYRI	ARO:3004446	Strict
ncbi	WP_000642196.1:337:ftsI_N337NYRIN	ARO:3004446	Strict
ncbi	WP_000679427.1	ARO:3005010	Perfect
ncbi	WP_000680577.1	ARO:3000828	Manual
ncbi	WP_000691721.1	ARO:3000194	Strict
ncbi	WP_000691722.1	ARO:3000192	Perfect
ncbi	WP_000691727.1	ARO:3000186	Strict
ncbi	WP_000691729.1	ARO:3000186	Strict
ncbi	WP_000691736.1	ARO:3000186	Strict
ncbi	WP_000691737.1	ARO:3000186	Strict
ncbi	WP_000691741.1	ARO:3000186	Strict
ncbi	WP_000691743.1	ARO:3000186	Strict
ncbi	WP_000691746.1	ARO:3000186	Strict
ncbi	WP_000691749.1	ARO:3000186	Strict
ncbi	WP_000691759.1	ARO:3000190	Strict
ncbi	WP_000697899.1	ARO:3000822	Manual
ncbi	WP_000700648.1	ARO:3002835	Strict
ncbi	WP_000703246.1	ARO:3005084	Perfect
ncbi	WP_000703418.1	ARO:3002862	Perfect
ncbi	WP_000704156.1	ARO:3002895	Perfect
ncbi	WP_000706731.1	ARO:3002370	Perfect
ncbi	WP_000713530.1	ARO:3001705	Perfect
ncbi	WP_000721306.1	ARO:3000617	Strict
ncbi	WP_000721309.1	ARO:3000617	Strict
ncbi	WP_000721310.1	ARO:3000617	Strict
ncbi	WP_000722315.1	ARO:3001404	Perfect
ncbi	WP_000725529.1	ARO:3001209	Perfect
ncbi	WP_000733274.1	ARO:3008823	Strict
ncbi	WP_000733275.1	ARO:3008823	Strict
ncbi	WP_000733281.1	ARO:3000621	Perfect
ncbi	WP_000733283.1	ARO:3008823	Perfect
ncbi	WP_000733285.1	ARO:3008823	Strict
ncbi	WP_000733287.1	ARO:3008823	Strict
ncbi	WP_000733289.1	ARO:3008823	Strict
ncbi	WP_000733402.1	ARO:3005097	Perfect
ncbi	WP_000742814.1	ARO:3002655	Perfect
ncbi	WP_000764731.1	ARO:3000226	Manual
ncbi	WP_000777201.1	ARO:3007371	Strict
ncbi	WP_000777554.1	ARO:3002854	Strict
ncbi	WP_000777555.1	ARO:3002854	Perfect
ncbi	WP_000778180.1	ARO:3004289	Strict
ncbi	WP_000799223.1	ARO:3004189	Strict
ncbi	WP_000799227.1	ARO:3004189	Strict
ncbi	WP_000799232.1	ARO:3002878	Perfect
ncbi	WP_000800531.1	ARO:3005098	Strict
ncbi	WP_000800689.1	ARO:3004660	Perfect
ncbi	WP_000804063.1	ARO:3000165	Strict
ncbi	WP_000804064.1	ARO:3000165	Strict
ncbi	WP_000806242.1	ARO:3007431	Perfect
ncbi	WP_000810833.1	ARO:3005099	Perfect
ncbi	WP_000841446.1	ARO:3000167	Strict
ncbi	WP_000841448.1	ARO:3000167	Strict
ncbi	WP_000843414.1	ARO:3003378	Strict
ncbi	WP_000846390.1	ARO:3001405	Perfect
ncbi	WP_000854009.1	ARO:3001676	Perfect
ncbi	WP_000854010.1	ARO:3001678	Perfect
ncbi	WP_000855537.1	ARO:3003552	Perfect
ncbi	WP_000855769.1	ARO:3000861	Perfect
ncbi	WP_000868795.1	ARO:3002868	Perfect
ncbi	WP_000871610.1	ARO:3003795	Manual
ncbi	WP_000879194.1	ARO:3004248	Manual
ncbi	WP_000888203.1	ARO:3003921	Manual
ncbi	WP_000920239.1	ARO:3004661	Perfect
ncbi	WP_000938987.1	ARO:3005100	Perfect
ncbi	WP_000939727.1	ARO:3002879	Perfect
ncbi	WP_000941933.1	ARO:3005162	Perfect
ncbi	WP_000941934.1	ARO:3004113	Perfect
ncbi	WP_000941935.1	ARO:3004113	Strict
ncbi	WP_000943763.1	ARO:3007372	Perfect
ncbi	WP_000943772.1	ARO:3000172	Perfect
ncbi	WP_000946487.1	ARO:3000410	Strict
ncbi	WP_000948731.1	ARO:3004247	Manual
ncbi	WP_000949574.1	ARO:3005348	Perfect
ncbi	WP_000952923.1	ARO:3000215	Perfect
ncbi	WP_000959805.1	ARO:3003200	Strict
ncbi	WP_000960976.1	ARO:3003200	Perfect
ncbi	WP_000976513.1	ARO:3002041	Perfect
ncbi	WP_000976514.1	ARO:3002013	Perfect
ncbi	WP_000976515.1	ARO:3002034	Perfect
ncbi	WP_000977920.1	ARO:3000265	Manual
ncbi	WP_001003260.1	ARO:3000250	Strict
ncbi	WP_001003263.1	ARO:3000250	Strict
ncbi	WP_001003264.1	ARO:3000250	Strict
ncbi	WP_001007673.1	ARO:3001397	Perfect
ncbi	WP_001008722.1	ARO:3003902	Manual
ncbi	WP_001009012.1	ARO:3002681	Perfect
ncbi	WP_001010111.1	ARO:3004247	Manual
ncbi	WP_001010387.1	ARO:3004455	Strict
ncbi	WP_001010505.1	ARO:3003441	Perfect
ncbi	WP_001011939.1	ARO:3004656	Strict
ncbi	WP_001014230.1	ARO:3002623	Strict
ncbi	WP_001021774.1	ARO:3006048	Perfect
ncbi	WP_001021775.1	ARO:3001616	Perfect
ncbi	WP_001021776.1	ARO:3001627	Perfect
ncbi	WP_001021777.1	ARO:3001646	Perfect
ncbi	WP_001021778.1	ARO:3001688	Perfect
ncbi	WP_001021779.1	ARO:3001617	Perfect
ncbi	WP_001021780.1	ARO:3001486	Perfect
ncbi	WP_001021781.1	ARO:3001650	Perfect
ncbi	WP_001021782.1	ARO:3001614	Perfect
ncbi	WP_001021783.1	ARO:3001474	Perfect
ncbi	WP_001021784.1	ARO:3001715	Perfect
ncbi	WP_001021785.1	ARO:3001619	Perfect
ncbi	WP_001021786.1	ARO:3001644	Perfect
ncbi	WP_001021787.1	ARO:3001683	Perfect
ncbi	WP_001021788.1	ARO:3001613	Perfect
ncbi	WP_001021789.1	ARO:3001588	Perfect
ncbi	WP_001021792.1	ARO:3001615	Perfect
ncbi	WP_001021793.1	ARO:3001635	Perfect
ncbi	WP_001021794.1	ARO:3001640	Perfect
ncbi	WP_001021795.1	ARO:3001438	Perfect
ncbi	WP_001022756.1	ARO:3001680	Perfect
ncbi	WP_001022757.1	ARO:3008753	Perfect
ncbi	WP_001022758.1	ARO:3001669	Perfect
ncbi	WP_001025292.1	ARO:3001620	Perfect
ncbi	WP_001027119.1	ARO:3003011	Perfect
ncbi	WP_001028144.1	ARO:3002597	Perfect
ncbi	WP_001031075.1	ARO:3004568	Perfect
ncbi	WP_001031679.1	ARO:3004441	Strict
ncbi	WP_001033157.1	ARO:3003733	Perfect
ncbi	WP_001038790.1	ARO:3000375	Strict
ncbi	WP_001038792.1	ARO:3000375	Strict
ncbi	WP_001038795.1	ARO:3000375	Strict
ncbi	WP_001039466.1	ARO:3000168	Perfect
ncbi	WP_001041372.1	ARO:3003767	Perfect
ncbi	WP_001043260.1	ARO:3000412	Perfect
ncbi	WP_001043265.1	ARO:3000412	Strict
ncbi	WP_001046004.1	ARO:3001418	Perfect
ncbi	WP_001059542.1	ARO:3002942	Perfect
ncbi	WP_001072197.1	ARO:3000347	Strict
ncbi	WP_001072201.1	ARO:3000347	Perfect
ncbi	WP_001079845.1	ARO:3000010	Perfect
ncbi	WP_001082319.1	ARO:3002639	Strict
ncbi	WP_001083725.1	ARO:3002858	Perfect
ncbi	WP_001089064.1	ARO:3000166	Strict
ncbi	WP_001089068.1	ARO:3000166	Strict
ncbi	WP_001089072.1	ARO:3000166	Strict
ncbi	WP_001096887.1	ARO:3002647	Perfect
ncbi	WP_001100289.1	ARO:3000565	Strict
ncbi	WP_001100293.1	ARO:3000565	Strict
ncbi	WP_001100294.1	ARO:3000565	Strict
ncbi	WP_001100296.1	ARO:3000565	Strict
ncbi	WP_001100299.1	ARO:3000565	Perfect
ncbi	WP_001100300.1	ARO:3000565	Strict
ncbi	WP_001100752.1	ARO:3006131	Perfect
ncbi	WP_001100753.1	ARO:3002363	Perfect
ncbi	WP_001109644.1	ARO:3002574	Strict
ncbi	WP_001112624.1	ARO:3004089	Perfect
ncbi	WP_001118667.1	ARO:3003930	Manual
ncbi	WP_001132507.1	ARO:3000216	Strict
ncbi	WP_001143450.1	ARO:3003019	Perfect
ncbi	WP_001146389.1	ARO:3007014	Strict
ncbi	WP_001157751.1	ARO:3004282	Manual
ncbi	WP_001159760.1	ARO:3003885	Perfect
ncbi	WP_001159761.1	ARO:3006348	Perfect
ncbi	WP_001181005.1	ARO:3003930	Manual
ncbi	WP_001199192.1	ARO:3002539	Perfect
ncbi	WP_001206315.1	ARO:3002601	Strict
ncbi	WP_001206316.1	ARO:3002601	Perfect
ncbi	WP_001206317.1	ARO:3002601	Strict
ncbi	WP_001206356.1	ARO:3002602	Strict
ncbi	WP_001209508.1	ARO:3002601	Strict
ncbi	WP_001211000.1	ARO:3002340	Perfect
ncbi	WP_001211198.1	ARO:3006411	Perfect
ncbi	WP_001211199.1	ARO:3006413	Perfect
ncbi	WP_001211200.1	ARO:3006419	Perfect
ncbi	WP_001211201.1	ARO:3008007	Perfect
ncbi	WP_001211202.1	ARO:3008012	Perfect
ncbi	WP_001211203.1	ARO:3003880	Perfect
ncbi	WP_001211205.1	ARO:3004615	Perfect
ncbi	WP_001211207.1	ARO:3006410	Perfect
ncbi	WP_001211208.1	ARO:3006347	Perfect
ncbi	WP_001211209.1	ARO:3006315	Perfect
ncbi	WP_001211210.1	ARO:3006354	Perfect
ncbi	WP_001211212.1	ARO:3006341	Perfect
ncbi	WP_001211214.1	ARO:3006318	Perfect
ncbi	WP_001211215.1	ARO:3006293	Perfect
ncbi	WP_001211216.1	ARO:3003888	Perfect
ncbi	WP_001211217.1	ARO:3003868	Perfect
ncbi	WP_001211218.1	ARO:3004617	Perfect
ncbi	WP_001211219.1	ARO:3004634	Perfect
ncbi	WP_001211220.1	ARO:3006429	Perfect
ncbi	WP_001211221.1	ARO:3006445	Perfect
ncbi	WP_001211223.1	ARO:3003870	Perfect
ncbi	WP_001211224.1	ARO:3006395	Perfect
ncbi	WP_001211225.1	ARO:3008013	Perfect
ncbi	WP_001211226.1	ARO:3006435	Perfect
ncbi	WP_001211227.1	ARO:3006332	Perfect
ncbi	WP_001211232.1	ARO:3006432	Perfect
ncbi	WP_001211233.1	ARO:3006326	Perfect
ncbi	WP_001211237.1	ARO:3003882	Perfect
ncbi	WP_001211238.1	ARO:3008052	Strict
ncbi	WP_001211239.1	ARO:3006337	Perfect
ncbi	WP_001255864.1	ARO:3002628	Strict
ncbi	WP_001255866.1	ARO:3002628	Strict
ncbi	WP_001256773.1	ARO:3002696	Perfect
ncbi	WP_001256776.1	ARO:3002695	Strict
ncbi	WP_001261740.1	ARO:3002603	Strict
ncbi	WP_001279062.1	ARO:3004089	Strict
ncbi	WP_001279068.1	ARO:3004089	Strict
ncbi	WP_001279073.1	ARO:3004089	Strict
ncbi	WP_001280781.1	ARO:3002919	Perfect
ncbi	WP_001281243.1	ARO:3003292	Manual
ncbi	WP_001281271.1	ARO:3003292	Manual
ncbi	WP_001281881.1	ARO:3000274	Manual
ncbi	WP_001281910.1	ARO:3000274	Manual
ncbi	WP_001289586.1	ARO:3000274	Manual
ncbi	WP_001297013.1	ARO:3000167	Perfect
ncbi	WP_001317507.1	ARO:3002861	Perfect
ncbi	WP_001334766.1	ARO:3001396	Perfect
ncbi	WP_001355915.1	ARO:3003013	Perfect
ncbi	WP_001389366.1	ARO:3002860	Perfect
ncbi	WP_001424636.1	ARO:3002613	Perfect
ncbi	WP_001436322.1	ARO:3002607	Strict
ncbi	WP_001516695.1	ARO:3002790	Perfect
ncbi	WP_001574275.1	ARO:3000186	Strict
ncbi	WP_001574277.1	ARO:3000179	Strict
ncbi	WP_001617865.1	ARO:3001877	Perfect
ncbi	WP_001620095.1	ARO:3001059	Perfect
ncbi	WP_001682441.1	ARO:3002601	Strict
ncbi	WP_001694495.1	ARO:3002705	Strict
ncbi	WP_001747811.1	ARO:3002705	Strict
ncbi	WP_001749984.1	ARO:3002616	Strict
ncbi	WP_001749985.1	ARO:3004550	Perfect
ncbi	WP_001749986.1	ARO:3002848	Perfect
ncbi	WP_001749994.1	ARO:3002720	Strict
ncbi	WP_001795128.1	ARO:3002623	Strict
ncbi	WP_001812592.1	ARO:3002955	Perfect
ncbi	WP_001829870.1	ARO:3002835	Strict
ncbi	WP_001830196.1	ARO:3004640	Strict
ncbi	WP_001836116.1	ARO:3000274	Manual
ncbi	WP_001881365.1	ARO:3004364	Perfect
ncbi	WP_001910823.1	ARO:3002601	Strict
ncbi	WP_001931474.1	ARO:3002241	Perfect
ncbi	WP_001960919.1	ARO:3000274	Manual
ncbi	WP_001973670.1	ARO:3000165	Strict
ncbi	WP_002000718.1	ARO:3000620	Strict
ncbi	WP_002002480.1	ARO:3001611	Perfect
ncbi	WP_002022164.1	ARO:3002248	Perfect
ncbi	WP_002033109.1	ARO:3001612	Perfect
ncbi	WP_002046804.1	ARO:3006339	Perfect
ncbi	WP_002047441.1	ARO:3001448	Perfect
ncbi	WP_002047670.1	ARO:3003072	Perfect
ncbi	WP_002052571.1	ARO:3008044	Perfect
ncbi	WP_002057397.1	ARO:3001442	Perfect
ncbi	WP_002058891.1	ARO:3006407	Perfect
ncbi	WP_002063884.1	ARO:3004621	Strict
ncbi	WP_002075262.1	ARO:3002680	Perfect
ncbi	WP_002089484.1	ARO:3002528	Strict
ncbi	WP_002118772.1	ARO:3003862	Perfect
ncbi	WP_002121386.1	ARO:3005730	Perfect
ncbi	WP_002126587.1	ARO:3006297	Perfect
ncbi	WP_002133528.1	ARO:3001719	Perfect
ncbi	WP_002157727.1	ARO:3006295	Perfect
ncbi	WP_002210545.1	ARO:3002689	Perfect
ncbi	WP_002215394.1	ARO:3003930	Manual
ncbi	WP_002215445.1	ARO:3007526	Manual
ncbi	WP_002240607.1	ARO:3003292	Manual
ncbi	WP_002244796.1	ARO:3000166	Strict
ncbi	WP_002289153.1	ARO:3003078	Manual
ncbi	WP_002289154.1	ARO:3003079	Manual
ncbi	WP_002289795.1	ARO:3002556	Strict
ncbi	WP_002292226.1	ARO:3000375	Strict
ncbi	WP_002293569.1	ARO:3002556	Strict
ncbi	WP_002293989.1	ARO:3002556	Strict
ncbi	WP_002294500.1	ARO:3000179	Strict
ncbi	WP_002294505.1	ARO:3002626	Perfect
ncbi	WP_002294513.1	ARO:3003206	Perfect
ncbi	WP_002294514.1	ARO:3002836	Strict
ncbi	WP_002295408.1	ARO:3004262	Manual
ncbi	WP_002295712.1	ARO:3002843	Strict
ncbi	WP_002296175.1	ARO:3003761	Manual
ncbi	WP_002305818.1	ARO:3002931	Perfect
ncbi	WP_002314314.1	ARO:3002819	Perfect
ncbi	WP_002317266.1	ARO:3002950	Strict
ncbi	WP_002317268.1	ARO:3002943	Strict
ncbi	WP_002317273.1	ARO:3002921	Strict
ncbi	WP_002321849.1	ARO:3000375	Strict
ncbi	WP_002322211.1	ARO:3002867	Perfect
ncbi	WP_002328174.1	ARO:3002556	Strict
ncbi	WP_002328813.1	ARO:3002844	Perfect
ncbi	WP_002331392.1	ARO:3004458	Perfect
ncbi	WP_002333496.1	ARO:3004085	Perfect
ncbi	WP_002339746.1	ARO:3002556	Strict
ncbi	WP_002345002.1	ARO:3000595	Strict
ncbi	WP_002349981.1	ARO:3004649	Strict
ncbi	WP_002352254.1	ARO:3004658	Strict
ncbi	WP_002355137.1	ARO:3003078	Manual
ncbi	WP_002356022.1	ARO:3003797	Manual
ncbi	WP_002364936.1	ARO:3000186	Strict
ncbi	WP_002365053.1	ARO:3000300	Perfect
ncbi	WP_002365182.1	ARO:3004264	Manual
ncbi	WP_002368694.1	ARO:3002964	Perfect
ncbi	WP_002368695.1	ARO:3002956	Perfect
ncbi	WP_002368696.1	ARO:3002932	Perfect
ncbi	WP_002368697.1	ARO:3002921	Perfect
ncbi	WP_002371880.1	ARO:3000274	Manual
ncbi	WP_002373947.1	ARO:3002556	Strict
ncbi	WP_002382867.1	ARO:3002932	Strict
ncbi	WP_002382874.1	ARO:3002943	Strict
ncbi	WP_002387187.1	ARO:3000300	Strict
ncbi	WP_002389492.1	ARO:3003805	Manual
ncbi	WP_002398829.1	ARO:3000300	Strict
ncbi	WP_002403315.1	ARO:3004658	Perfect
ncbi	WP_002405682.1	ARO:3004649	Perfect
ncbi	WP_002411322.1	ARO:3000300	Strict
ncbi	WP_002413481.1	ARO:3003760	Manual
ncbi	WP_002414694.1	ARO:3000186	Strict
ncbi	WP_002415211.1	ARO:3007019	Perfect
ncbi	WP_002415638.1	ARO:3004470	Perfect
ncbi	WP_002416070.1	ARO:3002956	Strict
ncbi	WP_002437128.1	ARO:3008200	Perfect
ncbi	WP_002437790.1	ARO:3007372	Strict
ncbi	WP_002447408.1	ARO:3000251	Strict
ncbi	WP_002449123.1	ARO:3002830	Perfect
ncbi	WP_002467687.1	ARO:3007372	Strict
ncbi	WP_002489529.1	ARO:3004457	Strict
ncbi	WP_002560998.1	ARO:3000191	Strict
ncbi	WP_002570989.1	ARO:3002686	Perfect
ncbi	WP_002571018.1	ARO:3007041	Perfect
ncbi	WP_002586627.1	ARO:3000194	Perfect
ncbi	WP_002592614.1	ARO:3004629	Strict
ncbi	WP_002593938.1	ARO:3000013	Perfect
ncbi	WP_002602099.1	ARO:3000196	Strict
ncbi	WP_002682030.1	ARO:3000498	Strict
ncbi	WP_002779062.1	ARO:3003292	Manual
ncbi	WP_002779752.1	ARO:3000190	Perfect
ncbi	WP_002783228.1	ARO:3001478	Perfect
ncbi	WP_002788004.1	ARO:3003616	Perfect
ncbi	WP_002791310.1	ARO:3005724	Perfect
ncbi	WP_002812372.1	ARO:3005799	Perfect
ncbi	WP_002824679.1	ARO:3005816	Perfect
ncbi	WP_002837769.1	ARO:3005800	Perfect
ncbi	WP_002843095.1	ARO:3000526	Perfect
ncbi	WP_002857546.1	ARO:3005813	Perfect
ncbi	WP_002857904.1	ARO:3003292	Manual
ncbi	WP_002872036.1	ARO:3001773	Perfect
ncbi	WP_002872163.1	ARO:3007120	Perfect
ncbi	WP_002872405.1	ARO:3001476	Perfect
ncbi	WP_002884747.1	ARO:3004126	Manual
ncbi	WP_002889704.1	ARO:3005812	Perfect
ncbi	WP_002892080.1	ARO:3000702	Manual
ncbi	WP_002893358.1	ARO:3003605	Perfect
ncbi	WP_002895659.1	ARO:3000822	Manual
ncbi	WP_002904004.1	ARO:3001071	Perfect
ncbi	WP_002909882.1	ARO:3000190	Strict
ncbi	WP_002911375.1	ARO:3003820	Manual
ncbi	WP_002911375.1:47:mgrB_W47R	ARO:3003820	Manual
ncbi	WP_002914189.1	ARO:3003922	Perfect
ncbi	WP_002934081.1	ARO:3003603	Perfect
ncbi	WP_002936877.1	ARO:3005844	Perfect
ncbi	WP_002977989.1	ARO:3004766	Perfect
ncbi	WP_002979282.1	ARO:3000841	Perfect
ncbi	WP_002988050.1	ARO:3000844	Perfect
ncbi	WP_003013318.1	ARO:3004683	Perfect
ncbi	WP_003020537.1	ARO:3002753	Perfect
ncbi	WP_003023375.1	ARO:3004801	Perfect
ncbi	WP_003027598.1	ARO:3003292	Manual
ncbi	WP_003082280.1	ARO:3000149	Perfect
ncbi	WP_003082436.1	ARO:3000834	Manual
ncbi	WP_003082438.1	ARO:3000835	Manual
ncbi	WP_003088626.1	ARO:3003709	Strict
ncbi	WP_003088694.1	ARO:3002702	Manual
ncbi	WP_003091448.1	ARO:3003292	Manual
ncbi	WP_003092152.1	ARO:3000819	Strict
ncbi	WP_003093423.1	ARO:3006719	Perfect
ncbi	WP_003093741.1	ARO:3003734	Manual
ncbi	WP_003094842.1	ARO:3004060	Strict
ncbi	WP_003096330.1	ARO:3004247	Manual
ncbi	WP_003097028.1	ARO:3003645	Perfect
ncbi	WP_003097268.1	ARO:3000864	Manual
ncbi	WP_003098126.1	ARO:3005068	Perfect
ncbi	WP_003099707.1	ARO:3001796	Perfect
ncbi	WP_003101289.1	ARO:3002497	Perfect
ncbi	WP_003102062.1	ARO:3000115	Manual
ncbi	WP_003102236.1	ARO:3000822	Manual
ncbi	WP_003105000.1	ARO:3005064	Perfect
ncbi	WP_003107312.1	ARO:3000378	Strict
ncbi	WP_003108247.1	ARO:3002272	Perfect
ncbi	WP_003110141.1	ARO:3006670	Perfect
ncbi	WP_003112187.1	ARO:3006360	Perfect
ncbi	WP_003112576.1	ARO:3003686	Manual
ncbi	WP_003112709.1	ARO:3002679	Perfect
ncbi	WP_003112801.1	ARO:3000801	Strict
ncbi	WP_003112923.1	ARO:3003583	Strict
ncbi	WP_003113011.1	ARO:3002645	Strict
ncbi	WP_003113589.1	ARO:3005067	Perfect
ncbi	WP_003113837.1	ARO:3000818	Strict
ncbi	WP_003114897.1	ARO:3000506	Strict
ncbi	WP_003118203.1	ARO:3002507	Perfect
ncbi	WP_003118452.1	ARO:3005727	Perfect
ncbi	WP_003119095.1	ARO:3002502	Perfect
ncbi	WP_003121934.1	ARO:3002500	Perfect
ncbi	WP_003122322.1	ARO:3006092	Perfect
ncbi	WP_003124046.1	ARO:3008977	Perfect
ncbi	WP_003126775.1	ARO:3002922	Perfect
ncbi	WP_003126777.1	ARO:3002970	Perfect
ncbi	WP_003126779.1	ARO:3002966	Perfect
ncbi	WP_003132309.1	ARO:3002645	Perfect
ncbi	WP_003132320.1	ARO:3005295	Perfect
ncbi	WP_003137570.1	ARO:3006709	Perfect
ncbi	WP_003137572.1	ARO:3007491	Manual
ncbi	WP_003155734.1	ARO:3002529	Strict
ncbi	WP_003159191.1	ARO:3002577	Perfect
ncbi	WP_003159209.1	ARO:3000230	Strict
ncbi	WP_003159545.1	ARO:3002573	Perfect
ncbi	WP_003159548.1	ARO:3002192	Perfect
ncbi	WP_003161096.1	ARO:3006093	Perfect
ncbi	WP_003161965.1	ARO:3003643	Perfect
ncbi	WP_003178584.1	ARO:3007101	Strict
ncbi	WP_003183781.1	ARO:3000495	Strict
ncbi	WP_003229862.1	ARO:3002627	Perfect
ncbi	WP_003234144.1	ARO:3004476	Perfect
ncbi	WP_003235647.1	ARO:3006902	Perfect
ncbi	WP_003242953.1	ARO:3003196	Strict
ncbi	WP_003246254.1	ARO:3004541	Perfect
ncbi	WP_003328240.1	ARO:3004747	Perfect
ncbi	WP_003410677.1	ARO:3007182	Perfect
ncbi	WP_003429305.1	ARO:3003292	Manual
ncbi	WP_003429485.1	ARO:3004995	Manual
ncbi	WP_003434229.1	ARO:3000864	Manual
ncbi	WP_003454242.1	ARO:3006745	Perfect
ncbi	WP_003454325.1	ARO:3002629	Perfect
ncbi	WP_003454408.1	ARO:3000556	Strict
ncbi	WP_003479690.1	ARO:3000180	Strict
ncbi	WP_003505402.1	ARO:3000196	Perfect
ncbi	WP_003635403.1	ARO:3004603	Perfect
ncbi	WP_003651390.1	ARO:3001724	Perfect
ncbi	WP_003657002.1	ARO:3004761	Perfect
ncbi	WP_003665544.1	ARO:3004761	Strict
ncbi	WP_003672618.1	ARO:3000194	Strict
ncbi	WP_003688895.1	ARO:3003292	Manual
ncbi	WP_003690088.1	ARO:3004956	Manual
ncbi	WP_003691666.1	ARO:3000457	Manual
ncbi	WP_003702942.1	ARO:3004873	Manual
ncbi	WP_003725292.1	ARO:3007014	Strict
ncbi	WP_003725293.1	ARO:3007014	Strict
ncbi	WP_003726635.1	ARO:3000198	Perfect
ncbi	WP_003830525.1	ARO:3002036	Perfect
ncbi	WP_003830719.1	ARO:3007014	Strict
ncbi	WP_003881640.1	ARO:3002524	Perfect
ncbi	WP_003896589.1	ARO:3000181	Perfect
ncbi	WP_003899880.1	ARO:3002525	Perfect
ncbi	WP_003900446.1	ARO:3000392	Perfect
ncbi	WP_003970071.1	ARO:3000412	Strict
ncbi	WP_003970239.1	ARO:3002657	Strict
ncbi	WP_003971483.1	ARO:3002690	Perfect
ncbi	WP_003972830.1	ARO:3000462	Perfect
ncbi	WP_003972831.1	ARO:3004652	Perfect
ncbi	WP_004099854.1	ARO:3002399	Perfect
ncbi	WP_004103997.1	ARO:3003292	Manual
ncbi	WP_004105833.1	ARO:3000274	Manual
ncbi	WP_004111091.1	ARO:3002406	Perfect
ncbi	WP_004130122.1	ARO:3002410	Perfect
ncbi	WP_004137840.1	ARO:3002416	Perfect
ncbi	WP_004143591.1	ARO:3005227	Perfect
ncbi	WP_004146118.1	ARO:3004111	Strict
ncbi	WP_004147969.1	ARO:3000835	Manual
ncbi	WP_004149398.1	ARO:3003922	Strict
ncbi	WP_004149399.1	ARO:3003923	Strict
ncbi	WP_004150807.1	ARO:3000834	Manual
ncbi	WP_004152396.1	ARO:3002313	Perfect
ncbi	WP_004174783.1	ARO:3003923	Strict
ncbi	WP_004176269.1	ARO:3001070	Perfect
ncbi	WP_004179754.1	ARO:3001086	Perfect
ncbi	WP_004183952.1	ARO:3001115	Perfect
ncbi	WP_004187529.1	ARO:3003017	Perfect
ncbi	WP_004197546.1	ARO:3004856	Perfect
ncbi	WP_004199234.1	ARO:3002312	Perfect
ncbi	WP_004201164.1	ARO:3000589	Perfect
ncbi	WP_004201167.1	ARO:3001205	Perfect
ncbi	WP_004201260.1	ARO:3002723	Perfect
ncbi	WP_004201280.1	ARO:3002859	Perfect
ncbi	WP_004205995.1	ARO:3002439	Perfect
ncbi	WP_004207704.1	ARO:3006992	Perfect
ncbi	WP_004212918.1	ARO:3003922	Strict
ncbi	WP_004214174.1	ARO:3003209	Strict
ncbi	WP_004217777.1	ARO:3000194	Strict
ncbi	WP_004236386.1	ARO:3002132	Perfect
ncbi	WP_004240455.1	ARO:3002144	Perfect
ncbi	WP_004245621.1	ARO:3000177	Strict
ncbi	WP_004287923.1	ARO:3004795	Perfect
ncbi	WP_004293868.1	ARO:3000191	Strict
ncbi	WP_004295324.1	ARO:3001777	Perfect
ncbi	WP_004339683.1	ARO:3003002	Perfect
ncbi	WP_004348227.1	ARO:3003003	Perfect
ncbi	WP_004356282.1	ARO:3002604	Strict
ncbi	WP_004365741.1	ARO:3006571	Perfect
ncbi	WP_004384957.1	ARO:3006870	Perfect
ncbi	WP_004524931.1	ARO:3001772	Perfect
ncbi	WP_004527513.1	ARO:3003292	Manual
ncbi	WP_004547230.1	ARO:3001771	Perfect
ncbi	WP_004632336.1	ARO:3000186	Strict
ncbi	WP_004641493.1	ARO:3008725	Perfect
ncbi	WP_004643536.1	ARO:3006303	Perfect
ncbi	WP_004647119.1	ARO:3001738	Perfect
ncbi	WP_004650739.1	ARO:3001751	Perfect
ncbi	WP_004652049.1	ARO:3002566	Perfect
ncbi	WP_004657207.1	ARO:3001741	Perfect
ncbi	WP_004670361.1	ARO:3002558	Strict
ncbi	WP_004680079.1	ARO:3004682	Strict
ncbi	WP_004683508.1	ARO:3001734	Perfect
ncbi	WP_004697403.1	ARO:3001736	Perfect
ncbi	WP_004700205.1	ARO:3006308	Perfect
ncbi	WP_004707701.1	ARO:3006306	Perfect
ncbi	WP_004712857.1	ARO:3006296	Perfect
ncbi	WP_004714775.1	ARO:3003847	Perfect
ncbi	WP_004715243.1	ARO:3001716	Perfect
ncbi	WP_004725235.1	ARO:3001730	Perfect
ncbi	WP_004728961.1	ARO:3001737	Perfect
ncbi	WP_004738885.1	ARO:3001672	Perfect
ncbi	WP_004739487.1	ARO:3006428	Perfect
ncbi	WP_004746565.1	ARO:3003848	Perfect
ncbi	WP_004758588.1	ARO:3004091	Perfect
ncbi	WP_004770322.1	ARO:3002561	Strict
ncbi	WP_004773276.1	ARO:3004090	Perfect
ncbi	WP_004776204.1	ARO:3001749	Perfect
ncbi	WP_004790939.1	ARO:3006310	Perfect
ncbi	WP_004792810.1	ARO:3001760	Perfect
ncbi	WP_004801433.1	ARO:3002565	Strict
ncbi	WP_004814035.1	ARO:3001732	Perfect
ncbi	WP_004816501.1	ARO:3001731	Perfect
ncbi	WP_004825629.1	ARO:3001755	Perfect
ncbi	WP_004840559.1	ARO:3006300	Perfect
ncbi	WP_004848499.1	ARO:3008807	Strict
ncbi	WP_004856455.1	ARO:3000566	Perfect
ncbi	WP_004857515.1	ARO:3003209	Strict
ncbi	WP_004861468.1	ARO:3004087	Perfect
ncbi	WP_004862397.1	ARO:3006957	Perfect
ncbi	WP_004867933.1	ARO:3001763	Perfect
ncbi	WP_004874166.1	ARO:3007005	Perfect
ncbi	WP_004878009.1	ARO:3001722	Perfect
ncbi	WP_004886093.1	ARO:3006305	Perfect
ncbi	WP_004890321.1	ARO:3003922	Strict
ncbi	WP_004897444.1	ARO:3001733	Perfect
ncbi	WP_004899982.1	ARO:3003923	Strict
ncbi	WP_004918308.1	ARO:3002523	Perfect
ncbi	WP_004919358.1	ARO:3007483	Perfect
ncbi	WP_004920769.1	ARO:3002685	Perfect
ncbi	WP_004923134.1	ARO:3003854	Perfect
ncbi	WP_004937175.1	ARO:3002549	Strict
ncbi	WP_004977701.1	ARO:3001735	Perfect
ncbi	WP_005001597.1	ARO:3004682	Strict
ncbi	WP_005011312.1	ARO:3001754	Perfect
ncbi	WP_005025422.1	ARO:3001707	Perfect
ncbi	WP_005034514.1	ARO:3001756	Perfect
ncbi	WP_005039111.1	ARO:3006304	Perfect
ncbi	WP_005041180.1	ARO:3001723	Perfect
ncbi	WP_005046018.1	ARO:3006302	Perfect
ncbi	WP_005047495.1	ARO:3001712	Perfect
ncbi	WP_005068074.1	ARO:3006307	Perfect
ncbi	WP_005069609.1	ARO:3001729	Perfect
ncbi	WP_005076320.1	ARO:3001728	Perfect
ncbi	WP_005081764.1	ARO:3002554	Perfect
ncbi	WP_005087154.1	ARO:3001720	Perfect
ncbi	WP_005088661.1	ARO:3001721	Perfect
ncbi	WP_005091054.1	ARO:3007180	Perfect
ncbi	WP_005091170.1	ARO:3002554	Strict
ncbi	WP_005104969.1	ARO:3001695	Perfect
ncbi	WP_005109685.1	ARO:3006298	Perfect
ncbi	WP_005111033.1	ARO:3001717	Perfect
ncbi	WP_005120067.1	ARO:3001648	Perfect
ncbi	WP_005123276.1	ARO:3006299	Perfect
ncbi	WP_005128228.1	ARO:3006329	Perfect
ncbi	WP_005131186.1	ARO:3006301	Perfect
ncbi	WP_005132156.1	ARO:3001718	Perfect
ncbi	WP_005138362.1	ARO:3006328	Perfect
ncbi	WP_005139262.1	ARO:3001645	Perfect
ncbi	WP_005145021.1	ARO:3002567	Strict
ncbi	WP_005164767.1	ARO:3003744	Perfect
ncbi	WP_005165780.1	ARO:3003558	Strict
ncbi	WP_005184197.1	ARO:3002568	Strict
ncbi	WP_005185807.1	ARO:3001746	Perfect
ncbi	WP_005197871.1	ARO:3002558	Strict
ncbi	WP_005201559.1	ARO:3001743	Perfect
ncbi	WP_005202238.1	ARO:3002568	Strict
ncbi	WP_005208202.1	ARO:3002565	Perfect
ncbi	WP_005209448.1	ARO:3001747	Perfect
ncbi	WP_005220450.1	ARO:3001681	Perfect
ncbi	WP_005227858.1	ARO:3001752	Perfect
ncbi	WP_005228837.1	ARO:3002922	Strict
ncbi	WP_005228842.1	ARO:3002966	Strict
ncbi	WP_005228844.1	ARO:3000368	Strict
ncbi	WP_005238189.1	ARO:3001757	Perfect
ncbi	WP_005243483.1	ARO:3002557	Strict
ncbi	WP_005245537.1	ARO:3001739	Perfect
ncbi	WP_005259042.1	ARO:3002561	Strict
ncbi	WP_005260134.1	ARO:3001750	Perfect
ncbi	WP_005268230.1	ARO:3001740	Perfect
ncbi	WP_005269797.1	ARO:3002557	Strict
ncbi	WP_005282462.1	ARO:3001753	Perfect
ncbi	WP_005288246.1	ARO:3002561	Strict
ncbi	WP_005296085.1	ARO:3002567	Perfect
ncbi	WP_005297378.1	ARO:3002703	Perfect
ncbi	WP_005297518.1	ARO:3001761	Perfect
ncbi	WP_005304617.1	ARO:3001759	Perfect
ncbi	WP_005307218.1	ARO:3006309	Perfect
ncbi	WP_005317413.1	ARO:3001758	Perfect
ncbi	WP_005375420.1	ARO:3005576	Perfect
ncbi	WP_005391263.1	ARO:3007836	Perfect
ncbi	WP_005404206.1	ARO:3006012	Perfect
ncbi	WP_005405099.1	ARO:3008743	Perfect
ncbi	WP_005405613.1	ARO:3006013	Perfect
ncbi	WP_005410660.1	ARO:3002570	Perfect
ncbi	WP_005414154.1	ARO:3002570	Strict
ncbi	WP_005418370.1	ARO:3003199	Strict
ncbi	WP_005459715.1	ARO:3003174	Perfect
ncbi	WP_005475717.1	ARO:3007371	Strict
ncbi	WP_005479236.1	ARO:3003151	Perfect
ncbi	WP_005480402.1	ARO:3000481	Strict
ncbi	WP_005482017.1	ARO:3000274	Manual
ncbi	WP_005498292.1	ARO:3005566	Perfect
ncbi	WP_005592781.1	ARO:3002870	Manual
ncbi	WP_005618523.1	ARO:3002995	Perfect
ncbi	WP_005780969.1	ARO:3006908	Perfect
ncbi	WP_005795628.1	ARO:3003559	Perfect
ncbi	WP_005808062.1	ARO:3000578	Perfect
ncbi	WP_005812773.1	ARO:3007107	Perfect
ncbi	WP_005812825.1	ARO:3007112	Perfect
ncbi	WP_005813024.1	ARO:3003724	Perfect
ncbi	WP_005816369.1	ARO:3003559	Strict
ncbi	WP_005821510.1	ARO:3006919	Perfect
ncbi	WP_005826111.1	ARO:3002685	Strict
ncbi	WP_005827792.1	ARO:3002999	Perfect
ncbi	WP_005880220.1	ARO:3002590	Perfect
ncbi	WP_006178946.1	ARO:3007921	Strict
ncbi	WP_006248867.1	ARO:3000175	Perfect
ncbi	WP_006259855.1	ARO:3000843	Perfect
ncbi	WP_006285581.1	ARO:3002925	Perfect
ncbi	WP_006285582.1	ARO:3002936	Perfect
ncbi	WP_006285584.1	ARO:3002958	Perfect
ncbi	WP_006285585.1	ARO:3002963	Perfect
ncbi	WP_006285586.1	ARO:3002945	Perfect
ncbi	WP_006285587.1	ARO:3002908	Perfect
ncbi	WP_006285588.1	ARO:3002952	Perfect
ncbi	WP_006286297.1	ARO:3002683	Strict
ncbi	WP_006384924.1	ARO:3005702	Perfect
ncbi	WP_006391197.1	ARO:3001610	Perfect
ncbi	WP_006555379.1	ARO:3004359	Perfect
ncbi	WP_006684339.1	ARO:3002754	Perfect
ncbi	WP_006744283.1	ARO:3000197	Perfect
ncbi	WP_006745469.1	ARO:3000604	Perfect
ncbi	WP_006764872.1	ARO:3003292	Manual
ncbi	WP_007286427.1	ARO:3000593	Perfect
ncbi	WP_007410443.1	ARO:3000250	Strict
ncbi	WP_007683232.1	ARO:3007846	Perfect
ncbi	WP_007688792.1	ARO:3006989	Perfect
ncbi	WP_007708339.1	ARO:3006991	Perfect
ncbi	WP_007879679.1	ARO:3006105	Perfect
ncbi	WP_007888761.1	ARO:3006869	Perfect
ncbi	WP_007929940.1	ARO:3000410	Strict
ncbi	WP_008265821.1	ARO:3002556	Perfect
ncbi	WP_008321445.1	ARO:3002078	Perfect
ncbi	WP_008377360.1	ARO:3002966	Strict
ncbi	WP_008502936.1	ARO:3008376	Perfect
ncbi	WP_008651082.1	ARO:3000205	Strict
ncbi	WP_008659027.1	ARO:3006226	Perfect
ncbi	WP_008804981.1	ARO:3006932	Perfect
ncbi	WP_008815550.1	ARO:3006231	Perfect
ncbi	WP_008940904.1	ARO:3002554	Strict
ncbi	WP_008942158.1	ARO:3001713	Perfect
ncbi	WP_009085188.1	ARO:3008084	Perfect
ncbi	WP_009089555.1	ARO:3005669	Perfect
ncbi	WP_009247026.1	ARO:3000567	Strict
ncbi	WP_009305318.1	ARO:3000194	Strict
ncbi	WP_009313329.1	ARO:3006495	Perfect
ncbi	WP_009388658.1	ARO:3008605	Perfect
ncbi	WP_009389984.1	ARO:3008011	Perfect
ncbi	WP_009486251.1	ARO:3004111	Strict
ncbi	WP_009510932.1	ARO:3002561	Strict
ncbi	WP_009652647.1	ARO:3002412	Perfect
ncbi	WP_009821475.1	ARO:3006987	Perfect
ncbi	WP_009901927.1	ARO:3006904	Perfect
ncbi	WP_009950391.1	ARO:3000326	Perfect
ncbi	WP_010337133.1	ARO:3006993	Perfect
ncbi	WP_010431379.1	ARO:3004636	Strict
ncbi	WP_010445819.1	ARO:3003316	Strict
ncbi	WP_010446567.1	ARO:3000166	Strict
ncbi	WP_010635894.1	ARO:3002680	Strict
ncbi	WP_010672256.1	ARO:3008578	Perfect
ncbi	WP_010673861.1	ARO:3002190	Perfect
ncbi	WP_010708502.1	ARO:3004629	Perfect
ncbi	WP_010720790.1	ARO:3002589	Perfect
ncbi	WP_010723742.1	ARO:3002556	Strict
ncbi	WP_010727362.1	ARO:3002556	Strict
ncbi	WP_010728104.1	ARO:3002556	Strict
ncbi	WP_010730188.1	ARO:3003836	Strict
ncbi	WP_010737153.1	ARO:3002589	Strict
ncbi	WP_010749757.1	ARO:3002966	Strict
ncbi	WP_010750427.1	ARO:3002589	Strict
ncbi	WP_010792467.1	ARO:3002530	Strict
ncbi	WP_010793618.1	ARO:3006040	Perfect
ncbi	WP_010794258.1	ARO:3002607	Strict
ncbi	WP_010794532.1	ARO:3002639	Perfect
ncbi	WP_010798607.1	ARO:3006943	Perfect
ncbi	WP_010815683.1	ARO:3002964	Strict
ncbi	WP_010889933.1	ARO:3000250	Perfect
ncbi	WP_010890144.1	ARO:3003022	Perfect
ncbi	WP_010890145.1	ARO:3005009	Strict
ncbi	WP_010890156.1	ARO:3002639	Strict
ncbi	WP_010890206.1	ARO:3000412	Strict
ncbi	WP_010890215.1	ARO:3002703	Strict
ncbi	WP_010891057.1	ARO:3000167	Strict
ncbi	WP_010891086.1	ARO:3002898	Perfect
ncbi	WP_010891090.1	ARO:3002641	Strict
ncbi	WP_010891112.1	ARO:3004457	Strict
ncbi	WP_010895622.1	ARO:3000814	Strict
ncbi	WP_010896559.1	ARO:3004643	Perfect
ncbi	WP_010908954.1	ARO:3002527	Perfect
ncbi	WP_010926363.1	ARO:3008082	Perfect
ncbi	WP_010956585.1	ARO:3000864	Manual
ncbi	WP_010973639.1	ARO:3000561	Perfect
ncbi	WP_010974114.1	ARO:3004451	Perfect
ncbi	WP_010981361.1	ARO:3000167	Strict
ncbi	WP_010982315.1	ARO:3000249	Manual
ncbi	WP_010989615.1	ARO:3004651	Perfect
ncbi	WP_010989789.1	ARO:3000198	Strict
ncbi	WP_010991840.1	ARO:3000478	Perfect
ncbi	WP_010991842.1	ARO:3002609	Strict
ncbi	WP_010992371.1	ARO:3006225	Strict
ncbi	WP_011011113.1	ARO:3000412	Strict
ncbi	WP_011013281.1	ARO:3004239	Perfect
ncbi	WP_011017740.1	ARO:3003387	Manual
ncbi	WP_011018369.1	ARO:3000375	Strict
ncbi	WP_011029107.1	ARO:3002914	Perfect
ncbi	WP_011029109.1	ARO:3002948	Strict
ncbi	WP_011029110.1	ARO:3003723	Strict
ncbi	WP_011029111.1	ARO:3003725	Strict
ncbi	WP_011039766.1	ARO:3002641	Strict
ncbi	WP_011053164.1	ARO:3000090	Perfect
ncbi	WP_011071128.1	ARO:3001812	Perfect
ncbi	WP_011076165.1	ARO:3000167	Strict
ncbi	WP_011078689.1	ARO:3000274	Manual
ncbi	WP_011088970.1	ARO:3000856	Perfect
ncbi	WP_011091028.1	ARO:3001866	Perfect
ncbi	WP_011094382.1	ARO:3006903	Perfect
ncbi	WP_011100750.1	ARO:3007014	Perfect
ncbi	WP_011100845.1	ARO:3000595	Strict
ncbi	WP_011113045.1	ARO:3002675	Perfect
ncbi	WP_011113049.1	ARO:3002619	Strict
ncbi	WP_011113071.1	ARO:3002703	Strict
ncbi	WP_011116967.1	ARO:3000596	Strict
ncbi	WP_011116969.1	ARO:3004639	Perfect
ncbi	WP_011116970.1	ARO:3000166	Manual
ncbi	WP_011117014.1	ARO:3000186	Strict
ncbi	WP_011117197.1	ARO:3000595	Strict
ncbi	WP_011117369.1	ARO:3001064	Perfect
ncbi	WP_011117480.1	ARO:3000596	Strict
ncbi	WP_011117618.1	ARO:3001880	Perfect
ncbi	WP_011133547.1	ARO:3003111	Perfect
ncbi	WP_011133550.1	ARO:3000599	Perfect
ncbi	WP_011152925.1	ARO:3000596	Strict
ncbi	WP_011152976.1	ARO:3002683	Strict
ncbi	WP_011161217.1	ARO:3002660	Strict
ncbi	WP_011187228.1	ARO:3000190	Strict
ncbi	WP_011205810.1	ARO:3002642	Strict
ncbi	WP_011210071.1	ARO:3007210	Perfect
ncbi	WP_011222052.1	ARO:3003203	Perfect
ncbi	WP_011222095.1	ARO:3002603	Strict
ncbi	WP_011245929.1	ARO:3002816	Perfect
ncbi	WP_011264082.1	ARO:3002614	Perfect
ncbi	WP_011266118.1	ARO:3002705	Strict
ncbi	WP_011270126.1	ARO:3000412	Strict
ncbi	WP_011270145.1	ARO:3000412	Strict
ncbi	WP_011276918.1	ARO:3004670	Perfect
ncbi	WP_011276921.1	ARO:3000250	Strict
ncbi	WP_011282421.1	ARO:3000250	Strict
ncbi	WP_011303797.1	ARO:3003731	Perfect
ncbi	WP_011339581.1	ARO:3004291	Perfect
ncbi	WP_011342944.1	ARO:3007015	Strict
ncbi	WP_011342946.1	ARO:3002605	Strict
ncbi	WP_011382144.1	ARO:3000250	Strict
ncbi	WP_011428879.1	ARO:3002835	Strict
ncbi	WP_011453052.1	ARO:3000412	Strict
ncbi	WP_011453054.1	ARO:3002705	Strict
ncbi	WP_011461303.1	ARO:3003728	Perfect
ncbi	WP_011461306.1	ARO:3003727	Perfect
ncbi	WP_011495276.1	ARO:3007017	Perfect
ncbi	WP_011497575.1	ARO:3006994	Perfect
ncbi	WP_011526261.1	ARO:3004442	Strict
ncbi	WP_011550565.1	ARO:3006955	Perfect
ncbi	WP_011600630.1	ARO:3002608	Strict
ncbi	WP_011638903.1	ARO:3004695	Perfect
ncbi	WP_011645010.1	ARO:3002835	Strict
ncbi	WP_011645013.1	ARO:3002835	Strict
ncbi	WP_011645015.1	ARO:3002835	Strict
ncbi	WP_011645017.1	ARO:3000874	Perfect
ncbi	WP_011645018.1	ARO:3000165	Strict
ncbi	WP_011707905.1	ARO:3008720	Perfect
ncbi	WP_011726942.1	ARO:3002526	Perfect
ncbi	WP_011728509.1	ARO:3005111	Perfect
ncbi	WP_011751353.1	ARO:3002684	Strict
ncbi	WP_011816299.1	ARO:3003558	Strict
ncbi	WP_011860841.1	ARO:3000186	Strict
ncbi	WP_011861426.1	ARO:3000375	Strict
ncbi	WP_011861625.1	ARO:3004560	Manual
ncbi	WP_011872849.1	ARO:3004645	Perfect
ncbi	WP_011899270.1	ARO:3000173	Strict
ncbi	WP_011906899.1	ARO:3000249	Manual
ncbi	WP_011931116.1	ARO:3002705	Strict
ncbi	WP_011931119.1	ARO:3000182	Perfect
ncbi	WP_011987126.1	ARO:3004146	Perfect
ncbi	WP_011997479.1	ARO:3002277	Perfect
ncbi	WP_012025466.1	ARO:3000840	Perfect
ncbi	WP_012045014.1	ARO:3008509	Perfect
ncbi	WP_012074328.1	ARO:3006699	Perfect
ncbi	WP_012116915.1	ARO:3002814	Perfect
ncbi	WP_012145975.1	ARO:3006996	Perfect
ncbi	WP_012209823.1	ARO:3000175	Strict
ncbi	WP_012216561.1	ARO:3008997	Perfect
ncbi	WP_012218461.1	ARO:3000179	Strict
ncbi	WP_012261328.1	ARO:3002878	Strict
ncbi	WP_012262157.1	ARO:3002042	Perfect
ncbi	WP_012262164.1	ARO:3002047	Perfect
ncbi	WP_012263521.1	ARO:3000521	Perfect
ncbi	WP_012290101.1	ARO:3003196	Strict
ncbi	WP_012300772.1	ARO:3002695	Perfect
ncbi	WP_012312004.1	ARO:3000410	Strict
ncbi	WP_012372818.1	ARO:3000860	Perfect
ncbi	WP_012372821.1	ARO:3004103	Strict
ncbi	WP_012377648.1	ARO:3002638	Strict
ncbi	WP_012377682.1	ARO:3002544	Perfect
ncbi	WP_012406403.1	ARO:3002671	Strict
ncbi	WP_012414180.1	ARO:3002613	Strict
ncbi	WP_012477380.1	ARO:3002019	Perfect
ncbi	WP_012477387.1	ARO:3002675	Strict
ncbi	WP_012477450.1	ARO:3003196	Strict
ncbi	WP_012477587.1	ARO:3001060	Perfect
ncbi	WP_012477595.1	ARO:3004826	Perfect
ncbi	WP_012477822.1	ARO:3002641	Strict
ncbi	WP_012477888.1	ARO:3004656	Perfect
ncbi	WP_012478244.1	ARO:3000180	Perfect
ncbi	WP_012478245.1	ARO:3000195	Perfect
ncbi	WP_012481011.1	ARO:3002570	Strict
ncbi	WP_012537714.1	ARO:3002791	Perfect
ncbi	WP_012541790.1	ARO:3006933	Perfect
ncbi	WP_012550237.1	ARO:3004668	Perfect
ncbi	WP_012561099.1	ARO:3002705	Strict
ncbi	WP_012579062.1	ARO:3001915	Perfect
ncbi	WP_012579082.1	ARO:3001886	Perfect
ncbi	WP_012579083.1	ARO:3003209	Perfect
ncbi	WP_012579084.1	ARO:3002707	Perfect
ncbi	WP_012579085.1	ARO:3000165	Strict
ncbi	WP_012579101.1	ARO:3002932	Strict
ncbi	WP_012579102.1	ARO:3002950	Strict
ncbi	WP_012634451.1	ARO:3002788	Perfect
ncbi	WP_012655867.1	ARO:3003440	Perfect
ncbi	WP_012655884.1	ARO:3002597	Strict
ncbi	WP_012658785.1	ARO:3002334	Perfect
ncbi	WP_012662081.1	ARO:3005726	Perfect
ncbi	WP_012669445.1	ARO:3000190	Strict
ncbi	WP_012695457.1	ARO:3002199	Perfect
ncbi	WP_012695458.1	ARO:3002579	Strict
ncbi	WP_012695470.1	ARO:3002641	Strict
ncbi	WP_012695484.1	ARO:3002596	Perfect
ncbi	WP_012695485.1	ARO:3005085	Perfect
ncbi	WP_012695489.1	ARO:3002735	Strict
ncbi	WP_012698469.1	ARO:3008372	Perfect
ncbi	WP_012704143.1	ARO:3004764	Perfect
ncbi	WP_012754353.1	ARO:3001419	Perfect
ncbi	WP_012774820.1	ARO:3008193	Perfect
ncbi	WP_012775603.1	ARO:3000190	Strict
ncbi	WP_012779617.1	ARO:3002869	Strict
ncbi	WP_012779620.1	ARO:3002831	Perfect
ncbi	WP_012881330.1	ARO:3000166	Strict
ncbi	WP_012954666.1	ARO:3002734	Perfect
ncbi	WP_012967412.1	ARO:3003923	Strict
ncbi	WP_012968280.1	ARO:3002463	Perfect
ncbi	WP_013095270.1	ARO:3006856	Perfect
ncbi	WP_013097903.1	ARO:3000829	Strict
ncbi	WP_013098009.1	ARO:3003292	Manual
ncbi	WP_013098723.1	ARO:3000274	Manual
ncbi	WP_013136949.1	ARO:3002545	Perfect
ncbi	WP_013188473.1	ARO:3001864	Perfect
ncbi	WP_013188475.1	ARO:3001926	Perfect
ncbi	WP_013197184.1	ARO:3006362	Perfect
ncbi	WP_013244277.1	ARO:3001765	Perfect
ncbi	WP_013250881.1	ARO:3002330	Perfect
ncbi	WP_013250882.1	ARO:3002580	Strict
ncbi	WP_013255389.1	ARO:3006997	Perfect
ncbi	WP_013263788.1	ARO:3004635	Perfect
ncbi	WP_013263789.1	ARO:3002271	Perfect
ncbi	WP_013279314.1	ARO:3000903	Perfect
ncbi	WP_013578129.1	ARO:3009036	Perfect
ncbi	WP_013646121.1	ARO:3007122	Strict
ncbi	WP_013846594.1	ARO:3006990	Perfect
ncbi	WP_013981172.1	ARO:3001826	Perfect
ncbi	WP_013992183.1	ARO:3007006	Perfect
ncbi	WP_014053563.1	ARO:3001809	Perfect
ncbi	WP_014078528.1	ARO:3000194	Strict
ncbi	WP_014158490.1	ARO:3000250	Strict
ncbi	WP_014206564.1	ARO:3005862	Perfect
ncbi	WP_014207272.1	ARO:3006323	Perfect
ncbi	WP_014208115.1	ARO:3004089	Strict
ncbi	WP_014228247.1	ARO:3002389	Perfect
ncbi	WP_014325825.1	ARO:3003106	Perfect
ncbi	WP_014325834.1	ARO:3003197	Perfect
ncbi	WP_014325835.1	ARO:3003741	Strict
ncbi	WP_014343560.1	ARO:3002795	Perfect
ncbi	WP_014386387.1	ARO:3002027	Perfect
ncbi	WP_014386410.1	ARO:3002652	Strict
ncbi	WP_014386424.1	ARO:3002705	Strict
ncbi	WP_014386432.1	ARO:3001416	Perfect
ncbi	WP_014386481.1	ARO:3002714	Perfect
ncbi	WP_014386803.1	ARO:3003742	Perfect
ncbi	WP_014386804.1	ARO:3003745	Perfect
ncbi	WP_014386813.1	ARO:3000186	Strict
ncbi	WP_014386815.1	ARO:3000166	Strict
ncbi	WP_014387027.1	ARO:3000522	Strict
ncbi	WP_014387148.1	ARO:3000013	Strict
ncbi	WP_014454104.1	ARO:3001502	Perfect
ncbi	WP_014454105.1	ARO:3003676	Perfect
ncbi	WP_014603442.1	ARO:3006043	Perfect
ncbi	WP_014636291.1	ARO:3000190	Strict
ncbi	WP_014714131.1	ARO:3007370	Perfect
ncbi	WP_014839980.1	ARO:3002872	Perfect
ncbi	WP_014845076.1	ARO:3001424	Perfect
ncbi	WP_014882211.1	ARO:3006247	Perfect
ncbi	WP_014906821.1	ARO:3003578	Strict
ncbi	WP_014932145.1	ARO:3001767	Perfect
ncbi	WP_014936873.1	ARO:3008517	Perfect
ncbi	WP_015031687.1	ARO:3007209	Perfect
ncbi	WP_015056382.1	ARO:3002015	Perfect
ncbi	WP_015058212.1	ARO:3002017	Perfect
ncbi	WP_015058260.1	ARO:3004624	Perfect
ncbi	WP_015058867.1	ARO:3001037	Perfect
ncbi	WP_015058868.1	ARO:3000999	Perfect
ncbi	WP_015058977.1	ARO:3000921	Perfect
ncbi	WP_015059026.1	ARO:3001965	Perfect
ncbi	WP_015059044.1	ARO:3002587	Perfect
ncbi	WP_015059045.1	ARO:3002348	Perfect
ncbi	WP_015059046.1	ARO:3002349	Perfect
ncbi	WP_015059047.1	ARO:3005098	Strict
ncbi	WP_015059331.1	ARO:3002016	Perfect
ncbi	WP_015059965.1	ARO:3003918	Strict
ncbi	WP_015059985.1	ARO:3002826	Strict
ncbi	WP_015059991.1	ARO:3001782	Perfect
ncbi	WP_015060052.1	ARO:3001784	Perfect
ncbi	WP_015060105.1	ARO:3002195	Perfect
ncbi	WP_015060203.1	ARO:3000412	Strict
ncbi	WP_015060228.1	ARO:3003021	Perfect
ncbi	WP_015060297.1	ARO:3004621	Strict
ncbi	WP_015060376.1	ARO:3003196	Strict
ncbi	WP_015060600.1	ARO:3000205	Strict
ncbi	WP_015060700.1	ARO:3004751	Perfect
ncbi	WP_015060824.1	ARO:3005098	Perfect
ncbi	WP_015060917.1	ARO:3004719	Strict
ncbi	WP_015062847.1	ARO:3002314	Perfect
ncbi	WP_015063357.1	ARO:3007015	Strict
ncbi	WP_015083750.1	ARO:3006912	Perfect
ncbi	WP_015243636.1	ARO:3005098	Strict
ncbi	WP_015256839.1	ARO:3002315	Perfect
ncbi	WP_015266427.1	ARO:3006883	Perfect
ncbi	WP_015345217.1	ARO:3000605	Perfect
ncbi	WP_015345560.1	ARO:3004608	Perfect
ncbi	WP_015365452.1	ARO:3000894	Perfect
ncbi	WP_015379140.1	ARO:3002549	Strict
ncbi	WP_015379489.1	ARO:3000904	Perfect
ncbi	WP_015387340.1	ARO:3001917	Perfect
ncbi	WP_015431537.1	ARO:3005072	Perfect
ncbi	WP_015572455.1	ARO:3006238	Perfect
ncbi	WP_015573055.1	ARO:3000567	Strict
ncbi	WP_015573056.1	ARO:3007119	Perfect
ncbi	WP_015585966.1	ARO:3002704	Perfect
ncbi	WP_015588753.1	ARO:3000845	Perfect
ncbi	WP_015589625.1	ARO:3002255	Perfect
ncbi	WP_015589629.1	ARO:3000175	Strict
ncbi	WP_015632396.1	ARO:3002666	Perfect
ncbi	WP_015649877.1	ARO:3001581	Perfect
ncbi	WP_015684602.1	ARO:3000856	Strict
ncbi	WP_015735625.1	ARO:3003907	Perfect
ncbi	WP_015740450.1	ARO:3007015	Perfect
ncbi	WP_015741374.1	ARO:3007371	Strict
ncbi	WP_015776248.1	ARO:3004539	Perfect
ncbi	WP_015818996.1	ARO:3007002	Perfect
ncbi	WP_015860243.1	ARO:3007370	Strict
ncbi	WP_015892743.1	ARO:3002815	Perfect
ncbi	WP_015943580.1	ARO:3003725	Perfect
ncbi	WP_015943583.1	ARO:3003723	Strict
ncbi	WP_016078774.1	ARO:3003767	Strict
ncbi	WP_016137488.1	ARO:3006311	Perfect
ncbi	WP_016138346.1	ARO:3001725	Perfect
ncbi	WP_016140427.1	ARO:3006312	Perfect
ncbi	WP_016141238.1	ARO:3001726	Perfect
ncbi	WP_016145058.1	ARO:3001727	Perfect
ncbi	WP_016146025.1	ARO:3006313	Perfect
ncbi	WP_016155498.1	ARO:3002113	Perfect
ncbi	WP_016160983.1	ARO:3006934	Perfect
ncbi	WP_016162389.1	ARO:3005329	Perfect
ncbi	WP_016162901.1	ARO:3002562	Strict
ncbi	WP_016177698.1	ARO:3002590	Strict
ncbi	WP_016252988.1	ARO:3006658	Perfect
ncbi	WP_016263090.1	ARO:3006579	Perfect
ncbi	WP_016295750.1	ARO:3002923	Strict
ncbi	WP_016331865.1	ARO:3002913	Strict
ncbi	WP_016331866.1	ARO:3003725	Strict
ncbi	WP_016439437.1	ARO:3002635	Strict
ncbi	WP_016532398.1	ARO:3004446	Strict
ncbi	WP_016541245.1	ARO:3002555	Perfect
ncbi	WP_016562272.1	ARO:3006680	Perfect
ncbi	WP_016575755.1	ARO:3002563	Perfect
ncbi	WP_016628216.1	ARO:3002556	Strict
ncbi	WP_016651348.1	ARO:3005881	Perfect
ncbi	WP_016651650.1	ARO:3002557	Perfect
ncbi	WP_016656536.1	ARO:3004086	Perfect
ncbi	WP_016657654.1	ARO:3004478	Perfect
ncbi	WP_016685888.1	ARO:3005922	Perfect
ncbi	WP_016804156.1	ARO:3008060	Perfect
ncbi	WP_016809943.1	ARO:3002159	Perfect
ncbi	WP_016852290.1	ARO:3001582	Perfect
ncbi	WP_016922374.1	ARO:3002873	Perfect
ncbi	WP_016930164.1	ARO:3002549	Strict
ncbi	WP_016947602.1	ARO:3003923	Strict
ncbi	WP_017002439.1	ARO:3008449	Perfect
ncbi	WP_017146441.1	ARO:3002402	Perfect
ncbi	WP_017383966.1	ARO:3001847	Perfect
ncbi	WP_017386568.1	ARO:3006324	Perfect
ncbi	WP_017386798.1	ARO:3003117	Perfect
ncbi	WP_017395772.1	ARO:3002554	Strict
ncbi	WP_017480710.1	ARO:3006439	Perfect
ncbi	WP_017694683.1	ARO:3001838	Perfect
ncbi	WP_017725267.1	ARO:3003852	Perfect
ncbi	WP_017778762.1	ARO:3007253	Perfect
ncbi	WP_017816757.1	ARO:3006294	Perfect
ncbi	WP_017816859.1	ARO:3001649	Perfect
ncbi	WP_017821520.1	ARO:3007803	Perfect
ncbi	WP_017822040.1	ARO:3002799	Strict
ncbi	WP_017900346.1	ARO:3002441	Perfect
ncbi	WP_017900990.1	ARO:3002718	Perfect
ncbi	WP_017901052.1	ARO:3000846	Perfect
ncbi	WP_018211347.1	ARO:3003723	Strict
ncbi	WP_018374806.1	ARO:3000616	Strict
ncbi	WP_018659526.1	ARO:3002636	Perfect
ncbi	WP_019050927.1	ARO:3005671	Perfect
ncbi	WP_019051344.1	ARO:3005532	Perfect
ncbi	WP_019083125.1	ARO:3003558	Perfect
ncbi	WP_019167736.1	ARO:3003296	Manual
ncbi	WP_019396295.1	ARO:3008447	Perfect
ncbi	WP_019407932.1	ARO:3004675	Perfect
ncbi	WP_019453091.1	ARO:3002549	Strict
ncbi	WP_019485147.1	ARO:3006041	Perfect
ncbi	WP_019485213.1	ARO:3006538	Perfect
ncbi	WP_019655053.1	ARO:3002594	Strict
ncbi	WP_019704817.1	ARO:3003923	Strict
ncbi	WP_019726361.1	ARO:3002667	Perfect
ncbi	WP_019727244.1	ARO:3000410	Strict
ncbi	WP_019728092.1	ARO:3004626	Perfect
ncbi	WP_020316986.1	ARO:3001066	Perfect
ncbi	WP_020442395.1	ARO:3002712	Perfect
ncbi	WP_020803043.1	ARO:3002317	Perfect
ncbi	WP_020835015.1	ARO:3003150	Perfect
ncbi	WP_020836977.1	ARO:3003608	Perfect
ncbi	WP_020848173.1	ARO:3005725	Perfect
ncbi	WP_020924773.1	ARO:3006897	Perfect
ncbi	WP_020956917.1	ARO:3002372	Perfect
ncbi	WP_020996270.1	ARO:3002024	Perfect
ncbi	WP_021018581.1	ARO:3002680	Strict
ncbi	WP_021018609.1	ARO:3002200	Perfect
ncbi	WP_021034342.1	ARO:3002669	Perfect
ncbi	WP_021038045.1	ARO:3002705	Strict
ncbi	WP_021139936.1	ARO:3008733	Perfect
ncbi	WP_021240723.1	ARO:3008374	Perfect
ncbi	WP_021263608.1	ARO:3003071	Perfect
ncbi	WP_021285909.1	ARO:3002631	Perfect
ncbi	WP_021312368.1	ARO:3003923	Strict
ncbi	WP_021348010.1	ARO:3005530	Perfect
ncbi	WP_021361759.1	ARO:3006905	Perfect
ncbi	WP_021401024.1	ARO:3002637	Perfect
ncbi	WP_021418922.1	ARO:3002972	Perfect
ncbi	WP_021418924.1	ARO:3002909	Perfect
ncbi	WP_021418926.1	ARO:3002959	Perfect
ncbi	WP_021418927.1	ARO:3002937	Perfect
ncbi	WP_021418928.1	ARO:3002926	Perfect
ncbi	WP_021418929.1	ARO:3004253	Perfect
ncbi	WP_021419095.1	ARO:3002965	Perfect
ncbi	WP_021424053.1	ARO:3004191	Perfect
ncbi	WP_021440083.1	ARO:3003154	Perfect
ncbi	WP_021459345.1	ARO:3004735	Perfect
ncbi	WP_021505085.1	ARO:3002549	Strict
ncbi	WP_021511005.1	ARO:3006418	Perfect
ncbi	WP_021526512.1	ARO:3000910	Perfect
ncbi	WP_021529707.1	ARO:3002859	Strict
ncbi	WP_021529708.1	ARO:3002622	Perfect
ncbi	WP_021561477.1	ARO:3000900	Perfect
ncbi	WP_021566672.1	ARO:3002826	Perfect
ncbi	WP_021586183.1	ARO:3007515	Perfect
ncbi	WP_021588763.1	ARO:3007111	Perfect
ncbi	WP_021598056.1	ARO:3001007	Perfect
ncbi	WP_021806421.1	ARO:3008174	Perfect
ncbi	WP_022065596.1	ARO:3002460	Perfect
ncbi	WP_022071788.1	ARO:3004601	Perfect
ncbi	WP_022542381.1	ARO:3002528	Strict
ncbi	WP_022542384.1	ARO:3001887	Perfect
ncbi	WP_022575343.1	ARO:3006425	Perfect
ncbi	WP_022580963.1	ARO:3006750	Perfect
ncbi	WP_022631162.1	ARO:3003676	Strict
ncbi	WP_022631510.1	ARO:3002546	Perfect
ncbi	WP_022646807.1	ARO:3001844	Perfect
ncbi	WP_022675713.1	ARO:3002606	Perfect
ncbi	WP_023042299.1	ARO:3002944	Strict
ncbi	WP_023042300.1	ARO:3000005	Strict
ncbi	WP_023042613.1	ARO:3002923	Strict
ncbi	WP_023042861.1	ARO:3003070	Strict
ncbi	WP_023043158.1	ARO:3003070	Perfect
ncbi	WP_023043159.1	ARO:3000005	Perfect
ncbi	WP_023043160.1	ARO:3002944	Strict
ncbi	WP_023043165.1	ARO:3002923	Perfect
ncbi	WP_023085632.1	ARO:3006497	Perfect
ncbi	WP_023089477.1	ARO:3006496	Perfect
ncbi	WP_023091031.1	ARO:3006759	Perfect
ncbi	WP_023092413.1	ARO:3006740	Perfect
ncbi	WP_023096365.1	ARO:3008456	Perfect
ncbi	WP_023097100.1	ARO:3008451	Perfect
ncbi	WP_023100808.1	ARO:3006729	Perfect
ncbi	WP_023107469.1	ARO:3008453	Perfect
ncbi	WP_023108311.1	ARO:3006599	Perfect
ncbi	WP_023109643.1	ARO:3006498	Perfect
ncbi	WP_023114693.1	ARO:3006527	Perfect
ncbi	WP_023115067.1	ARO:3006618	Perfect
ncbi	WP_023118898.1	ARO:3006800	Perfect
ncbi	WP_023122435.1	ARO:3008545	Perfect
ncbi	WP_023130930.1	ARO:3002505	Perfect
ncbi	WP_023132404.1	ARO:3006101	Perfect
ncbi	WP_023158217.1	ARO:3001130	Perfect
ncbi	WP_023216493.1	ARO:3004113	Strict
ncbi	WP_023231494.1	ARO:3004113	Strict
ncbi	WP_023271137.1	ARO:3005327	Perfect
ncbi	WP_023280043.1	ARO:3001084	Perfect
ncbi	WP_023281079.1	ARO:3008202	Perfect
ncbi	WP_023282555.1	ARO:3001085	Perfect
ncbi	WP_023289605.1	ARO:3006141	Perfect
ncbi	WP_023293464.1	ARO:3002181	Perfect
ncbi	WP_023295792.1	ARO:3001837	Perfect
ncbi	WP_023297577.1	ARO:3002464	Perfect
ncbi	WP_023305291.1	ARO:3007962	Perfect
ncbi	WP_023310120.1	ARO:3001822	Perfect
ncbi	WP_023312417.1	ARO:3000829	Strict
ncbi	WP_023315250.1	ARO:3007922	Strict
ncbi	WP_023316270.1	ARO:3001129	Perfect
ncbi	WP_023316831.1	ARO:3001134	Perfect
ncbi	WP_023318187.1	ARO:3006145	Perfect
ncbi	WP_023320486.1	ARO:3008789	Strict
ncbi	WP_023323140.1	ARO:3003923	Strict
ncbi	WP_023325206.1	ARO:3001091	Perfect
ncbi	WP_023326542.1	ARO:3002176	Perfect
ncbi	WP_023329386.1	ARO:3002397	Perfect
ncbi	WP_023331841.1	ARO:3001848	Perfect
ncbi	WP_023332837.1	ARO:3007137	Perfect
ncbi	WP_023340103.1	ARO:3002455	Perfect
ncbi	WP_023341517.1	ARO:3005230	Perfect
ncbi	WP_023342632.1	ARO:3003923	Strict
ncbi	WP_023345296.1	ARO:3003173	Perfect
ncbi	WP_023408309.1	ARO:3000467	Perfect
ncbi	WP_023434793.1	ARO:3002666	Strict
ncbi	WP_023442721.1	ARO:3002287	Perfect
ncbi	WP_023622803.1	ARO:3002594	Perfect
ncbi	WP_023624728.1	ARO:3002254	Perfect
ncbi	WP_023857755.1	ARO:3007101	Strict
ncbi	WP_023874922.1	ARO:3005292	Perfect
ncbi	WP_023913271.1	ARO:3006851	Perfect
ncbi	WP_024052575.1	ARO:3000186	Strict
ncbi	WP_024069684.1	ARO:3005706	Perfect
ncbi	WP_024127776.1	ARO:3004542	Perfect
ncbi	WP_024131607.1	ARO:3002619	Strict
ncbi	WP_024160783.1	ARO:3004719	Perfect
ncbi	WP_024160909.1	ARO:3002699	Perfect
ncbi	WP_024167031.1	ARO:3004498	Strict
ncbi	WP_024198294.1	ARO:3002619	Strict
ncbi	WP_024266192.1	ARO:3002709	Perfect
ncbi	WP_024358907.1	ARO:3008814	Perfect
ncbi	WP_024407615.1	ARO:3000567	Strict
ncbi	WP_024433915.1	ARO:3001636	Perfect
ncbi	WP_024436624.1	ARO:3006330	Perfect
ncbi	WP_024437054.1	ARO:3002594	Strict
ncbi	WP_024437351.1	ARO:3004641	Strict
ncbi	WP_024438993.1	ARO:3001569	Perfect
ncbi	WP_024474547.1	ARO:3008170	Perfect
ncbi	WP_024530279.1	ARO:3008178	Perfect
ncbi	WP_024531321.1	ARO:3006985	Perfect
ncbi	WP_024566153.1	ARO:3005670	Perfect
ncbi	WP_024567831.1	ARO:3005675	Perfect
ncbi	WP_024635824.1	ARO:3002556	Strict
ncbi	WP_024725385.1	ARO:3003208	Strict
ncbi	WP_024915536.1	ARO:3006568	Perfect
ncbi	WP_024916334.1	ARO:3006090	Perfect
ncbi	WP_024956926.1	ARO:3002570	Strict
ncbi	WP_024963478.1	ARO:3007124	Perfect
ncbi	WP_025006557.1	ARO:3005801	Perfect
ncbi	WP_025107110.1	ARO:3002390	Perfect
ncbi	WP_025151790.1	ARO:3002143	Perfect
ncbi	WP_025205684.1	ARO:3002804	Perfect
ncbi	WP_025206265.1	ARO:3001834	Perfect
ncbi	WP_025304332.1	ARO:3002549	Strict
ncbi	WP_025325152.1	ARO:3006574	Perfect
ncbi	WP_025368619.1	ARO:3002694	Strict
ncbi	WP_025368620.1	ARO:3001865	Perfect
ncbi	WP_025368648.1	ARO:3002668	Perfect
ncbi	WP_025442943.1	ARO:3003186	Strict
ncbi	WP_025521699.1	ARO:3005571	Perfect
ncbi	WP_025525762.1	ARO:3005572	Perfect
ncbi	WP_025535332.1	ARO:3005569	Perfect
ncbi	WP_025546314.1	ARO:3005567	Perfect
ncbi	WP_025551322.1	ARO:3005573	Perfect
ncbi	WP_025577435.1	ARO:3005582	Perfect
ncbi	WP_025623492.1	ARO:3005563	Perfect
ncbi	WP_025632811.1	ARO:3003176	Strict
ncbi	WP_025672409.1	ARO:3002615	Perfect
ncbi	WP_025712239.1	ARO:3002474	Perfect
ncbi	WP_025714684.1	ARO:3002162	Perfect
ncbi	WP_025788060.1	ARO:3005575	Perfect
ncbi	WP_025794721.1	ARO:3005577	Perfect
ncbi	WP_025811090.1	ARO:3000495	Strict
ncbi	WP_025816575.1	ARO:3005574	Perfect
ncbi	WP_025888029.1	ARO:3002713	Perfect
ncbi	WP_025889747.1	ARO:3008741	Perfect
ncbi	WP_025991879.1	ARO:3004692	Perfect
ncbi	WP_026025287.1	ARO:3006894	Perfect
ncbi	WP_026382828.1	ARO:3005709	Perfect
ncbi	WP_026444036.1	ARO:3006015	Perfect
ncbi	WP_027372425.1	ARO:3002270	Perfect
ncbi	WP_027373439.1	ARO:3004771	Perfect
ncbi	WP_027814019.1	ARO:3002586	Strict
ncbi	WP_028030786.1	ARO:3003563	Perfect
ncbi	WP_028127742.1	ARO:3003292	Manual
ncbi	WP_028530134.1	ARO:3002944	Strict
ncbi	WP_028530135.1	ARO:3000005	Strict
ncbi	WP_028530136.1	ARO:3003070	Strict
ncbi	WP_029305121.1	ARO:3008727	Perfect
ncbi	WP_029376317.1	ARO:3002519	Strict
ncbi	WP_029391998.1	ARO:3003020	Strict
ncbi	WP_029424390.1	ARO:3001629	Perfect
ncbi	WP_029424536.1	ARO:3003886	Perfect
ncbi	WP_029487031.1	ARO:3000368	Perfect
ncbi	WP_029610673.1	ARO:3006487	Perfect
ncbi	WP_029628776.1	ARO:3002246	Perfect
ncbi	WP_029728367.1	ARO:3000579	Perfect
ncbi	WP_029729112.1	ARO:3005522	Perfect
ncbi	WP_029795186.1	ARO:3005562	Perfect
ncbi	WP_029815111.1	ARO:3005570	Perfect
ncbi	WP_029834158.1	ARO:3005565	Perfect
ncbi	WP_029837067.1	ARO:3005568	Perfect
ncbi	WP_029839920.1	ARO:3005564	Perfect
ncbi	WP_029884393.1	ARO:3003923	Strict
ncbi	WP_029925205.1	ARO:3002520	Perfect
ncbi	WP_030183523.1	ARO:3004680	Perfect
ncbi	WP_030275963.1	ARO:3003061	Perfect
ncbi	WP_030778152.1	ARO:3000866	Perfect
ncbi	WP_031129630.1	ARO:3002649	Strict
ncbi	WP_031136588.1	ARO:3002542	Strict
ncbi	WP_031257659.1	ARO:3005688	Perfect
ncbi	WP_031306504.1	ARO:3002612	Perfect
ncbi	WP_031379793.1	ARO:3000549	Strict
ncbi	WP_031379794.1	ARO:3000553	Strict
ncbi	WP_031380135.1	ARO:3008025	Perfect
ncbi	WP_031413517.1	ARO:3005560	Perfect
ncbi	WP_031464190.1	ARO:3003046	Perfect
ncbi	WP_031630420.1	ARO:3006846	Perfect
ncbi	WP_031638595.1	ARO:3006731	Perfect
ncbi	WP_031687354.1	ARO:3005303	Perfect
ncbi	WP_031690214.1	ARO:3006483	Perfect
ncbi	WP_031691948.1	ARO:3006100	Perfect
ncbi	WP_031692400.1	ARO:3006493	Perfect
ncbi	WP_031694184.1	ARO:3006095	Perfect
ncbi	WP_031757092.1	ARO:3006089	Perfect
ncbi	WP_031775848.1	ARO:3002869	Strict
ncbi	WP_031795517.1	ARO:3002833	Perfect
ncbi	WP_031841337.1	ARO:3005581	Perfect
ncbi	WP_031847165.1	ARO:3005580	Perfect
ncbi	WP_031942271.1	ARO:3001982	Perfect
ncbi	WP_031942321.1	ARO:3000165	Strict
ncbi	WP_031942394.1	ARO:3004825	Perfect
ncbi	WP_031942563.1	ARO:3000166	Strict
ncbi	WP_031942898.1	ARO:3002601	Strict
ncbi	WP_031943052.1	ARO:3007015	Strict
ncbi	WP_031943232.1	ARO:3002222	Perfect
ncbi	WP_031948142.1	ARO:3008431	Strict
ncbi	WP_031950434.1	ARO:3006402	Perfect
ncbi	WP_031960432.1	ARO:3001630	Perfect
ncbi	WP_031960999.1	ARO:3006391	Perfect
ncbi	WP_031961878.1	ARO:3006343	Perfect
ncbi	WP_031963705.1	ARO:3001637	Perfect
ncbi	WP_031965243.1	ARO:3007987	Strict
ncbi	WP_031973850.1	ARO:3003878	Perfect
ncbi	WP_031975357.1	ARO:3006381	Perfect
ncbi	WP_031976577.1	ARO:3006416	Perfect
ncbi	WP_031976872.1	ARO:3001685	Perfect
ncbi	WP_031978611.1	ARO:3001489	Perfect
ncbi	WP_031980335.1	ARO:3006334	Perfect
ncbi	WP_031981814.1	ARO:3006408	Perfect
ncbi	WP_031996777.1	ARO:3006424	Perfect
ncbi	WP_031998610.1	ARO:3005923	Perfect
ncbi	WP_032000166.1	ARO:3001618	Perfect
ncbi	WP_032000414.1	ARO:3006372	Perfect
ncbi	WP_032003497.1	ARO:3005732	Perfect
ncbi	WP_032005249.1	ARO:3006415	Perfect
ncbi	WP_032007272.1	ARO:3005736	Perfect
ncbi	WP_032017586.1	ARO:3006414	Perfect
ncbi	WP_032018141.1	ARO:3005924	Perfect
ncbi	WP_032025569.1	ARO:3001525	Perfect
ncbi	WP_032025626.1	ARO:3007985	Perfect
ncbi	WP_032027415.1	ARO:3006344	Perfect
ncbi	WP_032029974.1	ARO:3008020	Perfect
ncbi	WP_032030965.1	ARO:3001653	Perfect
ncbi	WP_032034809.1	ARO:3008632	Perfect
ncbi	WP_032035727.1	ARO:3008053	Perfect
ncbi	WP_032037742.1	ARO:3003597	Perfect
ncbi	WP_032037870.1	ARO:3006333	Perfect
ncbi	WP_032039838.1	ARO:3006314	Perfect
ncbi	WP_032051604.1	ARO:3001560	Perfect
ncbi	WP_032053762.1	ARO:3006017	Perfect
ncbi	WP_032055358.1	ARO:3003874	Perfect
ncbi	WP_032057042.1	ARO:3006018	Perfect
ncbi	WP_032058439.1	ARO:3001564	Perfect
ncbi	WP_032058755.1	ARO:3006417	Perfect
ncbi	WP_032061328.1	ARO:3006047	Perfect
ncbi	WP_032062810.1	ARO:3006316	Perfect
ncbi	WP_032068214.1	ARO:3006336	Perfect
ncbi	WP_032071188.1	ARO:3006345	Perfect
ncbi	WP_032072107.1	ARO:3002160	Perfect
ncbi	WP_032072208.1	ARO:3001387	Perfect
ncbi	WP_032072602.1	ARO:3001868	Perfect
ncbi	WP_032084013.1	ARO:3004555	Perfect
ncbi	WP_032084014.1	ARO:3000361	Strict
ncbi	WP_032097955.1	ARO:3002137	Perfect
ncbi	WP_032221497.1	ARO:3000968	Perfect
ncbi	WP_032277257.1	ARO:3001889	Perfect
ncbi	WP_032410229.1	ARO:3004489	Perfect
ncbi	WP_032452758.1	ARO:3002419	Perfect
ncbi	WP_032456002.1	ARO:3002434	Perfect
ncbi	WP_032488330.1	ARO:3002623	Strict
ncbi	WP_032488331.1	ARO:3000596	Strict
ncbi	WP_032488343.1	ARO:3000363	Perfect
ncbi	WP_032488409.1	ARO:3000179	Strict
ncbi	WP_032488413.1	ARO:3001061	Perfect
ncbi	WP_032488414.1	ARO:3000875	Perfect
ncbi	WP_032488460.1	ARO:3004457	Strict
ncbi	WP_032488466.1	ARO:3004457	Strict
ncbi	WP_032488468.1	ARO:3004671	Strict
ncbi	WP_032488481.1	ARO:3002997	Perfect
ncbi	WP_032488483.1	ARO:3001400	Perfect
ncbi	WP_032488512.1	ARO:3000498	Perfect
ncbi	WP_032488514.1	ARO:3002693	Perfect
ncbi	WP_032488555.1	ARO:3004460	Perfect
ncbi	WP_032488579.1	ARO:3002576	Perfect
ncbi	WP_032488596.1	ARO:3007104	Perfect
ncbi	WP_032488755.1	ARO:3002859	Strict
ncbi	WP_032488864.1	ARO:3002012	Perfect
ncbi	WP_032488880.1	ARO:3002671	Perfect
ncbi	WP_032488887.1	ARO:3001068	Perfect
ncbi	WP_032489009.1	ARO:3000250	Strict
ncbi	WP_032489010.1	ARO:3000250	Strict
ncbi	WP_032489011.1	ARO:3000250	Strict
ncbi	WP_032489016.1	ARO:3000250	Strict
ncbi	WP_032489025.1	ARO:3001867	Perfect
ncbi	WP_032489027.1	ARO:3002013	Strict
ncbi	WP_032489067.1	ARO:3002156	Perfect
ncbi	WP_032489150.1	ARO:3000929	Perfect
ncbi	WP_032489168.1	ARO:3002243	Perfect
ncbi	WP_032489170.1	ARO:3001869	Perfect
ncbi	WP_032489171.1	ARO:3001870	Perfect
ncbi	WP_032489188.1	ARO:3002560	Perfect
ncbi	WP_032489305.1	ARO:3002676	Strict
ncbi	WP_032489308.1	ARO:3002601	Strict
ncbi	WP_032489340.1	ARO:3003836	Perfect
ncbi	WP_032489341.1	ARO:3001308	Perfect
ncbi	WP_032489342.1	ARO:3002842	Perfect
ncbi	WP_032489464.1	ARO:3002166	Perfect
ncbi	WP_032489471.1	ARO:3000174	Perfect
ncbi	WP_032489477.1	ARO:3006986	Perfect
ncbi	WP_032489598.1	ARO:3001871	Perfect
ncbi	WP_032489614.1	ARO:3000938	Perfect
ncbi	WP_032489635.1	ARO:3002840	Perfect
ncbi	WP_032489636.1	ARO:3001307	Perfect
ncbi	WP_032489639.1	ARO:3002829	Perfect
ncbi	WP_032489640.1	ARO:3002844	Strict
ncbi	WP_032489723.1	ARO:3000375	Perfect
ncbi	WP_032489727.1	ARO:3002158	Perfect
ncbi	WP_032489741.1	ARO:3000935	Perfect
ncbi	WP_032489743.1	ARO:3002921	Strict
ncbi	WP_032489744.1	ARO:3002964	Strict
ncbi	WP_032489745.1	ARO:3002943	Strict
ncbi	WP_032489746.1	ARO:3000013	Strict
ncbi	WP_032489747.1	ARO:3002950	Strict
ncbi	WP_032489753.1	ARO:3001423	Perfect
ncbi	WP_032489888.1	ARO:3002182	Perfect
ncbi	WP_032489893.1	ARO:3000954	Perfect
ncbi	WP_032489895.1	ARO:3002545	Strict
ncbi	WP_032489896.1	ARO:3002695	Strict
ncbi	WP_032489926.1	ARO:3001872	Perfect
ncbi	WP_032489927.1	ARO:3001876	Perfect
ncbi	WP_032489980.1	ARO:3000955	Perfect
ncbi	WP_032490026.1	ARO:3000957	Perfect
ncbi	WP_032490053.1	ARO:3001425	Perfect
ncbi	WP_032490101.1	ARO:3000952	Perfect
ncbi	WP_032490102.1	ARO:3000953	Perfect
ncbi	WP_032490103.1	ARO:3000899	Perfect
ncbi	WP_032490133.1	ARO:3000166	Strict
ncbi	WP_032490155.1	ARO:3000937	Perfect
ncbi	WP_032490156.1	ARO:3000118	Perfect
ncbi	WP_032490158.1	ARO:3003014	Perfect
ncbi	WP_032490175.1	ARO:3002201	Perfect
ncbi	WP_032490177.1	ARO:3002020	Perfect
ncbi	WP_032490182.1	ARO:3002639	Strict
ncbi	WP_032490189.1	ARO:3003015	Perfect
ncbi	WP_032490193.1	ARO:3001101	Perfect
ncbi	WP_032490317.1	ARO:3000960	Perfect
ncbi	WP_032490318.1	ARO:3000961	Perfect
ncbi	WP_032490319.1	ARO:3004455	Strict
ncbi	WP_032490336.1	ARO:3002602	Strict
ncbi	WP_032490438.1	ARO:3002582	Perfect
ncbi	WP_032490440.1	ARO:3002601	Strict
ncbi	WP_032490443.1	ARO:3002601	Strict
ncbi	WP_032490444.1	ARO:3002605	Strict
ncbi	WP_032490445.1	ARO:3001775	Perfect
ncbi	WP_032490446.1	ARO:3000230	Strict
ncbi	WP_032490448.1	ARO:3001578	Perfect
ncbi	WP_032490451.1	ARO:3002601	Strict
ncbi	WP_032490504.1	ARO:3000934	Perfect
ncbi	WP_032490532.1	ARO:3000361	Perfect
ncbi	WP_032490534.1	ARO:3002826	Strict
ncbi	WP_032490535.1	ARO:3000190	Strict
ncbi	WP_032490632.1	ARO:3001113	Perfect
ncbi	WP_032490682.1	ARO:3001895	Perfect
ncbi	WP_032490683.1	ARO:3002336	Perfect
ncbi	WP_032490699.1	ARO:3001856	Perfect
ncbi	WP_032490744.1	ARO:3002597	Strict
ncbi	WP_032490752.1	ARO:3001892	Perfect
ncbi	WP_032490761.1	ARO:3001794	Perfect
ncbi	WP_032490765.1	ARO:3002018	Perfect
ncbi	WP_032490786.1	ARO:3000412	Strict
ncbi	WP_032490787.1	ARO:3000175	Strict
ncbi	WP_032490794.1	ARO:3000410	Strict
ncbi	WP_032490795.1	ARO:3004656	Strict
ncbi	WP_032490956.1	ARO:3000996	Perfect
ncbi	WP_032490957.1	ARO:3002134	Perfect
ncbi	WP_032490959.1	ARO:3000989	Perfect
ncbi	WP_032490960.1	ARO:3000990	Perfect
ncbi	WP_032490973.1	ARO:3002335	Perfect
ncbi	WP_032490976.1	ARO:3000410	Strict
ncbi	WP_032491106.1	ARO:3002835	Strict
ncbi	WP_032491157.1	ARO:3001873	Perfect
ncbi	WP_032491180.1	ARO:3001088	Perfect
ncbi	WP_032491181.1	ARO:3003016	Perfect
ncbi	WP_032491228.1	ARO:3000410	Strict
ncbi	WP_032491237.1	ARO:3001859	Perfect
ncbi	WP_032491264.1	ARO:3001933	Perfect
ncbi	WP_032491283.1	ARO:3001002	Perfect
ncbi	WP_032491311.1	ARO:3001399	Perfect
ncbi	WP_032491313.1	ARO:3004642	Perfect
ncbi	WP_032491316.1	ARO:3003014	Strict
ncbi	WP_032491356.1	ARO:3002528	Strict
ncbi	WP_032491359.1	ARO:3002634	Perfect
ncbi	WP_032491376.1	ARO:3001004	Perfect
ncbi	WP_032491377.1	ARO:3001884	Perfect
ncbi	WP_032491390.1	ARO:3002275	Perfect
ncbi	WP_032491403.1	ARO:3001124	Perfect
ncbi	WP_032491449.1	ARO:3001003	Perfect
ncbi	WP_032491462.1	ARO:3003441	Strict
ncbi	WP_032491464.1	ARO:3002608	Perfect
ncbi	WP_032491570.1	ARO:3000410	Strict
ncbi	WP_032491576.1	ARO:3002704	Strict
ncbi	WP_032491601.1	ARO:3001141	Perfect
ncbi	WP_032491641.1	ARO:3008823	Strict
ncbi	WP_032491656.1	ARO:3001704	Perfect
ncbi	WP_032491777.1	ARO:3001875	Perfect
ncbi	WP_032491779.1	ARO:3002628	Strict
ncbi	WP_032491780.1	ARO:3002647	Strict
ncbi	WP_032491784.1	ARO:3001144	Perfect
ncbi	WP_032491804.1	ARO:3001412	Perfect
ncbi	WP_032491824.1	ARO:3002619	Perfect
ncbi	WP_032491874.1	ARO:3002210	Perfect
ncbi	WP_032491875.1	ARO:3006928	Perfect
ncbi	WP_032491881.1	ARO:3002704	Strict
ncbi	WP_032491907.1	ARO:3002364	Perfect
ncbi	WP_032491928.1	ARO:3002035	Perfect
ncbi	WP_032491954.1	ARO:3001927	Perfect
ncbi	WP_032491956.1	ARO:3006228	Strict
ncbi	WP_032491959.1	ARO:3002601	Strict
ncbi	WP_032491964.1	ARO:3002602	Strict
ncbi	WP_032491966.1	ARO:3000410	Strict
ncbi	WP_032491968.1	ARO:3002586	Perfect
ncbi	WP_032492008.1	ARO:3002274	Perfect
ncbi	WP_032492024.1	ARO:3000410	Strict
ncbi	WP_032492042.1	ARO:3001925	Perfect
ncbi	WP_032492044.1	ARO:3001928	Perfect
ncbi	WP_032492089.1	ARO:3002665	Perfect
ncbi	WP_032492096.1	ARO:3002197	Perfect
ncbi	WP_032492097.1	ARO:3005098	Strict
ncbi	WP_032492100.1	ARO:3002167	Perfect
ncbi	WP_032492104.1	ARO:3004665	Perfect
ncbi	WP_032492108.1	ARO:3000886	Perfect
ncbi	WP_032492113.1	ARO:3001030	Perfect
ncbi	WP_032492114.1	ARO:3001153	Perfect
ncbi	WP_032492122.1	ARO:3001811	Perfect
ncbi	WP_032492145.1	ARO:3002641	Strict
ncbi	WP_032492184.1	ARO:3001947	Perfect
ncbi	WP_032492194.1	ARO:3002676	Strict
ncbi	WP_032492247.1	ARO:3002528	Perfect
ncbi	WP_032492255.1	ARO:3002616	Perfect
ncbi	WP_032492277.1	ARO:3004103	Perfect
ncbi	WP_032492324.1	ARO:3001825	Perfect
ncbi	WP_032492328.1	ARO:3002698	Perfect
ncbi	WP_032492330.1	ARO:3000926	Perfect
ncbi	WP_032492336.1	ARO:3003107	Perfect
ncbi	WP_032492368.1	ARO:3002787	Perfect
ncbi	WP_032492416.1	ARO:3000250	Strict
ncbi	WP_032492430.1	ARO:3000847	Perfect
ncbi	WP_032492452.1	ARO:3002021	Perfect
ncbi	WP_032492456.1	ARO:3002858	Strict
ncbi	WP_032492458.1	ARO:3002022	Perfect
ncbi	WP_032492467.1	ARO:3002724	Strict
ncbi	WP_032492472.1	ARO:3002289	Perfect
ncbi	WP_032492486.1	ARO:3002601	Strict
ncbi	WP_032492553.1	ARO:3001932	Perfect
ncbi	WP_032492579.1	ARO:3004675	Strict
ncbi	WP_032492580.1	ARO:3002601	Strict
ncbi	WP_032492605.1	ARO:3002874	Perfect
ncbi	WP_032492622.1	ARO:3002225	Perfect
ncbi	WP_032492624.1	ARO:3002358	Perfect
ncbi	WP_032492661.1	ARO:3002354	Perfect
ncbi	WP_032492683.1	ARO:3002676	Strict
ncbi	WP_032493168.1	ARO:3001923	Perfect
ncbi	WP_032494221.1	ARO:3003918	Perfect
ncbi	WP_032494234.1	ARO:3001959	Perfect
ncbi	WP_032494237.1	ARO:3000973	Perfect
ncbi	WP_032494240.1	ARO:3002119	Perfect
ncbi	WP_032494759.1	ARO:3003202	Strict
ncbi	WP_032494802.1	ARO:3001176	Perfect
ncbi	WP_032494844.1	ARO:3002321	Perfect
ncbi	WP_032494853.1	ARO:3001047	Perfect
ncbi	WP_032494864.1	ARO:3002378	Perfect
ncbi	WP_032494874.1	ARO:3002742	Perfect
ncbi	WP_032494875.1	ARO:3002743	Perfect
ncbi	WP_032495011.1	ARO:3002161	Perfect
ncbi	WP_032495023.1	ARO:3001953	Perfect
ncbi	WP_032495024.1	ARO:3002740	Perfect
ncbi	WP_032495027.1	ARO:3002072	Perfect
ncbi	WP_032495046.1	ARO:3004641	Perfect
ncbi	WP_032495047.1	ARO:3002064	Perfect
ncbi	WP_032495094.1	ARO:3002794	Perfect
ncbi	WP_032495187.1	ARO:3002297	Perfect
ncbi	WP_032495225.1	ARO:3001976	Perfect
ncbi	WP_032495259.1	ARO:3001977	Perfect
ncbi	WP_032495378.1	ARO:3001980	Perfect
ncbi	WP_032495379.1	ARO:3002608	Strict
ncbi	WP_032495384.1	ARO:3002356	Perfect
ncbi	WP_032495440.1	ARO:3002369	Perfect
ncbi	WP_032495443.1	ARO:3003923	Strict
ncbi	WP_032495449.1	ARO:3001788	Perfect
ncbi	WP_032495491.1	ARO:3006929	Perfect
ncbi	WP_032495492.1	ARO:3006930	Perfect
ncbi	WP_032495517.1	ARO:3001786	Perfect
ncbi	WP_032495518.1	ARO:3001787	Perfect
ncbi	WP_032495568.1	ARO:3002836	Perfect
ncbi	WP_032495595.1	ARO:3001791	Perfect
ncbi	WP_032495607.1	ARO:3002803	Perfect
ncbi	WP_032495622.1	ARO:3002357	Perfect
ncbi	WP_032495672.1	ARO:3002359	Perfect
ncbi	WP_032495680.1	ARO:3002789	Perfect
ncbi	WP_032495718.1	ARO:3004715	Perfect
ncbi	WP_032495764.1	ARO:3001689	Perfect
ncbi	WP_032495786.1	ARO:3002002	Perfect
ncbi	WP_032495787.1	ARO:3002006	Perfect
ncbi	WP_032495789.1	ARO:3001774	Perfect
ncbi	WP_032495798.1	ARO:3001957	Perfect
ncbi	WP_032542910.1	ARO:3002623	Perfect
ncbi	WP_032579291.1	ARO:3006225	Perfect
ncbi	WP_032608349.1	ARO:3006240	Perfect
ncbi	WP_032625176.1	ARO:3006261	Perfect
ncbi	WP_032628014.1	ARO:3007909	Perfect
ncbi	WP_032634099.1	ARO:3000860	Strict
ncbi	WP_032637705.1	ARO:3007910	Perfect
ncbi	WP_032644152.1	ARO:3006248	Perfect
ncbi	WP_032652275.1	ARO:3006268	Perfect
ncbi	WP_032667553.1	ARO:3005354	Perfect
ncbi	WP_032675805.1	ARO:3002174	Perfect
ncbi	WP_032687534.1	ARO:3009030	Perfect
ncbi	WP_032696109.1	ARO:3006970	Perfect
ncbi	WP_032699754.1	ARO:3006968	Perfect
ncbi	WP_032727905.1	ARO:3002396	Perfect
ncbi	WP_032735535.1	ARO:3002459	Perfect
ncbi	WP_032748514.1	ARO:3002392	Strict
ncbi	WP_032835180.1	ARO:3001780	Strict
ncbi	WP_032865068.1	ARO:3001742	Perfect
ncbi	WP_032870384.1	ARO:3002561	Strict
ncbi	WP_032874497.1	ARO:3002561	Strict
ncbi	WP_032877719.1	ARO:3001748	Perfect
ncbi	WP_032879257.1	ARO:3001762	Perfect
ncbi	WP_032880374.1	ARO:3002561	Strict
ncbi	WP_032937778.1	ARO:3005216	Perfect
ncbi	WP_032939209.1	ARO:3002085	Perfect
ncbi	WP_032941855.1	ARO:3002733	Strict
ncbi	WP_032942160.1	ARO:3002099	Perfect
ncbi	WP_032944434.1	ARO:3002745	Strict
ncbi	WP_032946415.1	ARO:3003096	Perfect
ncbi	WP_032948363.1	ARO:3002121	Perfect
ncbi	WP_032974004.1	ARO:3006922	Perfect
ncbi	WP_033147097.1	ARO:3002534	Perfect
ncbi	WP_033147149.1	ARO:3002157	Perfect
ncbi	WP_033205177.1	ARO:3000449	Perfect
ncbi	WP_033487869.1	ARO:3006251	Perfect
ncbi	WP_033493020.1	ARO:3000194	Strict
ncbi	WP_033502167.1	ARO:3006317	Perfect
ncbi	WP_033503051.1	ARO:3003879	Perfect
ncbi	WP_033554192.1	ARO:3000457	Manual
ncbi	WP_033560332.1	ARO:3000890	Perfect
ncbi	WP_033632034.1	ARO:3002549	Strict
ncbi	WP_033636082.1	ARO:3002549	Strict
ncbi	WP_033639326.1	ARO:3002549	Strict
ncbi	WP_033642964.1	ARO:3006853	Perfect
ncbi	WP_033644545.1	ARO:3002549	Strict
ncbi	WP_033649026.1	ARO:3002549	Perfect
ncbi	WP_033651281.1	ARO:3002549	Strict
ncbi	WP_033654785.1	ARO:3002549	Strict
ncbi	WP_033841866.1	ARO:3001682	Perfect
ncbi	WP_033851992.1	ARO:3005037	Perfect
ncbi	WP_033887259.1	ARO:3008455	Perfect
ncbi	WP_033937969.1	ARO:3008454	Perfect
ncbi	WP_033940628.1	ARO:3005038	Perfect
ncbi	WP_033945151.1	ARO:3005039	Perfect
ncbi	WP_033949287.1	ARO:3008698	Perfect
ncbi	WP_033954903.1	ARO:3003642	Perfect
ncbi	WP_033955867.1	ARO:3008543	Perfect
ncbi	WP_033957064.1	ARO:3005122	Perfect
ncbi	WP_033959319.1	ARO:3002849	Perfect
ncbi	WP_033962599.1	ARO:3005123	Perfect
ncbi	WP_033968246.1	ARO:3008551	Perfect
ncbi	WP_033969586.1	ARO:3005124	Perfect
ncbi	WP_033974288.1	ARO:3005125	Perfect
ncbi	WP_033977759.1	ARO:3005126	Perfect
ncbi	WP_033978625.1	ARO:3008553	Perfect
ncbi	WP_033982123.1	ARO:3005127	Perfect
ncbi	WP_033984473.1	ARO:3008680	Perfect
ncbi	WP_033985393.1	ARO:3005128	Perfect
ncbi	WP_033987207.1	ARO:3005129	Perfect
ncbi	WP_033989974.1	ARO:3005130	Perfect
ncbi	WP_033990638.1	ARO:3005132	Perfect
ncbi	WP_033998317.1	ARO:3005133	Perfect
ncbi	WP_033998327.1	ARO:3005134	Perfect
ncbi	WP_034002900.1	ARO:3008655	Perfect
ncbi	WP_034003797.1	ARO:3005135	Perfect
ncbi	WP_034005326.1	ARO:3005136	Perfect
ncbi	WP_034005655.1	ARO:3005137	Perfect
ncbi	WP_034006142.1	ARO:3002531	Perfect
ncbi	WP_034006563.1	ARO:3005138	Perfect
ncbi	WP_034015617.1	ARO:3008699	Perfect
ncbi	WP_034020787.1	ARO:3005139	Perfect
ncbi	WP_034021370.1	ARO:3008611	Perfect
ncbi	WP_034022424.1	ARO:3008686	Perfect
ncbi	WP_034025854.1	ARO:3008446	Perfect
ncbi	WP_034027761.1	ARO:3008443	Perfect
ncbi	WP_034028067.1	ARO:3005140	Perfect
ncbi	WP_034031407.1	ARO:3005141	Perfect
ncbi	WP_034032599.1	ARO:3005142	Perfect
ncbi	WP_034033256.1	ARO:3001606	Perfect
ncbi	WP_034033411.1	ARO:3008444	Perfect
ncbi	WP_034035338.1	ARO:3005143	Perfect
ncbi	WP_034039380.1	ARO:3005144	Perfect
ncbi	WP_034041053.1	ARO:3005145	Perfect
ncbi	WP_034043639.1	ARO:3005146	Perfect
ncbi	WP_034047652.1	ARO:3008691	Perfect
ncbi	WP_034048369.1	ARO:3005147	Perfect
ncbi	WP_034051361.1	ARO:3005148	Perfect
ncbi	WP_034051940.1	ARO:3005150	Perfect
ncbi	WP_034054438.1	ARO:3005151	Perfect
ncbi	WP_034056534.1	ARO:3005152	Perfect
ncbi	WP_034066397.1	ARO:3005153	Perfect
ncbi	WP_034067921.1	ARO:3004675	Strict
ncbi	WP_034071670.1	ARO:3005155	Perfect
ncbi	WP_034072810.1	ARO:3003018	Perfect
ncbi	WP_034072939.1	ARO:3008663	Perfect
ncbi	WP_034075190.1	ARO:3005156	Perfect
ncbi	WP_034080264.1	ARO:3002281	Perfect
ncbi	WP_034080731.1	ARO:3008704	Perfect
ncbi	WP_034081664.1	ARO:3005157	Perfect
ncbi	WP_034081711.1	ARO:3006117	Perfect
ncbi	WP_034085125.1	ARO:3003110	Perfect
ncbi	WP_034169413.1	ARO:3007280	Perfect
ncbi	WP_034169466.1	ARO:3003210	Perfect
ncbi	WP_034612711.1	ARO:3005158	Perfect
ncbi	WP_034670108.1	ARO:3005159	Perfect
ncbi	WP_034688190.1	ARO:3005160	Perfect
ncbi	WP_034700626.1	ARO:3002589	Strict
ncbi	WP_034735227.1	ARO:3004768	Perfect
ncbi	WP_034735890.1	ARO:3002257	Perfect
ncbi	WP_034845394.1	ARO:3005689	Perfect
ncbi	WP_034866180.1	ARO:3005678	Strict
ncbi	WP_034872470.1	ARO:3002922	Strict
ncbi	WP_035202393.1	ARO:3003905	Perfect
ncbi	WP_035203840.1	ARO:3004452	Strict
ncbi	WP_035895532.1	ARO:3001975	Perfect
ncbi	WP_036299413.1	ARO:3004238	Manual
ncbi	WP_036428783.1	ARO:3004606	Perfect
ncbi	WP_037414505.1	ARO:3007562	Perfect
ncbi	WP_037428895.1	ARO:3001501	Perfect
ncbi	WP_038333643.1	ARO:3004463	Perfect
ncbi	WP_038343177.1	ARO:3007995	Perfect
ncbi	WP_038348285.1	ARO:3003147	Perfect
ncbi	WP_038348482.1	ARO:3003149	Perfect
ncbi	WP_038348957.1	ARO:3003148	Perfect
ncbi	WP_038350216.1	ARO:3001496	Perfect
ncbi	WP_038404948.1	ARO:3002642	Perfect
ncbi	WP_038404949.1	ARO:3002529	Perfect
ncbi	WP_038405930.1	ARO:3003851	Perfect
ncbi	WP_038415208.1	ARO:3002804	Strict
ncbi	WP_038435619.1	ARO:3003923	Strict
ncbi	WP_038563636.1	ARO:3000602	Perfect
ncbi	WP_038640920.1	ARO:3002726	Strict
ncbi	WP_038813458.1	ARO:3003617	Perfect
ncbi	WP_038839037.1	ARO:3002662	Perfect
ncbi	WP_038851696.1	ARO:3003609	Perfect
ncbi	WP_038879528.1	ARO:3002549	Strict
ncbi	WP_038976851.1	ARO:3001041	Perfect
ncbi	WP_038984046.1	ARO:3008089	Perfect
ncbi	WP_039023136.1	ARO:3002053	Perfect
ncbi	WP_039026394.1	ARO:3004139	Perfect
ncbi	WP_039034975.1	ARO:3002708	Perfect
ncbi	WP_039039919.1	ARO:3007251	Perfect
ncbi	WP_039098799.1	ARO:3006384	Perfect
ncbi	WP_039099030.1	ARO:3001656	Perfect
ncbi	WP_039103359.1	ARO:3002473	Perfect
ncbi	WP_039110076.1	ARO:3002584	Strict
ncbi	WP_039139170.1	ARO:3004455	Perfect
ncbi	WP_039189232.1	ARO:3006228	Perfect
ncbi	WP_039208445.1	ARO:3001598	Perfect
ncbi	WP_039211240.1	ARO:3006385	Perfect
ncbi	WP_039213353.1	ARO:3006388	Perfect
ncbi	WP_039217008.1	ARO:3009010	Perfect
ncbi	WP_039246976.1	ARO:3006322	Perfect
ncbi	WP_039258389.1	ARO:3006320	Perfect
ncbi	WP_039261009.1	ARO:3007965	Perfect
ncbi	WP_039270258.1	ARO:3006319	Perfect
ncbi	WP_039272978.1	ARO:3003172	Perfect
ncbi	WP_039569351.1	ARO:3002549	Strict
ncbi	WP_039639671.1	ARO:3002563	Strict
ncbi	WP_039819893.1	ARO:3002205	Perfect
ncbi	WP_039902635.1	ARO:3005339	Perfect
ncbi	WP_040013725.1	ARO:3000368	Strict
ncbi	WP_040020536.1	ARO:3008090	Perfect
ncbi	WP_040068451.1	ARO:3006099	Perfect
ncbi	WP_040117106.1	ARO:3006237	Perfect
ncbi	WP_040120354.1	ARO:3002601	Strict
ncbi	WP_040129485.1	ARO:3002514	Perfect
ncbi	WP_040184286.1	ARO:3004337	Perfect
ncbi	WP_040197984.1	ARO:3001383	Perfect
ncbi	WP_040224644.1	ARO:3003923	Strict
ncbi	WP_040564913.1	ARO:3004454	Perfect
ncbi	WP_041036791.1	ARO:3002549	Strict
ncbi	WP_041152457.1	ARO:3000375	Strict
ncbi	WP_041160408.1	ARO:3000186	Strict
ncbi	WP_041219811.1	ARO:3003723	Strict
ncbi	WP_041258349.1	ARO:3006887	Perfect
ncbi	WP_041385949.1	ARO:3006988	Perfect
ncbi	WP_041449074.1	ARO:3006896	Perfect
ncbi	WP_041550454.1	ARO:3002594	Strict
ncbi	WP_041692555.1	ARO:3007919	Strict
ncbi	WP_041816295.1	ARO:3004759	Perfect
ncbi	WP_041881964.1	ARO:3006942	Perfect
ncbi	WP_041884311.1	ARO:3006972	Perfect
ncbi	WP_042004849.1	ARO:3001963	Perfect
ncbi	WP_042016119.1	ARO:3008581	Perfect
ncbi	WP_042027926.1	ARO:3004450	Perfect
ncbi	WP_042058462.1	ARO:3008183	Perfect
ncbi	WP_042065300.1	ARO:3000884	Perfect
ncbi	WP_042088348.1	ARO:3008422	Perfect
ncbi	WP_042308119.1	ARO:3002781	Perfect
ncbi	WP_042649074.1	ARO:3004503	Perfect
ncbi	WP_042649345.1	ARO:3002191	Perfect
ncbi	WP_042764055.1	ARO:3005578	Perfect
ncbi	WP_042771632.1	ARO:3005561	Perfect
ncbi	WP_042785406.1	ARO:3002549	Strict
ncbi	WP_042846365.1	ARO:3004441	Perfect
ncbi	WP_042852798.1	ARO:3000230	Strict
ncbi	WP_042862936.1	ARO:3002204	Perfect
ncbi	WP_042862943.1	ARO:3002694	Strict
ncbi	WP_042888870.1	ARO:3004647	Strict
ncbi	WP_042958124.1	ARO:3000013	Strict
ncbi	WP_042962442.1	ARO:3003606	Perfect
ncbi	WP_043029018.1	ARO:3000186	Strict
ncbi	WP_043083525.1	ARO:3006827	Perfect
ncbi	WP_043089496.1	ARO:3006844	Perfect
ncbi	WP_043099627.1	ARO:3008685	Perfect
ncbi	WP_043104614.1	ARO:3006845	Perfect
ncbi	WP_043106116.1	ARO:3005098	Strict
ncbi	WP_043155783.1	ARO:3006477	Perfect
ncbi	WP_043245728.1	ARO:3007199	Perfect
ncbi	WP_043470786.1	ARO:3004592	Perfect
ncbi	WP_043592266.1	ARO:3006865	Perfect
ncbi	WP_043629745.1	ARO:3006868	Perfect
ncbi	WP_043774378.1	ARO:3004454	Strict
ncbi	WP_043875313.1	ARO:3004839	Perfect
ncbi	WP_043876060.1	ARO:3005098	Strict
ncbi	WP_043907054.1	ARO:3001778	Perfect
ncbi	WP_043942497.1	ARO:3006976	Perfect
ncbi	WP_044030410.1	ARO:3002549	Strict
ncbi	WP_044059783.1	ARO:3002852	Perfect
ncbi	WP_044067522.1	ARO:3002619	Strict
ncbi	WP_044103626.1	ARO:3006216	Perfect
ncbi	WP_044403015.1	ARO:3006974	Perfect
ncbi	WP_044424439.1	ARO:3002585	Strict
ncbi	WP_044522859.1	ARO:3002420	Perfect
ncbi	WP_044597278.1	ARO:3006860	Perfect
ncbi	WP_044600959.1	ARO:3005815	Perfect
ncbi	WP_044614545.1	ARO:3002458	Perfect
ncbi	WP_044666383.1	ARO:3000190	Strict
ncbi	WP_044699195.1	ARO:3002059	Perfect
ncbi	WP_044702041.1	ARO:3001901	Perfect
ncbi	WP_044718369.1	ARO:3006321	Perfect
ncbi	WP_044735234.1	ARO:3002709	Strict
ncbi	WP_044779552.1	ARO:3005859	Perfect
ncbi	WP_045183849.1	ARO:3005697	Perfect
ncbi	WP_045219048.1	ARO:3003599	Perfect
ncbi	WP_045219469.1	ARO:3003600	Perfect
ncbi	WP_045261282.1	ARO:3006244	Perfect
ncbi	WP_045269678.1	ARO:3006246	Perfect
ncbi	WP_045282250.1	ARO:3007911	Perfect
ncbi	WP_045286607.1	ARO:3006245	Perfect
ncbi	WP_045295573.1	ARO:3006855	Perfect
ncbi	WP_045309142.1	ARO:3006242	Perfect
ncbi	WP_045328874.1	ARO:3006235	Perfect
ncbi	WP_045331469.1	ARO:3006243	Perfect
ncbi	WP_045331818.1	ARO:3006236	Perfect
ncbi	WP_045332676.1	ARO:3002596	Strict
ncbi	WP_045337464.1	ARO:3006241	Perfect
ncbi	WP_045340466.1	ARO:3006239	Perfect
ncbi	WP_045347148.1	ARO:3006269	Perfect
ncbi	WP_045351092.1	ARO:3001845	Perfect
ncbi	WP_045354584.1	ARO:3006859	Perfect
ncbi	WP_045372339.1	ARO:3006861	Perfect
ncbi	WP_045399951.1	ARO:3004636	Strict
ncbi	WP_045409557.1	ARO:3002172	Perfect
ncbi	WP_045418072.1	ARO:3002169	Perfect
ncbi	WP_045475347.1	ARO:3005334	Perfect
ncbi	WP_045620946.1	ARO:3001828	Perfect
ncbi	WP_045895620.1	ARO:3006266	Perfect
ncbi	WP_045902232.1	ARO:3008091	Perfect
ncbi	WP_045912044.1	ARO:3002331	Perfect
ncbi	WP_046275846.1	ARO:3002083	Perfect
ncbi	WP_046619698.1	ARO:3002457	Perfect
ncbi	WP_046622360.1	ARO:3002601	Strict
ncbi	WP_046661070.1	ARO:3001638	Perfect
ncbi	WP_046664169.1	ARO:3003198	Perfect
ncbi	WP_046670810.1	ARO:3008124	Perfect
ncbi	WP_046687856.1	ARO:3002549	Strict
ncbi	WP_046693238.1	ARO:3005244	Perfect
ncbi	WP_046759755.1	ARO:3008562	Perfect
ncbi	WP_046808255.1	ARO:3004788	Perfect
ncbi	WP_046811527.1	ARO:3008464	Perfect
ncbi	WP_046882921.1	ARO:3007975	Perfect
ncbi	WP_046887417.1	ARO:3006857	Perfect
ncbi	WP_046897272.1	ARO:3002549	Strict
ncbi	WP_046991607.1	ARO:3003620	Perfect
ncbi	WP_047026538.1	ARO:3002549	Strict
ncbi	WP_047028173.1	ARO:3000896	Perfect
ncbi	WP_047034183.1	ARO:3005691	Perfect
ncbi	WP_047052637.1	ARO:3006250	Perfect
ncbi	WP_047054053.1	ARO:3007912	Perfect
ncbi	WP_047174394.1	ARO:3004637	Strict
ncbi	WP_047211550.1	ARO:3002841	Perfect
ncbi	WP_047354536.1	ARO:3001840	Perfect
ncbi	WP_047364854.1	ARO:3006265	Perfect
ncbi	WP_047426753.1	ARO:3002561	Strict
ncbi	WP_047480628.1	ARO:3006112	Perfect
ncbi	WP_047481394.1	ARO:3006412	Perfect
ncbi	WP_047567658.1	ARO:3002494	Strict
ncbi	WP_047570454.1	ARO:3002549	Strict
ncbi	WP_047664983.1	ARO:3006969	Perfect
ncbi	WP_047665864.1	ARO:3002316	Perfect
ncbi	WP_047693838.1	ARO:3003922	Strict
ncbi	WP_047706904.1	ARO:3005579	Perfect
ncbi	WP_047726486.1	ARO:3006260	Perfect
ncbi	WP_047729810.1	ARO:3002549	Strict
ncbi	WP_047731800.1	ARO:3002716	Strict
ncbi	WP_048207712.1	ARO:3002602	Strict
ncbi	WP_048209719.1	ARO:3006264	Perfect
ncbi	WP_048215094.1	ARO:3008120	Perfect
ncbi	WP_048216435.1	ARO:3002732	Strict
ncbi	WP_048233550.1	ARO:3002553	Strict
ncbi	WP_048234935.1	ARO:3002549	Strict
ncbi	WP_048235862.1	ARO:3001015	Perfect
ncbi	WP_048236419.1	ARO:3002727	Strict
ncbi	WP_048241752.1	ARO:3002052	Perfect
ncbi	WP_048266647.1	ARO:3000860	Strict
ncbi	WP_048269931.1	ARO:3007015	Strict
ncbi	WP_048321520.1	ARO:3002494	Perfect
ncbi	WP_048324114.1	ARO:3006151	Perfect
ncbi	WP_048325528.1	ARO:3002549	Strict
ncbi	WP_048327435.1	ARO:3007427	Perfect
ncbi	WP_048330117.1	ARO:3002469	Perfect
ncbi	WP_048334865.1	ARO:3002425	Perfect
ncbi	WP_048608579.1	ARO:3002611	Perfect
ncbi	WP_048608591.1	ARO:3002680	Strict
ncbi	WP_048627819.1	ARO:3001458	Perfect
ncbi	WP_048717443.1	ARO:3004033	Perfect
ncbi	WP_048804470.1	ARO:3009021	Perfect
ncbi	WP_048806429.1	ARO:3001456	Perfect
ncbi	WP_048880934.1	ARO:3001547	Perfect
ncbi	WP_048980831.1	ARO:3007913	Perfect
ncbi	WP_049003700.1	ARO:3006150	Perfect
ncbi	WP_049031504.1	ARO:3002594	Strict
ncbi	WP_049037557.1	ARO:3005669	Strict
ncbi	WP_049044515.1	ARO:3008730	Perfect
ncbi	WP_049058560.1	ARO:3005705	Perfect
ncbi	WP_049068184.1	ARO:3001642	Perfect
ncbi	WP_049074725.1	ARO:3008807	Strict
ncbi	WP_049079240.1	ARO:3002389	Strict
ncbi	WP_049082137.1	ARO:3008777	Perfect
ncbi	WP_049088977.1	ARO:3008815	Strict
ncbi	WP_049101515.1	ARO:3002392	Perfect
ncbi	WP_049122279.1	ARO:3002175	Perfect
ncbi	WP_049127974.1	ARO:3008792	Perfect
ncbi	WP_049134845.1	ARO:3007961	Perfect
ncbi	WP_049138506.1	ARO:3007914	Perfect
ncbi	WP_049156962.1	ARO:3002461	Perfect
ncbi	WP_049189080.1	ARO:3002549	Strict
ncbi	WP_049198488.1	ARO:3002549	Strict
ncbi	WP_049204401.1	ARO:3002549	Strict
ncbi	WP_049208356.1	ARO:3002549	Strict
ncbi	WP_049212943.1	ARO:3002549	Strict
ncbi	WP_049239252.1	ARO:3006500	Perfect
ncbi	WP_049241494.1	ARO:3002549	Strict
ncbi	WP_049243320.1	ARO:3002140	Perfect
ncbi	WP_049270433.1	ARO:3002549	Strict
ncbi	WP_049272244.1	ARO:3006552	Perfect
ncbi	WP_049291121.1	ARO:3008435	Perfect
ncbi	WP_049305288.1	ARO:3006810	Perfect
ncbi	WP_049321692.1	ARO:3006499	Perfect
ncbi	WP_049440615.1	ARO:3002570	Strict
ncbi	WP_049443010.1	ARO:3007204	Strict
ncbi	WP_049468785.1	ARO:3003199	Strict
ncbi	WP_049554487.1	ARO:3004036	Perfect
ncbi	WP_049581961.1	ARO:3002480	Perfect
ncbi	WP_049589868.1	ARO:3003689	Perfect
ncbi	WP_049637206.1	ARO:3005983	Perfect
ncbi	WP_049637349.1	ARO:3002365	Perfect
ncbi	WP_049898469.1	ARO:3002957	Strict
ncbi	WP_050041693.1	ARO:3004682	Perfect
ncbi	WP_050171206.1	ARO:3004859	Manual
ncbi	WP_050190632.1	ARO:3001392	Perfect
ncbi	WP_050232631.1	ARO:3000186	Strict
ncbi	WP_050364506.1	ARO:3000592	Perfect
ncbi	WP_050437591.1	ARO:3007493	Perfect
ncbi	WP_050618045.1	ARO:3000194	Strict
ncbi	WP_050737109.1	ARO:3003589	Perfect
ncbi	WP_050824634.1	ARO:3000190	Strict
ncbi	WP_050859785.1	ARO:3008092	Perfect
ncbi	WP_050861789.1	ARO:3006259	Perfect
ncbi	WP_050945244.1	ARO:3002672	Perfect
ncbi	WP_051021433.1	ARO:3004600	Perfect
ncbi	WP_051139090.1	ARO:3003200	Strict
ncbi	WP_051363721.1	ARO:3009045	Strict
ncbi	WP_051449075.1	ARO:3002585	Strict
ncbi	WP_051601260.1	ARO:3008508	Perfect
ncbi	WP_052157330.1	ARO:3004786	Perfect
ncbi	WP_052238312.1	ARO:3002850	Perfect
ncbi	WP_052248074.1	ARO:3008739	Perfect
ncbi	WP_052259183.1	ARO:3003106	Strict
ncbi	WP_052266736.1	ARO:3001461	Perfect
ncbi	WP_052413554.1	ARO:3002658	Perfect
ncbi	WP_052413892.1	ARO:3003554	Manual
ncbi	WP_052543100.1	ARO:3000194	Strict
ncbi	WP_052769157.1	ARO:3005493	Perfect
ncbi	WP_052781249.1	ARO:3005804	Perfect
ncbi	WP_052788483.1	ARO:3005832	Perfect
ncbi	WP_052788887.1	ARO:3005802	Perfect
ncbi	WP_052793969.1	ARO:3003621	Perfect
ncbi	WP_052794776.1	ARO:3005846	Perfect
ncbi	WP_052798312.1	ARO:3005830	Perfect
ncbi	WP_052800105.1	ARO:3005818	Perfect
ncbi	WP_052803794.1	ARO:3005822	Perfect
ncbi	WP_052805187.1	ARO:3003607	Perfect
ncbi	WP_052815145.1	ARO:3008577	Perfect
ncbi	WP_052858477.1	ARO:3005858	Perfect
ncbi	WP_052905207.1	ARO:3002528	Manual
ncbi	WP_052944427.1	ARO:3000902	Perfect
ncbi	WP_052972810.1	ARO:3002680	Strict
ncbi	WP_053032028.1	ARO:3004671	Perfect
ncbi	WP_053064676.1	ARO:3002403	Perfect
ncbi	WP_053073497.1	ARO:3001858	Perfect
ncbi	WP_053138477.1	ARO:3002828	Perfect
ncbi	WP_053138973.1	ARO:3001303	Perfect
ncbi	WP_053138975.1	ARO:3000463	Perfect
ncbi	WP_053390271.1	ARO:3006457	Perfect
ncbi	WP_053444694.1	ARO:3003649	Perfect
ncbi	WP_053461075.1	ARO:3003199	Strict
ncbi	WP_053498400.1	ARO:3005708	Perfect
ncbi	WP_053515552.1	ARO:3005009	Perfect
ncbi	WP_053518652.1	ARO:3007204	Strict
ncbi	WP_053766315.1	ARO:3002589	Strict
ncbi	WP_053813381.1	ARO:3006501	Perfect
ncbi	WP_053814856.1	ARO:3008694	Perfect
ncbi	WP_053816671.1	ARO:3006529	Perfect
ncbi	WP_053821788.1	ARO:3004332	Perfect
ncbi	WP_053872444.1	ARO:3005860	Perfect
ncbi	WP_053921012.1	ARO:3005824	Perfect
ncbi	WP_054336482.1	ARO:3007123	Perfect
ncbi	WP_054379352.1	ARO:3006547	Perfect
ncbi	WP_054428802.1	ARO:3003611	Perfect
ncbi	WP_054437016.1	ARO:3005710	Perfect
ncbi	WP_054448427.1	ARO:3005703	Perfect
ncbi	WP_054471662.1	ARO:3005713	Perfect
ncbi	WP_054500785.1	ARO:3005992	Perfect
ncbi	WP_054505840.1	ARO:3001609	Perfect
ncbi	WP_054517040.1	ARO:3005712	Perfect
ncbi	WP_054882068.1	ARO:3007370	Strict
ncbi	WP_054890630.1	ARO:3003207	Perfect
ncbi	WP_054914207.1	ARO:3002585	Strict
ncbi	WP_055314004.1	ARO:3000931	Perfect
ncbi	WP_055314508.1	ARO:3001390	Perfect
ncbi	WP_055321263.1	ARO:3002170	Perfect
ncbi	WP_055545096.1	ARO:3002593	Strict
ncbi	WP_055641627.1	ARO:3001265	Perfect
ncbi	WP_056517622.1	ARO:3005880	Perfect
ncbi	WP_057012521.1	ARO:3006966	Perfect
ncbi	WP_057036510.1	ARO:3005850	Perfect
ncbi	WP_057038954.1	ARO:3002635	Strict
ncbi	WP_057038955.1	ARO:3004629	Strict
ncbi	WP_057042458.1	ARO:3003419	Manual
ncbi	WP_057046497.1	ARO:3001623	Perfect
ncbi	WP_057053864.1	ARO:3001528	Perfect
ncbi	WP_057061999.1	ARO:3006019	Perfect
ncbi	WP_057066208.1	ARO:3001679	Perfect
ncbi	WP_057089822.1	ARO:3001608	Perfect
ncbi	WP_057093064.1	ARO:3006335	Perfect
ncbi	WP_057094079.1	ARO:3001443	Perfect
ncbi	WP_057094859.1	ARO:3007014	Strict
ncbi	WP_057097547.1	ARO:3004191	Strict
ncbi	WP_057098416.1	ARO:3004191	Strict
ncbi	WP_057106444.1	ARO:3006036	Strict
ncbi	WP_057174064.1	ARO:3008778	Perfect
ncbi	WP_057215100.1	ARO:3002440	Perfect
ncbi	WP_057280848.1	ARO:3003005	Perfect
ncbi	WP_057384527.1	ARO:3008592	Perfect
ncbi	WP_057387633.1	ARO:3008547	Perfect
ncbi	WP_057388025.1	ARO:3006576	Perfect
ncbi	WP_057493474.1	ARO:3003199	Perfect
ncbi	WP_057521704.1	ARO:3000617	Perfect
ncbi	WP_057689930.1	ARO:3001485	Perfect
ncbi	WP_057690145.1	ARO:3008046	Perfect
ncbi	WP_057691006.1	ARO:3003884	Perfect
ncbi	WP_057691114.1	ARO:3005245	Perfect
ncbi	WP_058017838.1	ARO:3008550	Perfect
ncbi	WP_058052637.1	ARO:3008735	Perfect
ncbi	WP_058061931.1	ARO:3005728	Perfect
ncbi	WP_058124867.1	ARO:3002585	Strict
ncbi	WP_058128316.1	ARO:3005309	Perfect
ncbi	WP_058129018.1	ARO:3005305	Perfect
ncbi	WP_058132644.1	ARO:3005318	Perfect
ncbi	WP_058133312.1	ARO:3000230	Strict
ncbi	WP_058134661.1	ARO:3008983	Perfect
ncbi	WP_058135553.1	ARO:3006822	Perfect
ncbi	WP_058142895.1	ARO:3008448	Perfect
ncbi	WP_058145768.1	ARO:3008700	Perfect
ncbi	WP_058157026.1	ARO:3006646	Perfect
ncbi	WP_058161279.1	ARO:3005300	Perfect
ncbi	WP_058169253.1	ARO:3004343	Perfect
ncbi	WP_058169941.1	ARO:3005274	Perfect
ncbi	WP_058174497.1	ARO:3006629	Perfect
ncbi	WP_058176185.1	ARO:3008678	Perfect
ncbi	WP_058176209.1	ARO:3006480	Perfect
ncbi	WP_058177653.1	ARO:3001802	Perfect
ncbi	WP_058179966.1	ARO:3002537	Perfect
ncbi	WP_058180135.1	ARO:3006551	Perfect
ncbi	WP_058198950.1	ARO:3004349	Perfect
ncbi	WP_058199927.1	ARO:3008684	Perfect
ncbi	WP_058354753.1	ARO:3008445	Perfect
ncbi	WP_058375744.1	ARO:3001462	Perfect
ncbi	WP_058468956.1	ARO:3000606	Perfect
ncbi	WP_058492019.1	ARO:3003723	Perfect
ncbi	WP_058648119.1	ARO:3002136	Perfect
ncbi	WP_058650678.1	ARO:3008110	Perfect
ncbi	WP_058652112.1	ARO:3005346	Perfect
ncbi	WP_058652386.1	ARO:3007897	Perfect
ncbi	WP_058653118.1	ARO:3004113	Strict
ncbi	WP_058660625.1	ARO:3008093	Perfect
ncbi	WP_058664416.1	ARO:3002601	Strict
ncbi	WP_058670847.1	ARO:3001956	Perfect
ncbi	WP_058677876.1	ARO:3002545	Strict
ncbi	WP_058678916.1	ARO:3008094	Perfect
ncbi	WP_058680758.1	ARO:3008095	Perfect
ncbi	WP_058683930.1	ARO:3008096	Perfect
ncbi	WP_058685609.1	ARO:3000410	Strict
ncbi	WP_058690324.1	ARO:3007885	Perfect
ncbi	WP_058842180.1	ARO:3003128	Perfect
ncbi	WP_058870660.1	ARO:3005867	Perfect
ncbi	WP_058879139.1	ARO:3005687	Perfect
ncbi	WP_058951457.1	ARO:3005868	Perfect
ncbi	WP_058968329.1	ARO:3008607	Perfect
ncbi	WP_059155257.1	ARO:3004805	Perfect
ncbi	WP_059247009.1	ARO:3006353	Perfect
ncbi	WP_059262713.1	ARO:3001632	Perfect
ncbi	WP_059262723.1	ARO:3003887	Perfect
ncbi	WP_059306485.1	ARO:3007907	Perfect
ncbi	WP_059323095.1	ARO:3005686	Perfect
ncbi	WP_059330348.1	ARO:3004775	Perfect
ncbi	WP_059345125.1	ARO:3005674	Perfect
ncbi	WP_059347269.1	ARO:3001829	Perfect
ncbi	WP_059385191.1	ARO:3002353	Perfect
ncbi	WP_059512353.1	ARO:3003204	Perfect
ncbi	WP_060454527.1	ARO:3006383	Perfect
ncbi	WP_060470109.1	ARO:3006386	Perfect
ncbi	WP_060512885.1	ARO:3002605	Strict
ncbi	WP_060560340.1	ARO:3002549	Strict
ncbi	WP_060571602.1	ARO:3003143	Perfect
ncbi	WP_060573544.1	ARO:3006271	Perfect
ncbi	WP_060589395.1	ARO:3002299	Perfect
ncbi	WP_060590773.1	ARO:3002423	Perfect
ncbi	WP_060613455.1	ARO:3001776	Perfect
ncbi	WP_060614779.1	ARO:3002217	Perfect
ncbi	WP_060615518.1	ARO:3001035	Perfect
ncbi	WP_060655783.1	ARO:3006148	Perfect
ncbi	WP_060682854.1	ARO:3002060	Perfect
ncbi	WP_060706838.1	ARO:3002549	Strict
ncbi	WP_060763488.1	ARO:3000013	Strict
ncbi	WP_060792851.1	ARO:3000368	Strict
ncbi	WP_060792852.1	ARO:3002966	Strict
ncbi	WP_060855400.1	ARO:3008117	Perfect
ncbi	WP_060874262.1	ARO:3006952	Perfect
ncbi	WP_061154665.1	ARO:3004845	Perfect
ncbi	WP_061158039.1	ARO:3001022	Perfect
ncbi	WP_061189306.1	ARO:3006492	Perfect
ncbi	WP_061190338.1	ARO:3006605	Perfect
ncbi	WP_061193023.1	ARO:3006494	Perfect
ncbi	WP_061193431.1	ARO:3006668	Perfect
ncbi	WP_061196139.1	ARO:3006850	Perfect
ncbi	WP_061199990.1	ARO:3006563	Perfect
ncbi	WP_061284984.1	ARO:3006927	Perfect
ncbi	WP_061377147.1	ARO:3004113	Strict
ncbi	WP_061547590.1	ARO:3002097	Perfect
ncbi	WP_061586512.1	ARO:3004636	Perfect
ncbi	WP_061659705.1	ARO:3000962	Perfect
ncbi	WP_061710074.1	ARO:3009035	Perfect
ncbi	WP_062743204.1	ARO:3004782	Perfect
ncbi	WP_062771895.1	ARO:3002153	Perfect
ncbi	WP_062932487.1	ARO:3007952	Strict
ncbi	WP_063099318.1	ARO:3006325	Perfect
ncbi	WP_063108644.1	ARO:3001998	Perfect
ncbi	WP_063131934.1	ARO:3001783	Perfect
ncbi	WP_063138000.1	ARO:3001836	Perfect
ncbi	WP_063138560.1	ARO:3007915	Perfect
ncbi	WP_063147148.1	ARO:3006262	Perfect
ncbi	WP_063157039.1	ARO:3007892	Perfect
ncbi	WP_063266839.1	ARO:3002479	Perfect
ncbi	WP_063277905.1	ARO:3007371	Perfect
ncbi	WP_063406924.1	ARO:3008125	Strict
ncbi	WP_063417273.1	ARO:3002180	Perfect
ncbi	WP_063434356.1	ARO:3007967	Perfect
ncbi	WP_063454569.1	ARO:3005729	Perfect
ncbi	WP_063501636.1	ARO:3003923	Strict
ncbi	WP_063553425.1	ARO:3002049	Perfect
ncbi	WP_063569909.1	ARO:3001503	Perfect
ncbi	WP_063610930.1	ARO:3006876	Perfect
ncbi	WP_063612062.1	ARO:3002576	Strict
ncbi	WP_063796790.1	ARO:3004605	Perfect
ncbi	WP_063838852.1	ARO:3002600	Perfect
ncbi	WP_063838853.1	ARO:3002599	Perfect
ncbi	WP_063839875.1	ARO:3002616	Strict
ncbi	WP_063839877.1	ARO:3002484	Perfect
ncbi	WP_063839878.1	ARO:3002598	Perfect
ncbi	WP_063839879.1	ARO:3002878	Strict
ncbi	WP_063839880.1	ARO:3004189	Perfect
ncbi	WP_063839881.1	ARO:3004628	Perfect
ncbi	WP_063840256.1	ARO:3002528	Strict
ncbi	WP_063840257.1	ARO:3002528	Strict
ncbi	WP_063840258.1	ARO:3002528	Strict
ncbi	WP_063840259.1	ARO:3002528	Strict
ncbi	WP_063840261.1	ARO:3002536	Perfect
ncbi	WP_063840263.1	ARO:3002538	Perfect
ncbi	WP_063840264.1	ARO:3002533	Perfect
ncbi	WP_063840265.1	ARO:3004623	Strict
ncbi	WP_063840266.1	ARO:3002535	Perfect
ncbi	WP_063840267.1	ARO:3004621	Perfect
ncbi	WP_063840269.1	ARO:3002543	Perfect
ncbi	WP_063840270.1	ARO:3002542	Strict
ncbi	WP_063840271.1	ARO:3002542	Strict
ncbi	WP_063840272.1	ARO:3002541	Perfect
ncbi	WP_063840273.1	ARO:3002540	Perfect
ncbi	WP_063840274.1	ARO:3002588	Perfect
ncbi	WP_063840275.1	ARO:3002594	Strict
ncbi	WP_063840276.1	ARO:3002595	Perfect
ncbi	WP_063840277.1	ARO:3002572	Perfect
ncbi	WP_063840278.1	ARO:3002574	Perfect
ncbi	WP_063840279.1	ARO:3002575	Perfect
ncbi	WP_063840280.1	ARO:3003676	Strict
ncbi	WP_063840281.1	ARO:3002576	Strict
ncbi	WP_063840282.1	ARO:3003676	Strict
ncbi	WP_063840283.1	ARO:3003676	Strict
ncbi	WP_063840319.1	ARO:3003676	Strict
ncbi	WP_063840320.1	ARO:3005116	Perfect
ncbi	WP_063840321.1	ARO:3005115	Perfect
ncbi	WP_063840323.1	ARO:3002558	Perfect
ncbi	WP_063840324.1	ARO:3004635	Strict
ncbi	WP_063840325.1	ARO:3004635	Strict
ncbi	WP_063840327.1	ARO:3002561	Perfect
ncbi	WP_063840328.1	ARO:3002562	Perfect
ncbi	WP_063840329.1	ARO:3002564	Perfect
ncbi	WP_063840330.1	ARO:3002568	Perfect
ncbi	WP_063840415.1	ARO:3002611	Strict
ncbi	WP_063840416.1	ARO:3002617	Perfect
ncbi	WP_063840435.1	ARO:3002618	Perfect
ncbi	WP_063840436.1	ARO:3003197	Strict
ncbi	WP_063840441.1	ARO:3002603	Perfect
ncbi	WP_063840442.1	ARO:3002603	Strict
ncbi	WP_063840443.1	ARO:3002604	Strict
ncbi	WP_063840444.1	ARO:3002604	Perfect
ncbi	WP_063840454.1	ARO:3002606	Strict
ncbi	WP_063840455.1	ARO:3002607	Perfect
ncbi	WP_063840456.1	ARO:3002607	Strict
ncbi	WP_063840457.1	ARO:3002608	Strict
ncbi	WP_063840458.1	ARO:3002609	Strict
ncbi	WP_063840459.1	ARO:3002609	Strict
ncbi	WP_063840460.1	ARO:3002623	Strict
ncbi	WP_063840463.1	ARO:3008390	Strict
ncbi	WP_063840465.1	ARO:3002494	Strict
ncbi	WP_063840466.1	ARO:3009065	Strict
ncbi	WP_063840507.1	ARO:3000230	Strict
ncbi	WP_063840508.1	ARO:3002624	Perfect
ncbi	WP_063840509.1	ARO:3002625	Perfect
ncbi	WP_063840673.1	ARO:3007401	Perfect
ncbi	WP_063840674.1	ARO:3002635	Perfect
ncbi	WP_063840675.1	ARO:3004191	Strict
ncbi	WP_063840676.1	ARO:3002638	Perfect
ncbi	WP_063840677.1	ARO:3002638	Strict
ncbi	WP_063841015.1	ARO:3002640	Perfect
ncbi	WP_063841495.1	ARO:3002647	Strict
ncbi	WP_063841507.1	ARO:3002647	Strict
ncbi	WP_063841661.1	ARO:3002646	Perfect
ncbi	WP_063841674.1	ARO:3002648	Perfect
ncbi	WP_063841683.1	ARO:3002641	Strict
ncbi	WP_063842098.1	ARO:3002641	Strict
ncbi	WP_063842148.1	ARO:3002641	Strict
ncbi	WP_063842175.1	ARO:3002654	Perfect
ncbi	WP_063842176.1	ARO:3002649	Perfect
ncbi	WP_063842177.1	ARO:3002650	Perfect
ncbi	WP_063842178.1	ARO:3002650	Strict
ncbi	WP_063842179.1	ARO:3002651	Perfect
ncbi	WP_063842181.1	ARO:3002657	Perfect
ncbi	WP_063842183.1	ARO:3002660	Perfect
ncbi	WP_063842184.1	ARO:3002660	Strict
ncbi	WP_063842185.1	ARO:3002661	Perfect
ncbi	WP_063842186.1	ARO:3002663	Perfect
ncbi	WP_063842202.1	ARO:3002846	Perfect
ncbi	WP_063842207.1	ARO:3002847	Strict
ncbi	WP_063842214.1	ARO:3002848	Strict
ncbi	WP_063842239.1	ARO:3003564	Perfect
ncbi	WP_063842248.1	ARO:3002877	Perfect
ncbi	WP_063842263.1	ARO:3002482	Perfect
ncbi	WP_063842268.1	ARO:3002483	Perfect
ncbi	WP_063842272.1	ARO:3007442	Perfect
ncbi	WP_063842628.1	ARO:3003562	Perfect
ncbi	WP_063842682.1	ARO:3000582	Perfect
ncbi	WP_063842701.1	ARO:3002485	Perfect
ncbi	WP_063842702.1	ARO:3002510	Perfect
ncbi	WP_063842703.1	ARO:3002487	Perfect
ncbi	WP_063842704.1	ARO:3002488	Perfect
ncbi	WP_063842707.1	ARO:3002511	Perfect
ncbi	WP_063842712.1	ARO:3002512	Perfect
ncbi	WP_063842717.1	ARO:3002513	Perfect
ncbi	WP_063842730.1	ARO:3002519	Strict
ncbi	WP_063842745.1	ARO:3002437	Strict
ncbi	WP_063842752.1	ARO:3006129	Perfect
ncbi	WP_063842759.1	ARO:3002400	Perfect
ncbi	WP_063842862.1	ARO:3005097	Strict
ncbi	WP_063842896.1	ARO:3003565	Perfect
ncbi	WP_063842905.1	ARO:3009044	Strict
ncbi	WP_063842911.1	ARO:3003557	Perfect
ncbi	WP_063842915.1	ARO:3003556	Perfect
ncbi	WP_063842939.1	ARO:3002494	Strict
ncbi	WP_063842944.1	ARO:3002494	Strict
ncbi	WP_063842948.1	ARO:3000851	Perfect
ncbi	WP_063842967.1	ARO:3001205	Manual
ncbi	WP_063842998.1	ARO:3001205	Manual
ncbi	WP_063843206.1	ARO:3001205	Manual
ncbi	WP_063843207.1	ARO:3002817	Perfect
ncbi	WP_063843208.1	ARO:3004657	Perfect
ncbi	WP_063843209.1	ARO:3004658	Strict
ncbi	WP_063843210.1	ARO:3004456	Strict
ncbi	WP_063843211.1	ARO:3004457	Perfect
ncbi	WP_063843217.1	ARO:3002683	Strict
ncbi	WP_063843218.1	ARO:3002683	Strict
ncbi	WP_063843219.1	ARO:3002674	Perfect
ncbi	WP_063843220.1	ARO:3002687	Perfect
ncbi	WP_063843221.1	ARO:3002687	Strict
ncbi	WP_063843222.1	ARO:3002684	Perfect
ncbi	WP_063843223.1	ARO:3003110	Strict
ncbi	WP_063843224.1	ARO:3002676	Strict
ncbi	WP_063843225.1	ARO:3002676	Strict
ncbi	WP_063843226.1	ARO:3002676	Strict
ncbi	WP_063843227.1	ARO:3002676	Strict
ncbi	WP_063843228.1	ARO:3002676	Strict
ncbi	WP_063843229.1	ARO:3002678	Perfect
ncbi	WP_063843230.1	ARO:3002680	Strict
ncbi	WP_063843231.1	ARO:3002680	Strict
ncbi	WP_063843232.1	ARO:3002680	Strict
ncbi	WP_063843233.1	ARO:3002686	Strict
ncbi	WP_063843234.1	ARO:3008390	Strict
ncbi	WP_063843235.1	ARO:3003553	Perfect
ncbi	WP_063843236.1	ARO:3006907	Perfect
ncbi	WP_063843237.1	ARO:3003001	Perfect
ncbi	WP_063843238.1	ARO:3003002	Strict
ncbi	WP_063843239.1	ARO:3003002	Strict
ncbi	WP_063843240.1	ARO:3003003	Strict
ncbi	WP_063843241.1	ARO:3003002	Strict
ncbi	WP_063843242.1	ARO:3003002	Strict
ncbi	WP_063843243.1	ARO:3003002	Strict
ncbi	WP_063843245.1	ARO:3001302	Perfect
ncbi	WP_063843246.1	ARO:3002694	Perfect
ncbi	WP_063843247.1	ARO:3002695	Strict
ncbi	WP_063844229.1	ARO:3002700	Strict
ncbi	WP_063844234.1	ARO:3002701	Perfect
ncbi	WP_063844243.1	ARO:3002702	Perfect
ncbi	WP_063844281.1	ARO:3003093	Perfect
ncbi	WP_063844282.1	ARO:3003094	Strict
ncbi	WP_063844283.1	ARO:3003101	Strict
ncbi	WP_063844284.1	ARO:3003102	Strict
ncbi	WP_063844285.1	ARO:3003093	Strict
ncbi	WP_063844286.1	ARO:3003094	Strict
ncbi	WP_063844287.1	ARO:3000249	Manual
ncbi	WP_063844288.1	ARO:3002854	Strict
ncbi	WP_063844289.1	ARO:3002854	Strict
ncbi	WP_063844290.1	ARO:3002854	Strict
ncbi	WP_063844291.1	ARO:3002854	Strict
ncbi	WP_063844292.1	ARO:3002854	Strict
ncbi	WP_063844293.1	ARO:3002854	Strict
ncbi	WP_063844294.1	ARO:3002854	Strict
ncbi	WP_063844295.1	ARO:3002854	Strict
ncbi	WP_063844296.1	ARO:3002854	Strict
ncbi	WP_063844297.1	ARO:3002858	Strict
ncbi	WP_063844298.1	ARO:3002858	Strict
ncbi	WP_063844315.1	ARO:3002858	Strict
ncbi	WP_063844321.1	ARO:3002858	Strict
ncbi	WP_063844329.1	ARO:3002858	Strict
ncbi	WP_063844334.1	ARO:3003012	Perfect
ncbi	WP_063844340.1	ARO:3002859	Strict
ncbi	WP_063844362.1	ARO:3003013	Strict
ncbi	WP_063844363.1	ARO:3004640	Perfect
ncbi	WP_063844364.1	ARO:3003014	Strict
ncbi	WP_063844365.1	ARO:3003014	Strict
ncbi	WP_063844366.1	ARO:3002860	Strict
ncbi	WP_063844367.1	ARO:3002860	Strict
ncbi	WP_063844368.1	ARO:3002860	Strict
ncbi	WP_063844369.1	ARO:3002860	Strict
ncbi	WP_063844370.1	ARO:3005354	Strict
ncbi	WP_063844371.1	ARO:3005354	Strict
ncbi	WP_063844376.1	ARO:3002856	Perfect
ncbi	WP_063844381.1	ARO:3002857	Perfect
ncbi	WP_063844392.1	ARO:3004551	Perfect
ncbi	WP_063844403.1	ARO:3003105	Perfect
ncbi	WP_063844408.1	ARO:3004552	Perfect
ncbi	WP_063844445.1	ARO:3002861	Strict
ncbi	WP_063844458.1	ARO:3004644	Perfect
ncbi	WP_063844461.1	ARO:3004547	Perfect
ncbi	WP_063844472.1	ARO:3002862	Strict
ncbi	WP_063844473.1	ARO:3002862	Strict
ncbi	WP_063844474.1	ARO:3002862	Strict
ncbi	WP_063844475.1	ARO:3004548	Perfect
ncbi	WP_063844476.1	ARO:3005350	Strict
ncbi	WP_063844477.1	ARO:3003021	Strict
ncbi	WP_063844478.1	ARO:3004498	Perfect
ncbi	WP_063844479.1	ARO:3003023	Perfect
ncbi	WP_063844480.1	ARO:3004556	Perfect
ncbi	WP_063844481.1	ARO:3002866	Perfect
ncbi	WP_063844482.1	ARO:3004549	Perfect
ncbi	WP_063844483.1	ARO:3002869	Perfect
ncbi	WP_063844484.1	ARO:3002826	Strict
ncbi	WP_063844485.1	ARO:3000361	Strict
ncbi	WP_063844486.1	ARO:3000363	Strict
ncbi	WP_063844492.1	ARO:3000598	Perfect
ncbi	WP_063844496.1	ARO:3001299	Perfect
ncbi	WP_063844504.1	ARO:3000600	Perfect
ncbi	WP_063844518.1	ARO:3000601	Perfect
ncbi	WP_063844520.1	ARO:3003205	Perfect
ncbi	WP_063844521.1	ARO:3003971	Perfect
ncbi	WP_063844522.1	ARO:3004595	Perfect
ncbi	WP_063844598.1	ARO:3000375	Strict
ncbi	WP_063844601.1	ARO:3000375	Strict
ncbi	WP_063844614.1	ARO:3000375	Strict
ncbi	WP_063844619.1	ARO:3000375	Strict
ncbi	WP_063844768.1	ARO:3000250	Strict
ncbi	WP_063844769.1	ARO:3000495	Perfect
ncbi	WP_063844770.1	ARO:3000326	Strict
ncbi	WP_063844771.1	ARO:3000498	Strict
ncbi	WP_063844773.1	ARO:3000498	Strict
ncbi	WP_063844787.1	ARO:3000522	Perfect
ncbi	WP_063844791.1	ARO:3000522	Strict
ncbi	WP_063844794.1	ARO:3002823	Perfect
ncbi	WP_063844815.1	ARO:3000594	Perfect
ncbi	WP_063844819.1	ARO:3001304	Perfect
ncbi	WP_063844825.1	ARO:3000595	Perfect
ncbi	WP_063844850.1	ARO:3000375	Strict
ncbi	WP_063844854.1	ARO:3001305	Perfect
ncbi	WP_063844861.1	ARO:3001305	Strict
ncbi	WP_063844868.1	ARO:3002824	Perfect
ncbi	WP_063844871.1	ARO:3001306	Perfect
ncbi	WP_063844879.1	ARO:3000596	Perfect
ncbi	WP_063844889.1	ARO:3000596	Strict
ncbi	WP_063844894.1	ARO:3000596	Strict
ncbi	WP_063844922.1	ARO:3000596	Strict
ncbi	WP_063844932.1	ARO:3002825	Perfect
ncbi	WP_063844973.1	ARO:3002705	Strict
ncbi	WP_063845037.1	ARO:3002705	Strict
ncbi	WP_063845065.1	ARO:3002705	Strict
ncbi	WP_063845073.1	ARO:3002705	Strict
ncbi	WP_063845118.1	ARO:3002705	Strict
ncbi	WP_063845119.1	ARO:3002705	Strict
ncbi	WP_063845120.1	ARO:3000423	Perfect
ncbi	WP_063848609.1	ARO:3002209	Perfect
ncbi	WP_063851229.1	ARO:3005100	Strict
ncbi	WP_063851230.1	ARO:3000380	Perfect
ncbi	WP_063851231.1	ARO:3003207	Strict
ncbi	WP_063851232.1	ARO:3007368	Perfect
ncbi	WP_063851233.1	ARO:3007369	Perfect
ncbi	WP_063851255.1	ARO:3003552	Strict
ncbi	WP_063851262.1	ARO:3004663	Perfect
ncbi	WP_063851267.1	ARO:3004663	Strict
ncbi	WP_063851277.1	ARO:3003026	Perfect
ncbi	WP_063851318.1	ARO:3002884	Perfect
ncbi	WP_063851340.1	ARO:3002835	Perfect
ncbi	WP_063851341.1	ARO:3002837	Perfect
ncbi	WP_063851342.1	ARO:3002838	Perfect
ncbi	WP_063851343.1	ARO:3003762	Perfect
ncbi	WP_063851344.1	ARO:3002839	Perfect
ncbi	WP_063851347.1	ARO:3003112	Perfect
ncbi	WP_063851348.1	ARO:3000617	Strict
ncbi	WP_063852617.1	ARO:3000617	Strict
ncbi	WP_063852626.1	ARO:3000617	Strict
ncbi	WP_063852670.1	ARO:3000617	Strict
ncbi	WP_063852677.1	ARO:3000617	Strict
ncbi	WP_063852683.1	ARO:3000617	Strict
ncbi	WP_063852710.1	ARO:3003440	Strict
ncbi	WP_063853591.1	ARO:3000616	Strict
ncbi	WP_063853625.1	ARO:3000616	Strict
ncbi	WP_063853632.1	ARO:3000616	Strict
ncbi	WP_063853713.1	ARO:3000616	Strict
ncbi	WP_063853729.1	ARO:3004659	Perfect
ncbi	WP_063853740.1	ARO:3000462	Strict
ncbi	WP_063853854.1	ARO:3000316	Strict
ncbi	WP_063853866.1	ARO:3000316	Strict
ncbi	WP_063853881.1	ARO:3000319	Perfect
ncbi	WP_063853892.1	ARO:3000319	Strict
ncbi	WP_063854131.1	ARO:3000319	Strict
ncbi	WP_063854137.1	ARO:3000319	Strict
ncbi	WP_063854150.1	ARO:3000319	Strict
ncbi	WP_063854312.1	ARO:3000251	Perfect
ncbi	WP_063854317.1	ARO:3000251	Strict
ncbi	WP_063854341.1	ARO:3000251	Strict
ncbi	WP_063854488.1	ARO:3000510	Perfect
ncbi	WP_063854489.1	ARO:3001300	Perfect
ncbi	WP_063854490.1	ARO:3004655	Perfect
ncbi	WP_063854491.1	ARO:3007105	Perfect
ncbi	WP_063854492.1	ARO:3007106	Perfect
ncbi	WP_063854493.1	ARO:3003060	Manual
ncbi	WP_063854494.1	ARO:3003036	Perfect
ncbi	WP_063854495.1	ARO:3000865	Perfect
ncbi	WP_063854496.1	ARO:3003746	Perfect
ncbi	WP_063854497.1	ARO:3002891	Perfect
ncbi	WP_063854498.1	ARO:3007127	Perfect
ncbi	WP_063854500.1	ARO:3002892	Perfect
ncbi	WP_063854502.1	ARO:3004666	Perfect
ncbi	WP_063854503.1	ARO:3003047	Perfect
ncbi	WP_063854743.1	ARO:0010003	Manual
ncbi	WP_063854778.1	ARO:3004379	Strict
ncbi	WP_063854808.1	ARO:3004622	Perfect
ncbi	WP_063854815.1	ARO:3002883	Perfect
ncbi	WP_063854824.1	ARO:3000859	Perfect
ncbi	WP_063854854.1	ARO:3000860	Strict
ncbi	WP_063854910.1	ARO:3000444	Perfect
ncbi	WP_063854920.1	ARO:3003749	Perfect
ncbi	WP_063854934.1	ARO:3002897	Perfect
ncbi	WP_063854935.1	ARO:3002897	Strict
ncbi	WP_063854936.1	ARO:3004699	Perfect
ncbi	WP_063855037.1	ARO:3000410	Strict
ncbi	WP_063855046.1	ARO:3000410	Strict
ncbi	WP_063855066.1	ARO:3000410	Strict
ncbi	WP_063855074.1	ARO:3000410	Strict
ncbi	WP_063855091.1	ARO:3000410	Strict
ncbi	WP_063855103.1	ARO:3000410	Strict
ncbi	WP_063855106.1	ARO:3000410	Strict
ncbi	WP_063855115.1	ARO:3000410	Strict
ncbi	WP_063855129.1	ARO:3000410	Strict
ncbi	WP_063855540.1	ARO:3000412	Strict
ncbi	WP_063855557.1	ARO:3000412	Strict
ncbi	WP_063855569.1	ARO:3000412	Strict
ncbi	WP_063855713.1	ARO:3002871	Perfect
ncbi	WP_063855880.1	ARO:3000567	Perfect
ncbi	WP_063855881.1	ARO:3000569	Perfect
ncbi	WP_063855882.1	ARO:3000572	Perfect
ncbi	WP_063855884.1	ARO:3000556	Perfect
ncbi	WP_063855885.1	ARO:3003196	Perfect
ncbi	WP_063855886.1	ARO:3000165	Strict
ncbi	WP_063855887.1	ARO:3000165	Strict
ncbi	WP_063855888.1	ARO:3000165	Strict
ncbi	WP_063855982.1	ARO:3000165	Strict
ncbi	WP_063855983.1	ARO:3000165	Strict
ncbi	WP_063856066.1	ARO:3000166	Strict
ncbi	WP_063856067.1	ARO:3000166	Strict
ncbi	WP_063856068.1	ARO:3000166	Perfect
ncbi	WP_063856070.1	ARO:3000166	Strict
ncbi	WP_063856071.1	ARO:3000167	Strict
ncbi	WP_063856072.1	ARO:3000167	Strict
ncbi	WP_063856073.1	ARO:3000168	Strict
ncbi	WP_063856074.1	ARO:3000168	Strict
ncbi	WP_063856075.1	ARO:3000168	Strict
ncbi	WP_063856076.1	ARO:3000173	Perfect
ncbi	WP_063856078.1	ARO:3000175	Strict
ncbi	WP_063856079.1	ARO:3000177	Perfect
ncbi	WP_063856080.1	ARO:3000179	Perfect
ncbi	WP_063856081.1	ARO:3003196	Strict
ncbi	WP_063856107.1	ARO:3000186	Strict
ncbi	WP_063856108.1	ARO:3000186	Strict
ncbi	WP_063856109.1	ARO:3000186	Strict
ncbi	WP_063856110.1	ARO:3000186	Strict
ncbi	WP_063856111.1	ARO:3000186	Strict
ncbi	WP_063856112.1	ARO:3000186	Strict
ncbi	WP_063856113.1	ARO:3000186	Strict
ncbi	WP_063856114.1	ARO:3000186	Strict
ncbi	WP_063856115.1	ARO:3000186	Perfect
ncbi	WP_063856390.1	ARO:3000186	Strict
ncbi	WP_063856391.1	ARO:3000186	Strict
ncbi	WP_063856392.1	ARO:3000186	Strict
ncbi	WP_063856393.1	ARO:3000186	Strict
ncbi	WP_063856394.1	ARO:3000186	Strict
ncbi	WP_063856395.1	ARO:3000186	Strict
ncbi	WP_063856396.1	ARO:3000186	Strict
ncbi	WP_063856397.1	ARO:3000186	Strict
ncbi	WP_063856398.1	ARO:3000186	Strict
ncbi	WP_063856399.1	ARO:3000186	Strict
ncbi	WP_063856400.1	ARO:3000186	Strict
ncbi	WP_063856401.1	ARO:3000186	Strict
ncbi	WP_063856402.1	ARO:3000186	Strict
ncbi	WP_063856403.1	ARO:3000186	Strict
ncbi	WP_063856404.1	ARO:3000190	Strict
ncbi	WP_063856405.1	ARO:3000190	Strict
ncbi	WP_063856406.1	ARO:3000190	Strict
ncbi	WP_063856407.1	ARO:3000191	Strict
ncbi	WP_063856408.1	ARO:3000191	Strict
ncbi	WP_063856409.1	ARO:3000191	Strict
ncbi	WP_063856411.1	ARO:3000192	Strict
ncbi	WP_063856412.1	ARO:3000193	Perfect
ncbi	WP_063856413.1	ARO:3000193	Strict
ncbi	WP_063856414.1	ARO:3000194	Strict
ncbi	WP_063856415.1	ARO:3007121	Strict
ncbi	WP_063856416.1	ARO:3000194	Strict
ncbi	WP_063856417.1	ARO:3000194	Strict
ncbi	WP_063856418.1	ARO:3000194	Strict
ncbi	WP_063856419.1	ARO:3007122	Perfect
ncbi	WP_063856420.1	ARO:3007122	Strict
ncbi	WP_063856421.1	ARO:3007123	Strict
ncbi	WP_063856422.1	ARO:3000194	Strict
ncbi	WP_063856423.1	ARO:3000194	Strict
ncbi	WP_063856424.1	ARO:3000194	Strict
ncbi	WP_063856425.1	ARO:3000194	Strict
ncbi	WP_063856436.1	ARO:3000205	Perfect
ncbi	WP_063856444.1	ARO:3005056	Strict
ncbi	WP_063856459.1	ARO:3000182	Strict
ncbi	WP_063856469.1	ARO:3004032	Perfect
ncbi	WP_063856491.1	ARO:3002827	Perfect
ncbi	WP_063856492.1	ARO:3003060	Perfect
ncbi	WP_063856516.1	ARO:3000010	Strict
ncbi	WP_063856521.1	ARO:3000010	Strict
ncbi	WP_063856526.1	ARO:3000010	Strict
ncbi	WP_063856531.1	ARO:3000010	Strict
ncbi	WP_063856536.1	ARO:3000010	Strict
ncbi	WP_063856559.1	ARO:3000013	Strict
ncbi	WP_063856565.1	ARO:3000013	Strict
ncbi	WP_063856580.1	ARO:3000013	Strict
ncbi	WP_063856590.1	ARO:3000013	Strict
ncbi	WP_063856593.1	ARO:3000013	Strict
ncbi	WP_063856597.1	ARO:3000013	Strict
ncbi	WP_063856625.1	ARO:3000013	Strict
ncbi	WP_063856635.1	ARO:3000368	Strict
ncbi	WP_063856645.1	ARO:3000368	Strict
ncbi	WP_063856652.1	ARO:3000368	Strict
ncbi	WP_063856657.1	ARO:3000368	Strict
ncbi	WP_063856666.1	ARO:3000368	Strict
ncbi	WP_063856670.1	ARO:3000368	Strict
ncbi	WP_063856678.1	ARO:3000368	Strict
ncbi	WP_063856681.1	ARO:3000368	Strict
ncbi	WP_063856686.1	ARO:3000368	Strict
ncbi	WP_063856687.1	ARO:3000368	Strict
ncbi	WP_063856688.1	ARO:3000368	Strict
ncbi	WP_063856689.1	ARO:3000005	Strict
ncbi	WP_063856690.1	ARO:3000005	Strict
ncbi	WP_063856691.1	ARO:3000005	Strict
ncbi	WP_063856692.1	ARO:3000005	Strict
ncbi	WP_063856693.1	ARO:3000005	Strict
ncbi	WP_063856694.1	ARO:3002907	Perfect
ncbi	WP_063856695.1	ARO:3002909	Strict
ncbi	WP_063856696.1	ARO:3002909	Strict
ncbi	WP_063856697.1	ARO:3002942	Strict
ncbi	WP_063856698.1	ARO:3002948	Strict
ncbi	WP_063856699.1	ARO:3002948	Strict
ncbi	WP_063856700.1	ARO:3002948	Strict
ncbi	WP_063856701.1	ARO:3002943	Strict
ncbi	WP_063856702.1	ARO:3002944	Strict
ncbi	WP_063856703.1	ARO:3002944	Strict
ncbi	WP_063856704.1	ARO:3002944	Perfect
ncbi	WP_063856705.1	ARO:3002944	Strict
ncbi	WP_063856706.1	ARO:3002947	Perfect
ncbi	WP_063856707.1	ARO:3002948	Perfect
ncbi	WP_063856708.1	ARO:3002942	Strict
ncbi	WP_063856709.1	ARO:3002945	Strict
ncbi	WP_063856710.1	ARO:3002942	Strict
ncbi	WP_063856711.1	ARO:3002910	Perfect
ncbi	WP_063856712.1	ARO:3002911	Perfect
ncbi	WP_063856713.1	ARO:3002912	Perfect
ncbi	WP_063856714.1	ARO:3002913	Perfect
ncbi	WP_063856715.1	ARO:3002923	Strict
ncbi	WP_063856716.1	ARO:3002919	Strict
ncbi	WP_063856718.1	ARO:3002924	Perfect
ncbi	WP_063856719.1	ARO:3002921	Strict
ncbi	WP_063856720.1	ARO:3002919	Strict
ncbi	WP_063856721.1	ARO:3002919	Strict
ncbi	WP_063856722.1	ARO:3002923	Strict
ncbi	WP_063856723.1	ARO:3002921	Strict
ncbi	WP_063856724.1	ARO:3002927	Perfect
ncbi	WP_063856725.1	ARO:3002922	Strict
ncbi	WP_063856726.1	ARO:3002928	Perfect
ncbi	WP_063856727.1	ARO:3002923	Strict
ncbi	WP_063856728.1	ARO:3002929	Perfect
ncbi	WP_063856729.1	ARO:3002930	Perfect
ncbi	WP_063856732.1	ARO:3002937	Strict
ncbi	WP_063856733.1	ARO:3002933	Perfect
ncbi	WP_063856734.1	ARO:3002935	Perfect
ncbi	WP_063856737.1	ARO:3002932	Strict
ncbi	WP_063856739.1	ARO:3002932	Strict
ncbi	WP_063856740.1	ARO:3002931	Strict
ncbi	WP_063856743.1	ARO:3002933	Strict
ncbi	WP_063856745.1	ARO:3002938	Perfect
ncbi	WP_063856748.1	ARO:3002939	Perfect
ncbi	WP_063856749.1	ARO:3002940	Perfect
ncbi	WP_063856751.1	ARO:3002932	Strict
ncbi	WP_063856752.1	ARO:3002972	Strict
ncbi	WP_063856753.1	ARO:3002971	Perfect
ncbi	WP_063856754.1	ARO:3002970	Strict
ncbi	WP_063856755.1	ARO:3002970	Strict
ncbi	WP_063856756.1	ARO:3002970	Strict
ncbi	WP_063856757.1	ARO:3002975	Perfect
ncbi	WP_063856758.1	ARO:3002970	Strict
ncbi	WP_063856759.1	ARO:3002970	Strict
ncbi	WP_063856760.1	ARO:3002973	Perfect
ncbi	WP_063856761.1	ARO:3002974	Perfect
ncbi	WP_063856762.1	ARO:3002965	Strict
ncbi	WP_063856763.1	ARO:3002964	Strict
ncbi	WP_063856764.1	ARO:3002964	Strict
ncbi	WP_063856765.1	ARO:3002964	Strict
ncbi	WP_063856766.1	ARO:3002964	Strict
ncbi	WP_063856767.1	ARO:3002949	Strict
ncbi	WP_063856768.1	ARO:3002954	Strict
ncbi	WP_063856769.1	ARO:3003725	Strict
ncbi	WP_063856770.1	ARO:3002950	Perfect
ncbi	WP_063856771.1	ARO:3002950	Strict
ncbi	WP_063856772.1	ARO:3002950	Strict
ncbi	WP_063856773.1	ARO:3003070	Strict
ncbi	WP_063856774.1	ARO:3003070	Strict
ncbi	WP_063856775.1	ARO:3003070	Strict
ncbi	WP_063856776.1	ARO:3003070	Strict
ncbi	WP_063856777.1	ARO:3002953	Perfect
ncbi	WP_063856778.1	ARO:3002954	Perfect
ncbi	WP_063856779.1	ARO:3002949	Strict
ncbi	WP_063856780.1	ARO:3002949	Strict
ncbi	WP_063856781.1	ARO:3002949	Strict
ncbi	WP_063856782.1	ARO:3003069	Perfect
ncbi	WP_063856783.1	ARO:3003069	Strict
ncbi	WP_063856788.1	ARO:3002966	Strict
ncbi	WP_063856795.1	ARO:3002966	Strict
ncbi	WP_063856799.1	ARO:3002966	Strict
ncbi	WP_063856805.1	ARO:3002966	Strict
ncbi	WP_063856813.1	ARO:3002967	Perfect
ncbi	WP_063856817.1	ARO:3002968	Perfect
ncbi	WP_063856820.1	ARO:3002969	Perfect
ncbi	WP_063856841.1	ARO:3002955	Strict
ncbi	WP_063856854.1	ARO:3002957	Strict
ncbi	WP_063856862.1	ARO:3002957	Strict
ncbi	WP_063856871.1	ARO:3002957	Strict
ncbi	WP_063856881.1	ARO:3002957	Strict
ncbi	WP_063856894.1	ARO:3002959	Strict
ncbi	WP_063856910.1	ARO:3002955	Strict
ncbi	WP_063856916.1	ARO:3002955	Strict
ncbi	WP_063856920.1	ARO:3002955	Strict
ncbi	WP_063856925.1	ARO:3002962	Strict
ncbi	WP_063856929.1	ARO:3002844	Strict
ncbi	WP_063856930.1	ARO:3002844	Strict
ncbi	WP_063856931.1	ARO:3002844	Strict
ncbi	WP_063856932.1	ARO:3002844	Strict
ncbi	WP_063856933.1	ARO:3002844	Strict
ncbi	WP_063856934.1	ARO:3002844	Strict
ncbi	WP_063856935.1	ARO:3002845	Perfect
ncbi	WP_063856938.1	ARO:3002832	Perfect
ncbi	WP_063856939.1	ARO:3001307	Strict
ncbi	WP_063856943.1	ARO:3002542	Perfect
ncbi	WP_063857693.1	ARO:3004704	Perfect
ncbi	WP_063857694.1	ARO:3002848	Strict
ncbi	WP_063857695.1	ARO:3002853	Perfect
ncbi	WP_063857696.1	ARO:3003716	Perfect
ncbi	WP_063857697.1	ARO:3006229	Perfect
ncbi	WP_063857698.1	ARO:3006230	Perfect
ncbi	WP_063857702.1	ARO:3001816	Perfect
ncbi	WP_063857708.1	ARO:3006228	Strict
ncbi	WP_063857727.1	ARO:3001821	Perfect
ncbi	WP_063857730.1	ARO:3001832	Perfect
ncbi	WP_063857735.1	ARO:3001835	Perfect
ncbi	WP_063857768.1	ARO:3001839	Perfect
ncbi	WP_063857769.1	ARO:3001841	Perfect
ncbi	WP_063857770.1	ARO:3001842	Perfect
ncbi	WP_063857771.1	ARO:3001843	Perfect
ncbi	WP_063857772.1	ARO:3001849	Perfect
ncbi	WP_063857773.1	ARO:3001823	Perfect
ncbi	WP_063857774.1	ARO:3001850	Perfect
ncbi	WP_063857775.1	ARO:3001851	Perfect
ncbi	WP_063857776.1	ARO:3001852	Perfect
ncbi	WP_063857777.1	ARO:3001853	Perfect
ncbi	WP_063857778.1	ARO:3001854	Perfect
ncbi	WP_063857779.1	ARO:3001855	Perfect
ncbi	WP_063857780.1	ARO:3003171	Perfect
ncbi	WP_063857781.1	ARO:3003655	Perfect
ncbi	WP_063857782.1	ARO:3006234	Perfect
ncbi	WP_063857783.1	ARO:3001824	Perfect
ncbi	WP_063857784.1	ARO:3001830	Perfect
ncbi	WP_063857785.1	ARO:3001831	Perfect
ncbi	WP_063857786.1	ARO:3003855	Perfect
ncbi	WP_063857787.1	ARO:3003856	Perfect
ncbi	WP_063857788.1	ARO:3003857	Perfect
ncbi	WP_063857789.1	ARO:3003858	Perfect
ncbi	WP_063857790.1	ARO:3003859	Perfect
ncbi	WP_063857791.1	ARO:3003860	Perfect
ncbi	WP_063857792.1	ARO:3003861	Perfect
ncbi	WP_063857793.1	ARO:3003863	Perfect
ncbi	WP_063857794.1	ARO:3003864	Perfect
ncbi	WP_063857795.1	ARO:3003865	Perfect
ncbi	WP_063857796.1	ARO:3003866	Perfect
ncbi	WP_063857797.1	ARO:3003867	Perfect
ncbi	WP_063857798.1	ARO:3003849	Perfect
ncbi	WP_063857799.1	ARO:3006430	Perfect
ncbi	WP_063857800.1	ARO:3003871	Perfect
ncbi	WP_063857801.1	ARO:3003850	Perfect
ncbi	WP_063857802.1	ARO:3003872	Perfect
ncbi	WP_063857803.1	ARO:3003873	Perfect
ncbi	WP_063857804.1	ARO:3003876	Perfect
ncbi	WP_063857805.1	ARO:3006431	Perfect
ncbi	WP_063857806.1	ARO:3006433	Perfect
ncbi	WP_063857807.1	ARO:3006434	Perfect
ncbi	WP_063857808.1	ARO:3004618	Perfect
ncbi	WP_063857809.1	ARO:3004619	Perfect
ncbi	WP_063857810.1	ARO:3004620	Perfect
ncbi	WP_063857811.1	ARO:3004632	Perfect
ncbi	WP_063857812.1	ARO:3006436	Perfect
ncbi	WP_063857814.1	ARO:3004633	Perfect
ncbi	WP_063857815.1	ARO:3004493	Perfect
ncbi	WP_063857816.1	ARO:3003853	Perfect
ncbi	WP_063857817.1	ARO:3003881	Perfect
ncbi	WP_063857818.1	ARO:3003883	Perfect
ncbi	WP_063857819.1	ARO:3002481	Perfect
ncbi	WP_063857820.1	ARO:3000853	Perfect
ncbi	WP_063857821.1	ARO:3004740	Perfect
ncbi	WP_063857823.1	ARO:3005524	Perfect
ncbi	WP_063857824.1	ARO:3005525	Perfect
ncbi	WP_063857825.1	ARO:3005526	Perfect
ncbi	WP_063857826.1	ARO:3005533	Perfect
ncbi	WP_063857827.1	ARO:3005543	Perfect
ncbi	WP_063857828.1	ARO:3005553	Perfect
ncbi	WP_063857830.1	ARO:3002385	Perfect
ncbi	WP_063857831.1	ARO:3002386	Perfect
ncbi	WP_063857832.1	ARO:3002387	Perfect
ncbi	WP_063857833.1	ARO:3004753	Perfect
ncbi	WP_063857834.1	ARO:3004757	Perfect
ncbi	WP_063857835.1	ARO:3002240	Perfect
ncbi	WP_063857836.1	ARO:3002249	Perfect
ncbi	WP_063857838.1	ARO:3005559	Perfect
ncbi	WP_063857839.1	ARO:3002250	Perfect
ncbi	WP_063857843.1	ARO:3002252	Perfect
ncbi	WP_063857870.1	ARO:3003175	Perfect
ncbi	WP_063859105.1	ARO:3002242	Strict
ncbi	WP_063859341.1	ARO:3002244	Perfect
ncbi	WP_063859348.1	ARO:3002245	Perfect
ncbi	WP_063859363.1	ARO:3002247	Perfect
ncbi	WP_063859390.1	ARO:3000855	Perfect
ncbi	WP_063859465.1	ARO:3004769	Perfect
ncbi	WP_063859478.1	ARO:3004770	Perfect
ncbi	WP_063859542.1	ARO:3004773	Perfect
ncbi	WP_063859570.1	ARO:3006155	Perfect
ncbi	WP_063859580.1	ARO:3004777	Perfect
ncbi	WP_063859588.1	ARO:3006854	Perfect
ncbi	WP_063859613.1	ARO:3002112	Perfect
ncbi	WP_063859625.1	ARO:3002114	Perfect
ncbi	WP_063859632.1	ARO:3002115	Perfect
ncbi	WP_063859640.1	ARO:3002116	Perfect
ncbi	WP_063859647.1	ARO:3002117	Perfect
ncbi	WP_063859654.1	ARO:3002118	Perfect
ncbi	WP_063859673.1	ARO:3002120	Perfect
ncbi	WP_063859688.1	ARO:3002071	Perfect
ncbi	WP_063859698.1	ARO:3002122	Perfect
ncbi	WP_063859702.1	ARO:3002123	Perfect
ncbi	WP_063859704.1	ARO:3002124	Perfect
ncbi	WP_063859710.1	ARO:3002125	Perfect
ncbi	WP_063859713.1	ARO:3002126	Perfect
ncbi	WP_063859718.1	ARO:3002127	Perfect
ncbi	WP_063859722.1	ARO:3002128	Perfect
ncbi	WP_063859728.1	ARO:3002129	Perfect
ncbi	WP_063859734.1	ARO:3002130	Perfect
ncbi	WP_063859743.1	ARO:3002023	Perfect
ncbi	WP_063859750.1	ARO:3003129	Perfect
ncbi	WP_063859757.1	ARO:3003130	Perfect
ncbi	WP_063859763.1	ARO:3003132	Perfect
ncbi	WP_063859768.1	ARO:3003133	Perfect
ncbi	WP_063859770.1	ARO:3003135	Perfect
ncbi	WP_063859772.1	ARO:3003136	Perfect
ncbi	WP_063859777.1	ARO:3003137	Perfect
ncbi	WP_063859784.1	ARO:3003138	Perfect
ncbi	WP_063859788.1	ARO:3003170	Perfect
ncbi	WP_063859793.1	ARO:3003652	Perfect
ncbi	WP_063859798.1	ARO:3003653	Perfect
ncbi	WP_063859802.1	ARO:3003654	Perfect
ncbi	WP_063859809.1	ARO:3004778	Perfect
ncbi	WP_063859814.1	ARO:3005220	Perfect
ncbi	WP_063859815.1	ARO:3005191	Perfect
ncbi	WP_063859816.1	ARO:3002025	Perfect
ncbi	WP_063859817.1	ARO:3002026	Perfect
ncbi	WP_063859818.1	ARO:3002028	Perfect
ncbi	WP_063859824.1	ARO:3002029	Perfect
ncbi	WP_063859826.1	ARO:3002030	Perfect
ncbi	WP_063859827.1	ARO:3002031	Perfect
ncbi	WP_063859828.1	ARO:3002032	Perfect
ncbi	WP_063859829.1	ARO:3002033	Perfect
ncbi	WP_063859830.1	ARO:3002037	Perfect
ncbi	WP_063859831.1	ARO:3002038	Perfect
ncbi	WP_063859832.1	ARO:3002039	Perfect
ncbi	WP_063859833.1	ARO:3002040	Perfect
ncbi	WP_063859834.1	ARO:3002043	Perfect
ncbi	WP_063859835.1	ARO:3002044	Perfect
ncbi	WP_063859836.1	ARO:3002045	Perfect
ncbi	WP_063859837.1	ARO:3002046	Perfect
ncbi	WP_063859838.1	ARO:3002048	Perfect
ncbi	WP_063859839.1	ARO:3002050	Perfect
ncbi	WP_063859840.1	ARO:3002051	Perfect
ncbi	WP_063859841.1	ARO:3002054	Perfect
ncbi	WP_063859842.1	ARO:3002055	Perfect
ncbi	WP_063859843.1	ARO:3002056	Perfect
ncbi	WP_063859844.1	ARO:3002057	Perfect
ncbi	WP_063859845.1	ARO:3002058	Perfect
ncbi	WP_063859846.1	ARO:3002061	Perfect
ncbi	WP_063859847.1	ARO:3002062	Perfect
ncbi	WP_063859848.1	ARO:3002065	Perfect
ncbi	WP_063859849.1	ARO:3002066	Perfect
ncbi	WP_063859850.1	ARO:3002067	Perfect
ncbi	WP_063859851.1	ARO:3002068	Perfect
ncbi	WP_063859852.1	ARO:3002069	Strict
ncbi	WP_063859853.1	ARO:3002073	Perfect
ncbi	WP_063859854.1	ARO:3002074	Perfect
ncbi	WP_063859855.1	ARO:3002075	Perfect
ncbi	WP_063859856.1	ARO:3002076	Perfect
ncbi	WP_063859857.1	ARO:3002077	Perfect
ncbi	WP_063859858.1	ARO:3002079	Perfect
ncbi	WP_063859859.1	ARO:3002080	Perfect
ncbi	WP_063859860.1	ARO:3002081	Perfect
ncbi	WP_063859861.1	ARO:3002082	Perfect
ncbi	WP_063859862.1	ARO:3002084	Perfect
ncbi	WP_063859863.1	ARO:3002086	Perfect
ncbi	WP_063859864.1	ARO:3002087	Perfect
ncbi	WP_063859865.1	ARO:3002088	Perfect
ncbi	WP_063859866.1	ARO:3002089	Perfect
ncbi	WP_063859867.1	ARO:3002090	Perfect
ncbi	WP_063859868.1	ARO:3002091	Perfect
ncbi	WP_063859869.1	ARO:3002092	Perfect
ncbi	WP_063859870.1	ARO:3002093	Perfect
ncbi	WP_063859871.1	ARO:3002094	Perfect
ncbi	WP_063859872.1	ARO:3002095	Perfect
ncbi	WP_063859873.1	ARO:3002096	Perfect
ncbi	WP_063859877.1	ARO:3002098	Perfect
ncbi	WP_063859888.1	ARO:3002100	Perfect
ncbi	WP_063859891.1	ARO:3002102	Perfect
ncbi	WP_063859897.1	ARO:3006464	Perfect
ncbi	WP_063859909.1	ARO:3002103	Perfect
ncbi	WP_063859914.1	ARO:3002106	Perfect
ncbi	WP_063859915.1	ARO:3002107	Perfect
ncbi	WP_063859916.1	ARO:3002108	Perfect
ncbi	WP_063859917.1	ARO:3002109	Perfect
ncbi	WP_063859918.1	ARO:3002110	Perfect
ncbi	WP_063859919.1	ARO:3002070	Perfect
ncbi	WP_063859920.1	ARO:3006871	Perfect
ncbi	WP_063859921.1	ARO:3001960	Perfect
ncbi	WP_063859922.1	ARO:3001961	Perfect
ncbi	WP_063859923.1	ARO:3001962	Perfect
ncbi	WP_063859924.1	ARO:3001970	Perfect
ncbi	WP_063859925.1	ARO:3001971	Perfect
ncbi	WP_063859926.1	ARO:3001972	Perfect
ncbi	WP_063859927.1	ARO:3001973	Perfect
ncbi	WP_063859928.1	ARO:3001974	Perfect
ncbi	WP_063859932.1	ARO:3001981	Perfect
ncbi	WP_063859945.1	ARO:3001983	Perfect
ncbi	WP_063859946.1	ARO:3001984	Perfect
ncbi	WP_063859947.1	ARO:3001985	Perfect
ncbi	WP_063859948.1	ARO:3001988	Perfect
ncbi	WP_063859949.1	ARO:3001989	Perfect
ncbi	WP_063859950.1	ARO:3001990	Perfect
ncbi	WP_063859951.1	ARO:3001991	Perfect
ncbi	WP_063859952.1	ARO:3001992	Perfect
ncbi	WP_063859953.1	ARO:3001995	Perfect
ncbi	WP_063859954.1	ARO:3001994	Perfect
ncbi	WP_063859955.1	ARO:3001997	Perfect
ncbi	WP_063859956.1	ARO:3001999	Perfect
ncbi	WP_063859957.1	ARO:3002000	Perfect
ncbi	WP_063859958.1	ARO:3002005	Perfect
ncbi	WP_063859959.1	ARO:3002007	Perfect
ncbi	WP_063859960.1	ARO:3002008	Perfect
ncbi	WP_063859962.1	ARO:3003163	Perfect
ncbi	WP_063859963.1	ARO:3003164	Perfect
ncbi	WP_063859964.1	ARO:3003165	Perfect
ncbi	WP_063859965.1	ARO:3003166	Perfect
ncbi	WP_063859966.1	ARO:3003167	Perfect
ncbi	WP_063859967.1	ARO:3001879	Perfect
ncbi	WP_063859968.1	ARO:3003168	Perfect
ncbi	WP_063859969.1	ARO:3003169	Perfect
ncbi	WP_063859970.1	ARO:3003646	Perfect
ncbi	WP_063859971.1	ARO:3003647	Perfect
ncbi	WP_063859972.1	ARO:3003648	Perfect
ncbi	WP_063859973.1	ARO:3003650	Perfect
ncbi	WP_063859974.1	ARO:3005590	Perfect
ncbi	WP_063859975.1	ARO:3005591	Perfect
ncbi	WP_063859976.1	ARO:3005592	Perfect
ncbi	WP_063859984.1	ARO:3005593	Perfect
ncbi	WP_063859993.1	ARO:3005595	Perfect
ncbi	WP_063859998.1	ARO:3005596	Perfect
ncbi	WP_063860005.1	ARO:3005597	Perfect
ncbi	WP_063860009.1	ARO:3005598	Perfect
ncbi	WP_063860014.1	ARO:3005599	Perfect
ncbi	WP_063860019.1	ARO:3005600	Perfect
ncbi	WP_063860025.1	ARO:3005602	Perfect
ncbi	WP_063860034.1	ARO:3005603	Perfect
ncbi	WP_063860035.1	ARO:3005604	Perfect
ncbi	WP_063860036.1	ARO:3005605	Perfect
ncbi	WP_063860037.1	ARO:3001881	Perfect
ncbi	WP_063860038.1	ARO:3001882	Perfect
ncbi	WP_063860039.1	ARO:3001883	Perfect
ncbi	WP_063860040.1	ARO:3001885	Perfect
ncbi	WP_063860041.1	ARO:3001888	Perfect
ncbi	WP_063860042.1	ARO:3001890	Perfect
ncbi	WP_063860043.1	ARO:3001891	Perfect
ncbi	WP_063860044.1	ARO:3001893	Perfect
ncbi	WP_063860045.1	ARO:3001896	Perfect
ncbi	WP_063860046.1	ARO:3001897	Perfect
ncbi	WP_063860047.1	ARO:3001898	Perfect
ncbi	WP_063860048.1	ARO:3001899	Perfect
ncbi	WP_063860049.1	ARO:3001900	Perfect
ncbi	WP_063860050.1	ARO:3001902	Perfect
ncbi	WP_063860051.1	ARO:3001903	Perfect
ncbi	WP_063860052.1	ARO:3001904	Perfect
ncbi	WP_063860053.1	ARO:3001905	Perfect
ncbi	WP_063860054.1	ARO:3001906	Perfect
ncbi	WP_063860055.1	ARO:3001908	Perfect
ncbi	WP_063860056.1	ARO:3001909	Perfect
ncbi	WP_063860057.1	ARO:3001910	Perfect
ncbi	WP_063860058.1	ARO:3001911	Perfect
ncbi	WP_063860059.1	ARO:3001912	Perfect
ncbi	WP_063860060.1	ARO:3001913	Perfect
ncbi	WP_063860061.1	ARO:3001914	Perfect
ncbi	WP_063860062.1	ARO:3001916	Perfect
ncbi	WP_063860063.1	ARO:3001918	Perfect
ncbi	WP_063860064.1	ARO:3001919	Perfect
ncbi	WP_063860065.1	ARO:3001920	Perfect
ncbi	WP_063860066.1	ARO:3001921	Perfect
ncbi	WP_063860067.1	ARO:3001922	Perfect
ncbi	WP_063860068.1	ARO:3001924	Perfect
ncbi	WP_063860069.1	ARO:3001929	Perfect
ncbi	WP_063860070.1	ARO:3001930	Perfect
ncbi	WP_063860071.1	ARO:3001894	Strict
ncbi	WP_063860072.1	ARO:3001934	Perfect
ncbi	WP_063860073.1	ARO:3001935	Perfect
ncbi	WP_063860074.1	ARO:3001936	Perfect
ncbi	WP_063860075.1	ARO:3001937	Perfect
ncbi	WP_063860076.1	ARO:3001938	Perfect
ncbi	WP_063860077.1	ARO:3001939	Perfect
ncbi	WP_063860078.1	ARO:3001940	Perfect
ncbi	WP_063860079.1	ARO:3001941	Perfect
ncbi	WP_063860080.1	ARO:3001942	Perfect
ncbi	WP_063860081.1	ARO:3001943	Perfect
ncbi	WP_063860082.1	ARO:3001944	Perfect
ncbi	WP_063860083.1	ARO:3001945	Perfect
ncbi	WP_063860084.1	ARO:3002495	Perfect
ncbi	WP_063860085.1	ARO:3001946	Perfect
ncbi	WP_063860086.1	ARO:3001948	Perfect
ncbi	WP_063860087.1	ARO:3001949	Perfect
ncbi	WP_063860088.1	ARO:3001950	Perfect
ncbi	WP_063860089.1	ARO:3001951	Perfect
ncbi	WP_063860090.1	ARO:3001952	Perfect
ncbi	WP_063860091.1	ARO:3001954	Perfect
ncbi	WP_063860092.1	ARO:3001955	Perfect
ncbi	WP_063860093.1	ARO:3005667	Perfect
ncbi	WP_063860094.1	ARO:3001958	Perfect
ncbi	WP_063860095.1	ARO:3004780	Perfect
ncbi	WP_063860096.1	ARO:3002141	Perfect
ncbi	WP_063860097.1	ARO:3002145	Perfect
ncbi	WP_063860098.1	ARO:3002146	Perfect
ncbi	WP_063860099.1	ARO:3002147	Perfect
ncbi	WP_063860100.1	ARO:3002148	Perfect
ncbi	WP_063860101.1	ARO:3002149	Perfect
ncbi	WP_063860102.1	ARO:3002150	Perfect
ncbi	WP_063860103.1	ARO:3002133	Perfect
ncbi	WP_063860104.1	ARO:3002151	Perfect
ncbi	WP_063860105.1	ARO:3002152	Perfect
ncbi	WP_063860108.1	ARO:3002154	Perfect
ncbi	WP_063860114.1	ARO:3006465	Perfect
ncbi	WP_063860155.1	ARO:3002138	Perfect
ncbi	WP_063860162.1	ARO:3002135	Perfect
ncbi	WP_063860203.1	ARO:3000848	Perfect
ncbi	WP_063860216.1	ARO:3000842	Perfect
ncbi	WP_063860228.1	ARO:3006874	Perfect
ncbi	WP_063860233.1	ARO:3006875	Perfect
ncbi	WP_063860248.1	ARO:3006877	Perfect
ncbi	WP_063860256.1	ARO:3006878	Perfect
ncbi	WP_063860263.1	ARO:3006879	Perfect
ncbi	WP_063860467.1	ARO:3003717	Perfect
ncbi	WP_063860489.1	ARO:3004789	Perfect
ncbi	WP_063860490.1	ARO:3004790	Perfect
ncbi	WP_063860491.1	ARO:3004791	Perfect
ncbi	WP_063860492.1	ARO:3004792	Perfect
ncbi	WP_063860493.1	ARO:3004793	Perfect
ncbi	WP_063860494.1	ARO:3002155	Perfect
ncbi	WP_063860495.1	ARO:3002165	Perfect
ncbi	WP_063860496.1	ARO:3006471	Perfect
ncbi	WP_063860497.1	ARO:3002163	Perfect
ncbi	WP_063860498.1	ARO:3004797	Perfect
ncbi	WP_063860499.1	ARO:3002339	Perfect
ncbi	WP_063860500.1	ARO:3002341	Perfect
ncbi	WP_063860501.1	ARO:3002342	Perfect
ncbi	WP_063860502.1	ARO:3002343	Perfect
ncbi	WP_063860503.1	ARO:3002344	Perfect
ncbi	WP_063860504.1	ARO:3002345	Perfect
ncbi	WP_063860505.1	ARO:3002346	Perfect
ncbi	WP_063860506.1	ARO:3002347	Perfect
ncbi	WP_063860507.1	ARO:3002350	Perfect
ncbi	WP_063860508.1	ARO:3002351	Perfect
ncbi	WP_063860509.1	ARO:3002352	Perfect
ncbi	WP_063860510.1	ARO:3003185	Perfect
ncbi	WP_063860511.1	ARO:3003181	Perfect
ncbi	WP_063860512.1	ARO:3006156	Perfect
ncbi	WP_063860513.1	ARO:3006157	Perfect
ncbi	WP_063860514.1	ARO:3006158	Perfect
ncbi	WP_063860515.1	ARO:3002332	Perfect
ncbi	WP_063860516.1	ARO:3006159	Perfect
ncbi	WP_063860517.1	ARO:3006160	Perfect
ncbi	WP_063860518.1	ARO:3002333	Perfect
ncbi	WP_063860519.1	ARO:3002337	Perfect
ncbi	WP_063860520.1	ARO:3002338	Perfect
ncbi	WP_063860521.1	ARO:3006888	Perfect
ncbi	WP_063860522.1	ARO:3003194	Perfect
ncbi	WP_063860523.1	ARO:3000850	Perfect
ncbi	WP_063860525.1	ARO:3004802	Perfect
ncbi	WP_063860531.1	ARO:3004803	Perfect
ncbi	WP_063860536.1	ARO:3004804	Perfect
ncbi	WP_063860547.1	ARO:3004806	Perfect
ncbi	WP_063860554.1	ARO:3004807	Perfect
ncbi	WP_063860558.1	ARO:3004808	Perfect
ncbi	WP_063860559.1	ARO:3008195	Perfect
ncbi	WP_063860560.1	ARO:3004213	Perfect
ncbi	WP_063860561.1	ARO:3004815	Perfect
ncbi	WP_063860562.1	ARO:3004816	Perfect
ncbi	WP_063860563.1	ARO:3008201	Perfect
ncbi	WP_063860564.1	ARO:3008203	Perfect
ncbi	WP_063860565.1	ARO:3008204	Perfect
ncbi	WP_063860566.1	ARO:3008205	Perfect
ncbi	WP_063860567.1	ARO:3008206	Perfect
ncbi	WP_063860568.1	ARO:3001860	Perfect
ncbi	WP_063860569.1	ARO:3001861	Perfect
ncbi	WP_063860570.1	ARO:3001863	Perfect
ncbi	WP_063860571.1	ARO:3003177	Perfect
ncbi	WP_063860572.1	ARO:3003142	Perfect
ncbi	WP_063860573.1	ARO:3002202	Perfect
ncbi	WP_063860574.1	ARO:3002203	Perfect
ncbi	WP_063860575.1	ARO:3002206	Perfect
ncbi	WP_063860576.1	ARO:3002207	Perfect
ncbi	WP_063860577.1	ARO:3002208	Perfect
ncbi	WP_063860578.1	ARO:3002193	Perfect
ncbi	WP_063860579.1	ARO:3002211	Perfect
ncbi	WP_063860580.1	ARO:3002212	Perfect
ncbi	WP_063860581.1	ARO:3002213	Perfect
ncbi	WP_063860582.1	ARO:3002214	Perfect
ncbi	WP_063860583.1	ARO:3002215	Perfect
ncbi	WP_063860584.1	ARO:3002216	Perfect
ncbi	WP_063860585.1	ARO:3002218	Perfect
ncbi	WP_063860586.1	ARO:3002219	Perfect
ncbi	WP_063860587.1	ARO:3002220	Perfect
ncbi	WP_063860588.1	ARO:3002194	Perfect
ncbi	WP_063860589.1	ARO:3002221	Perfect
ncbi	WP_063860590.1	ARO:3002223	Perfect
ncbi	WP_063860591.1	ARO:3002224	Perfect
ncbi	WP_063860592.1	ARO:3002226	Perfect
ncbi	WP_063860593.1	ARO:3002228	Perfect
ncbi	WP_063860594.1	ARO:3002229	Perfect
ncbi	WP_063860598.1	ARO:3002231	Perfect
ncbi	WP_063860601.1	ARO:3002232	Perfect
ncbi	WP_063860603.1	ARO:3002233	Perfect
ncbi	WP_063860606.1	ARO:3002234	Perfect
ncbi	WP_063860607.1	ARO:3002235	Perfect
ncbi	WP_063860608.1	ARO:3002236	Perfect
ncbi	WP_063860609.1	ARO:3002239	Perfect
ncbi	WP_063860610.1	ARO:3003657	Perfect
ncbi	WP_063860611.1	ARO:3002196	Perfect
ncbi	WP_063860612.1	ARO:3003659	Perfect
ncbi	WP_063860613.1	ARO:3004823	Perfect
ncbi	WP_063860614.1	ARO:3005463	Perfect
ncbi	WP_063860615.1	ARO:3005464	Perfect
ncbi	WP_063860616.1	ARO:3004494	Perfect
ncbi	WP_063860617.1	ARO:3004495	Perfect
ncbi	WP_063860618.1	ARO:3005465	Perfect
ncbi	WP_063860619.1	ARO:3002198	Perfect
ncbi	WP_063860620.1	ARO:3002256	Perfect
ncbi	WP_063860621.1	ARO:3002266	Perfect
ncbi	WP_063860622.1	ARO:3002267	Perfect
ncbi	WP_063860623.1	ARO:3002268	Perfect
ncbi	WP_063860624.1	ARO:3002269	Perfect
ncbi	WP_063860625.1	ARO:3002258	Perfect
ncbi	WP_063860626.1	ARO:3002259	Perfect
ncbi	WP_063860627.1	ARO:3002260	Perfect
ncbi	WP_063860628.1	ARO:3002261	Perfect
ncbi	WP_063860629.1	ARO:3002262	Perfect
ncbi	WP_063860630.1	ARO:3002263	Perfect
ncbi	WP_063860631.1	ARO:3002264	Perfect
ncbi	WP_063860632.1	ARO:3002265	Perfect
ncbi	WP_063860633.1	ARO:3002320	Perfect
ncbi	WP_063860634.1	ARO:3002322	Perfect
ncbi	WP_063860635.1	ARO:3002323	Perfect
ncbi	WP_063860636.1	ARO:3002324	Perfect
ncbi	WP_063860637.1	ARO:3002325	Perfect
ncbi	WP_063860638.1	ARO:3002326	Perfect
ncbi	WP_063860639.1	ARO:3002327	Perfect
ncbi	WP_063860640.1	ARO:3002328	Perfect
ncbi	WP_063860641.1	ARO:3002329	Perfect
ncbi	WP_063860711.1	ARO:3003145	Perfect
ncbi	WP_063860723.1	ARO:3003180	Perfect
ncbi	WP_063860729.1	ARO:3004496	Perfect
ncbi	WP_063860797.1	ARO:3002318	Perfect
ncbi	WP_063860798.1	ARO:3001857	Perfect
ncbi	WP_063860799.1	ARO:3002454	Perfect
ncbi	WP_063860800.1	ARO:3002478	Perfect
ncbi	WP_063860820.1	ARO:3002465	Perfect
ncbi	WP_063860821.1	ARO:3002466	Perfect
ncbi	WP_063860822.1	ARO:3002467	Perfect
ncbi	WP_063860823.1	ARO:3002468	Perfect
ncbi	WP_063860824.1	ARO:3002470	Perfect
ncbi	WP_063860825.1	ARO:3002471	Perfect
ncbi	WP_063860826.1	ARO:3002456	Perfect
ncbi	WP_063860827.1	ARO:3006941	Perfect
ncbi	WP_063860828.1	ARO:3006944	Perfect
ncbi	WP_063860829.1	ARO:3006945	Perfect
ncbi	WP_063860830.1	ARO:3006946	Perfect
ncbi	WP_063860831.1	ARO:3006947	Perfect
ncbi	WP_063860832.1	ARO:3006948	Perfect
ncbi	WP_063860833.1	ARO:3006949	Perfect
ncbi	WP_063860834.1	ARO:3006950	Perfect
ncbi	WP_063860835.1	ARO:3006951	Perfect
ncbi	WP_063860836.1	ARO:3002177	Perfect
ncbi	WP_063860837.1	ARO:3002178	Perfect
ncbi	WP_063860838.1	ARO:3002179	Perfect
ncbi	WP_063860839.1	ARO:3003139	Perfect
ncbi	WP_063860840.1	ARO:3002168	Perfect
ncbi	WP_063860841.1	ARO:3002171	Perfect
ncbi	WP_063860842.1	ARO:3006953	Perfect
ncbi	WP_063860843.1	ARO:3003140	Perfect
ncbi	WP_063860844.1	ARO:3003141	Perfect
ncbi	WP_063860845.1	ARO:3002183	Perfect
ncbi	WP_063860846.1	ARO:3002186	Perfect
ncbi	WP_063860847.1	ARO:3002184	Perfect
ncbi	WP_063860848.1	ARO:3002188	Perfect
ncbi	WP_063860849.1	ARO:3002185	Perfect
ncbi	WP_063860850.1	ARO:3002189	Perfect
ncbi	WP_063860852.1	ARO:3003842	Perfect
ncbi	WP_063860853.1	ARO:3002360	Perfect
ncbi	WP_063860854.1	ARO:3002361	Perfect
ncbi	WP_063860855.1	ARO:3002362	Perfect
ncbi	WP_063860856.1	ARO:3003182	Perfect
ncbi	WP_063860857.1	ARO:3003183	Perfect
ncbi	WP_063860858.1	ARO:3003663	Perfect
ncbi	WP_063860859.1	ARO:3003664	Perfect
ncbi	WP_063860860.1	ARO:3000590	Perfect
ncbi	WP_063860861.1	ARO:3002355	Perfect
ncbi	WP_063860889.1	ARO:3002515	Perfect
ncbi	WP_063860890.1	ARO:3002516	Perfect
ncbi	WP_063860891.1	ARO:3002517	Perfect
ncbi	WP_063860892.1	ARO:3002518	Perfect
ncbi	WP_063860893.1	ARO:3002519	Perfect
ncbi	WP_063860894.1	ARO:3002521	Perfect
ncbi	WP_063860895.1	ARO:3006956	Perfect
ncbi	WP_063860896.1	ARO:3002418	Perfect
ncbi	WP_063860897.1	ARO:3002427	Perfect
ncbi	WP_063860898.1	ARO:3002428	Perfect
ncbi	WP_063860899.1	ARO:3002429	Perfect
ncbi	WP_063860900.1	ARO:3002430	Perfect
ncbi	WP_063860901.1	ARO:3002431	Perfect
ncbi	WP_063860902.1	ARO:3002432	Perfect
ncbi	WP_063860903.1	ARO:3002433	Perfect
ncbi	WP_063860904.1	ARO:3002421	Perfect
ncbi	WP_063860905.1	ARO:3002422	Perfect
ncbi	WP_063860906.1	ARO:3002424	Perfect
ncbi	WP_063860907.1	ARO:3002426	Perfect
ncbi	WP_063860908.1	ARO:3002443	Perfect
ncbi	WP_063860909.1	ARO:3002444	Perfect
ncbi	WP_063860910.1	ARO:3002446	Perfect
ncbi	WP_063860911.1	ARO:3002450	Perfect
ncbi	WP_063860912.1	ARO:3002451	Perfect
ncbi	WP_063860913.1	ARO:3002452	Perfect
ncbi	WP_063860914.1	ARO:3002435	Perfect
ncbi	WP_063860915.1	ARO:3002453	Perfect
ncbi	WP_063860916.1	ARO:3002436	Perfect
ncbi	WP_063860917.1	ARO:3002437	Perfect
ncbi	WP_063860923.1	ARO:3002438	Perfect
ncbi	WP_063860931.1	ARO:3002442	Perfect
ncbi	WP_063860932.1	ARO:3006958	Perfect
ncbi	WP_063860933.1	ARO:3006959	Perfect
ncbi	WP_063860934.1	ARO:3006960	Perfect
ncbi	WP_063860935.1	ARO:3006961	Perfect
ncbi	WP_063860936.1	ARO:3006962	Perfect
ncbi	WP_063860937.1	ARO:3001439	Perfect
ncbi	WP_063860938.1	ARO:3001639	Perfect
ncbi	WP_063860939.1	ARO:3001406	Perfect
ncbi	WP_063860940.1	ARO:3001641	Perfect
ncbi	WP_063860941.1	ARO:3001643	Perfect
ncbi	WP_063860980.1	ARO:3005704	Perfect
ncbi	WP_063861000.1	ARO:3005707	Perfect
ncbi	WP_063861004.1	ARO:3001440	Perfect
ncbi	WP_063861020.1	ARO:3001768	Perfect
ncbi	WP_063861029.1	ARO:3001407	Perfect
ncbi	WP_063861030.1	ARO:3001444	Perfect
ncbi	WP_063861031.1	ARO:3001445	Perfect
ncbi	WP_063861032.1	ARO:3001446	Perfect
ncbi	WP_063861033.1	ARO:3001447	Perfect
ncbi	WP_063861034.1	ARO:3001449	Perfect
ncbi	WP_063861035.1	ARO:3001408	Perfect
ncbi	WP_063861036.1	ARO:3001651	Perfect
ncbi	WP_063861037.1	ARO:3001652	Perfect
ncbi	WP_063861038.1	ARO:3001702	Perfect
ncbi	WP_063861039.1	ARO:3001655	Perfect
ncbi	WP_063861040.1	ARO:3001451	Perfect
ncbi	WP_063861041.1	ARO:3001803	Perfect
ncbi	WP_063861042.1	ARO:3001654	Perfect
ncbi	WP_063861043.1	ARO:3001804	Perfect
ncbi	WP_063861044.1	ARO:3001779	Perfect
ncbi	WP_063861045.1	ARO:3001801	Perfect
ncbi	WP_063861046.1	ARO:3001453	Perfect
ncbi	WP_063861047.1	ARO:3001454	Perfect
ncbi	WP_063861048.1	ARO:3001410	Perfect
ncbi	WP_063861049.1	ARO:3001455	Perfect
ncbi	WP_063861050.1	ARO:3001457	Perfect
ncbi	WP_063861062.1	ARO:3001459	Perfect
ncbi	WP_063861067.1	ARO:3001460	Perfect
ncbi	WP_063861081.1	ARO:3001463	Perfect
ncbi	WP_063861087.1	ARO:3001464	Perfect
ncbi	WP_063861093.1	ARO:3001663	Perfect
ncbi	WP_063861101.1	ARO:3001799	Perfect
ncbi	WP_063861121.1	ARO:3001662	Perfect
ncbi	WP_063861123.1	ARO:3001465	Perfect
ncbi	WP_063861129.1	ARO:3001466	Perfect
ncbi	WP_063861133.1	ARO:3001467	Perfect
ncbi	WP_063861136.1	ARO:3001468	Perfect
ncbi	WP_063861140.1	ARO:3001469	Perfect
ncbi	WP_063861151.1	ARO:3001470	Perfect
ncbi	WP_063861157.1	ARO:3001471	Perfect
ncbi	WP_063861179.1	ARO:3001657	Perfect
ncbi	WP_063861185.1	ARO:3001658	Perfect
ncbi	WP_063861191.1	ARO:3001659	Perfect
ncbi	WP_063861208.1	ARO:3001660	Perfect
ncbi	WP_063861213.1	ARO:3001661	Perfect
ncbi	WP_063861221.1	ARO:3001472	Perfect
ncbi	WP_063861229.1	ARO:3001473	Perfect
ncbi	WP_063861237.1	ARO:3001413	Perfect
ncbi	WP_063861266.1	ARO:3001709	Perfect
ncbi	WP_063861272.1	ARO:3001475	Perfect
ncbi	WP_063861300.1	ARO:3001477	Perfect
ncbi	WP_063861309.1	ARO:3001414	Perfect
ncbi	WP_063861316.1	ARO:3001766	Perfect
ncbi	WP_063861475.1	ARO:3001479	Perfect
ncbi	WP_063861482.1	ARO:3001480	Perfect
ncbi	WP_063861486.1	ARO:3001481	Perfect
ncbi	WP_063861490.1	ARO:3001482	Perfect
ncbi	WP_063861505.1	ARO:3001814	Perfect
ncbi	WP_063861547.1	ARO:3001665	Perfect
ncbi	WP_063861553.1	ARO:3001666	Perfect
ncbi	WP_063861560.1	ARO:3001667	Perfect
ncbi	WP_063861567.1	ARO:3001664	Perfect
ncbi	WP_063861588.1	ARO:3001483	Perfect
ncbi	WP_063861592.1	ARO:3001484	Perfect
ncbi	WP_063861649.1	ARO:3001487	Perfect
ncbi	WP_063861666.1	ARO:3001710	Perfect
ncbi	WP_063861677.1	ARO:3001711	Perfect
ncbi	WP_063861712.1	ARO:3001714	Perfect
ncbi	WP_063861733.1	ARO:3001488	Perfect
ncbi	WP_063861765.1	ARO:3001668	Perfect
ncbi	WP_063861776.1	ARO:3001417	Perfect
ncbi	WP_063861812.1	ARO:3001806	Perfect
ncbi	WP_063861820.1	ARO:3001493	Perfect
ncbi	WP_063861826.1	ARO:3001800	Perfect
ncbi	WP_063861837.1	ARO:3001691	Perfect
ncbi	WP_063861840.1	ARO:3001692	Perfect
ncbi	WP_063862119.1	ARO:3001693	Perfect
ncbi	WP_063862128.1	ARO:3001670	Perfect
ncbi	WP_063862149.1	ARO:3001495	Perfect
ncbi	WP_063862170.1	ARO:3001677	Perfect
ncbi	WP_063862190.1	ARO:3001498	Perfect
ncbi	WP_063862274.1	ARO:3001499	Perfect
ncbi	WP_063862394.1	ARO:3001807	Perfect
ncbi	WP_063862402.1	ARO:3001673	Perfect
ncbi	WP_063862408.1	ARO:3001674	Perfect
ncbi	WP_063862416.1	ARO:3001420	Perfect
ncbi	WP_063862420.1	ARO:3001675	Perfect
ncbi	WP_063862430.1	ARO:3001500	Perfect
ncbi	WP_063862440.1	ARO:3001690	Perfect
ncbi	WP_063862441.1	ARO:3001694	Perfect
ncbi	WP_063862442.1	ARO:3001421	Perfect
ncbi	WP_063862443.1	ARO:3001422	Perfect
ncbi	WP_063862540.1	ARO:3001398	Perfect
ncbi	WP_063862593.1	ARO:3001504	Perfect
ncbi	WP_063862598.1	ARO:3001684	Perfect
ncbi	WP_063862603.1	ARO:3001686	Perfect
ncbi	WP_063862605.1	ARO:3001687	Perfect
ncbi	WP_063862613.1	ARO:3001426	Perfect
ncbi	WP_063862622.1	ARO:3001793	Perfect
ncbi	WP_063862632.1	ARO:3001510	Perfect
ncbi	WP_063862638.1	ARO:3001511	Perfect
ncbi	WP_063862643.1	ARO:3001512	Perfect
ncbi	WP_063862646.1	ARO:3001513	Perfect
ncbi	WP_063862651.1	ARO:3001514	Perfect
ncbi	WP_063862656.1	ARO:3001515	Perfect
ncbi	WP_063862662.1	ARO:3001516	Perfect
ncbi	WP_063862667.1	ARO:3001517	Perfect
ncbi	WP_063862674.1	ARO:3001518	Perfect
ncbi	WP_063862682.1	ARO:3001519	Perfect
ncbi	WP_063862690.1	ARO:3001520	Perfect
ncbi	WP_063862693.1	ARO:3001521	Perfect
ncbi	WP_063862698.1	ARO:3001522	Perfect
ncbi	WP_063862702.1	ARO:3001523	Perfect
ncbi	WP_063862707.1	ARO:3001524	Perfect
ncbi	WP_063862710.1	ARO:3001526	Perfect
ncbi	WP_063862711.1	ARO:3001527	Perfect
ncbi	WP_063862712.1	ARO:3001529	Perfect
ncbi	WP_063862713.1	ARO:3001530	Perfect
ncbi	WP_063862714.1	ARO:3001531	Perfect
ncbi	WP_063862715.1	ARO:3001532	Perfect
ncbi	WP_063862716.1	ARO:3001533	Perfect
ncbi	WP_063862717.1	ARO:3001534	Perfect
ncbi	WP_063862718.1	ARO:3001535	Perfect
ncbi	WP_063862719.1	ARO:3001536	Perfect
ncbi	WP_063862720.1	ARO:3001429	Perfect
ncbi	WP_063862721.1	ARO:3001537	Perfect
ncbi	WP_063862722.1	ARO:3001538	Perfect
ncbi	WP_063862723.1	ARO:3001539	Perfect
ncbi	WP_063862724.1	ARO:3001540	Perfect
ncbi	WP_063862725.1	ARO:3001541	Perfect
ncbi	WP_063862726.1	ARO:3001542	Perfect
ncbi	WP_063862727.1	ARO:3001543	Perfect
ncbi	WP_063862728.1	ARO:3001544	Perfect
ncbi	WP_063862729.1	ARO:3001545	Perfect
ncbi	WP_063862730.1	ARO:3001546	Perfect
ncbi	WP_063862731.1	ARO:3001548	Perfect
ncbi	WP_063862732.1	ARO:3001549	Perfect
ncbi	WP_063862733.1	ARO:3001550	Perfect
ncbi	WP_063862734.1	ARO:3001551	Perfect
ncbi	WP_063862735.1	ARO:3001552	Perfect
ncbi	WP_063862736.1	ARO:3001553	Perfect
ncbi	WP_063862737.1	ARO:3001431	Perfect
ncbi	WP_063862738.1	ARO:3001557	Perfect
ncbi	WP_063862739.1	ARO:3001558	Perfect
ncbi	WP_063862740.1	ARO:3001559	Perfect
ncbi	WP_063862741.1	ARO:3001561	Perfect
ncbi	WP_063862742.1	ARO:3001562	Perfect
ncbi	WP_063862743.1	ARO:3001563	Perfect
ncbi	WP_063862744.1	ARO:3001565	Perfect
ncbi	WP_063862745.1	ARO:3001566	Perfect
ncbi	WP_063862746.1	ARO:3001567	Perfect
ncbi	WP_063862747.1	ARO:3001568	Perfect
ncbi	WP_063862748.1	ARO:3001570	Perfect
ncbi	WP_063862749.1	ARO:3001571	Perfect
ncbi	WP_063862750.1	ARO:3001572	Perfect
ncbi	WP_063862751.1	ARO:3001573	Perfect
ncbi	WP_063862752.1	ARO:3001574	Perfect
ncbi	WP_063862753.1	ARO:3001575	Perfect
ncbi	WP_063862754.1	ARO:3001576	Perfect
ncbi	WP_063862755.1	ARO:3001577	Perfect
ncbi	WP_063862756.1	ARO:3001583	Perfect
ncbi	WP_063862757.1	ARO:3001584	Perfect
ncbi	WP_063862758.1	ARO:3001586	Perfect
ncbi	WP_063862759.1	ARO:3001587	Perfect
ncbi	WP_063862760.1	ARO:3001589	Perfect
ncbi	WP_063862761.1	ARO:3001595	Perfect
ncbi	WP_063862762.1	ARO:3001596	Perfect
ncbi	WP_063862763.1	ARO:3001597	Perfect
ncbi	WP_063862764.1	ARO:3001599	Perfect
ncbi	WP_063862765.1	ARO:3001600	Perfect
ncbi	WP_063862766.1	ARO:3001602	Perfect
ncbi	WP_063862767.1	ARO:3001603	Perfect
ncbi	WP_063862768.1	ARO:3001604	Perfect
ncbi	WP_063862769.1	ARO:3001605	Perfect
ncbi	WP_063862782.1	ARO:3001607	Perfect
ncbi	WP_063862796.1	ARO:3002496	Perfect
ncbi	WP_063862802.1	ARO:3001769	Perfect
ncbi	WP_063862810.1	ARO:3003116	Perfect
ncbi	WP_063862828.1	ARO:3003160	Perfect
ncbi	WP_063862833.1	ARO:3003161	Perfect
ncbi	WP_063862915.1	ARO:3003120	Perfect
ncbi	WP_063862921.1	ARO:3001770	Perfect
ncbi	WP_063862927.1	ARO:3003121	Perfect
ncbi	WP_063862945.1	ARO:3003124	Perfect
ncbi	WP_063864076.1	ARO:3003125	Perfect
ncbi	WP_063864077.1	ARO:3003126	Perfect
ncbi	WP_063864078.1	ARO:3003162	Perfect
ncbi	WP_063864079.1	ARO:3003593	Perfect
ncbi	WP_063864080.1	ARO:3003594	Perfect
ncbi	WP_063864081.1	ARO:3003595	Perfect
ncbi	WP_063864082.1	ARO:3003596	Perfect
ncbi	WP_063864083.1	ARO:3003598	Perfect
ncbi	WP_063864084.1	ARO:3003602	Perfect
ncbi	WP_063864085.1	ARO:3003604	Perfect
ncbi	WP_063864086.1	ARO:3003610	Perfect
ncbi	WP_063864087.1	ARO:3003613	Perfect
ncbi	WP_063864088.1	ARO:3003614	Perfect
ncbi	WP_063864089.1	ARO:3003615	Perfect
ncbi	WP_063864090.1	ARO:3001797	Perfect
ncbi	WP_063864091.1	ARO:3003622	Perfect
ncbi	WP_063864092.1	ARO:3001781	Perfect
ncbi	WP_063864093.1	ARO:3003626	Perfect
ncbi	WP_063864094.1	ARO:3003627	Perfect
ncbi	WP_063864095.1	ARO:3003628	Perfect
ncbi	WP_063864096.1	ARO:3003629	Perfect
ncbi	WP_063864097.1	ARO:3003631	Perfect
ncbi	WP_063864098.1	ARO:3003632	Perfect
ncbi	WP_063864099.1	ARO:3003633	Perfect
ncbi	WP_063864100.1	ARO:3003634	Perfect
ncbi	WP_063864101.1	ARO:3003635	Perfect
ncbi	WP_063864102.1	ARO:3003636	Perfect
ncbi	WP_063864106.1	ARO:3003637	Perfect
ncbi	WP_063864108.1	ARO:3003639	Perfect
ncbi	WP_063864109.1	ARO:3003640	Perfect
ncbi	WP_063864110.1	ARO:3003641	Perfect
ncbi	WP_063864111.1	ARO:3001671	Perfect
ncbi	WP_063864112.1	ARO:3005343	Perfect
ncbi	WP_063864113.1	ARO:3005731	Perfect
ncbi	WP_063864114.1	ARO:3005733	Perfect
ncbi	WP_063864115.1	ARO:3005734	Perfect
ncbi	WP_063864118.1	ARO:3005735	Perfect
ncbi	WP_063864138.1	ARO:3005737	Perfect
ncbi	WP_063864150.1	ARO:3005738	Perfect
ncbi	WP_063864158.1	ARO:3005739	Perfect
ncbi	WP_063864184.1	ARO:3005742	Perfect
ncbi	WP_063864194.1	ARO:3005743	Perfect
ncbi	WP_063864208.1	ARO:3005746	Perfect
ncbi	WP_063864216.1	ARO:3005748	Perfect
ncbi	WP_063864223.1	ARO:3001810	Perfect
ncbi	WP_063864256.1	ARO:3001813	Perfect
ncbi	WP_063864264.1	ARO:3001795	Perfect
ncbi	WP_063864500.1	ARO:3001808	Perfect
ncbi	WP_063864527.1	ARO:3001792	Perfect
ncbi	WP_063864528.1	ARO:3001764	Perfect
ncbi	WP_063864529.1	ARO:3001437	Perfect
ncbi	WP_063864530.1	ARO:3001402	Perfect
ncbi	WP_063864531.1	ARO:3001785	Perfect
ncbi	WP_063864532.1	ARO:3001798	Perfect
ncbi	WP_063864533.1	ARO:3001621	Perfect
ncbi	WP_063864534.1	ARO:3001622	Perfect
ncbi	WP_063864535.1	ARO:3001633	Perfect
ncbi	WP_063864536.1	ARO:3001634	Perfect
ncbi	WP_063864537.1	ARO:3001624	Perfect
ncbi	WP_063864539.1	ARO:3001703	Perfect
ncbi	WP_063864540.1	ARO:3001626	Perfect
ncbi	WP_063864541.1	ARO:3001625	Perfect
ncbi	WP_063864542.1	ARO:3001628	Perfect
ncbi	WP_063864543.1	ARO:3001631	Perfect
ncbi	WP_063864544.1	ARO:3001647	Perfect
ncbi	WP_063864545.1	ARO:3002391	Perfect
ncbi	WP_063864546.1	ARO:3002394	Perfect
ncbi	WP_063864547.1	ARO:3002405	Perfect
ncbi	WP_063864548.1	ARO:3002407	Perfect
ncbi	WP_063864549.1	ARO:3002408	Perfect
ncbi	WP_063864550.1	ARO:3006130	Perfect
ncbi	WP_063864551.1	ARO:3002398	Perfect
ncbi	WP_063864552.1	ARO:3002401	Perfect
ncbi	WP_063864553.1	ARO:3002404	Perfect
ncbi	WP_063864554.1	ARO:3002409	Perfect
ncbi	WP_063864555.1	ARO:3002411	Perfect
ncbi	WP_063864556.1	ARO:3002413	Perfect
ncbi	WP_063864557.1	ARO:3002414	Perfect
ncbi	WP_063864558.1	ARO:3002415	Perfect
ncbi	WP_063864559.1	ARO:3002509	Perfect
ncbi	WP_063864560.1	ARO:3006481	Perfect
ncbi	WP_063864561.1	ARO:3006482	Perfect
ncbi	WP_063864562.1	ARO:3005277	Perfect
ncbi	WP_063864563.1	ARO:3006484	Perfect
ncbi	WP_063864564.1	ARO:3006485	Perfect
ncbi	WP_063864565.1	ARO:3006486	Perfect
ncbi	WP_063864566.1	ARO:3006488	Perfect
ncbi	WP_063864567.1	ARO:3006489	Perfect
ncbi	WP_063864568.1	ARO:3006490	Perfect
ncbi	WP_063864569.1	ARO:3006491	Perfect
ncbi	WP_063864570.1	ARO:3006506	Perfect
ncbi	WP_063864571.1	ARO:3006549	Perfect
ncbi	WP_063864572.1	ARO:3006559	Perfect
ncbi	WP_063864573.1	ARO:3002498	Perfect
ncbi	WP_063864574.1	ARO:3006597	Perfect
ncbi	WP_063864575.1	ARO:3006598	Perfect
ncbi	WP_063864576.1	ARO:3006628	Perfect
ncbi	WP_063864577.1	ARO:3006636	Perfect
ncbi	WP_063864579.1	ARO:3006690	Perfect
ncbi	WP_063864580.1	ARO:3002501	Perfect
ncbi	WP_063864581.1	ARO:3006769	Perfect
ncbi	WP_063864582.1	ARO:3006789	Perfect
ncbi	WP_063864583.1	ARO:3006843	Perfect
ncbi	WP_063864584.1	ARO:3002506	Perfect
ncbi	WP_063864585.1	ARO:3002508	Perfect
ncbi	WP_063864586.1	ARO:3006847	Perfect
ncbi	WP_063864587.1	ARO:3006848	Perfect
ncbi	WP_063864588.1	ARO:3006849	Perfect
ncbi	WP_063864589.1	ARO:3006852	Perfect
ncbi	WP_063864590.1	ARO:3003670	Perfect
ncbi	WP_063864591.1	ARO:3003714	Perfect
ncbi	WP_063864592.1	ARO:3003715	Perfect
ncbi	WP_063864593.1	ARO:3002366	Perfect
ncbi	WP_063864594.1	ARO:3002367	Perfect
ncbi	WP_063864595.1	ARO:3002368	Perfect
ncbi	WP_063864596.1	ARO:3003184	Perfect
ncbi	WP_063864597.1	ARO:3006138	Perfect
ncbi	WP_063864598.1	ARO:3006971	Perfect
ncbi	WP_063864599.1	ARO:3006973	Perfect
ncbi	WP_063864600.1	ARO:3006979	Perfect
ncbi	WP_063864601.1	ARO:3006980	Perfect
ncbi	WP_063864602.1	ARO:3003561	Perfect
ncbi	WP_063864604.1	ARO:3001338	Perfect
ncbi	WP_063864605.1	ARO:3001150	Perfect
ncbi	WP_063864606.1	ARO:3001151	Perfect
ncbi	WP_063864607.1	ARO:3001152	Perfect
ncbi	WP_063864608.1	ARO:3001154	Perfect
ncbi	WP_063864609.1	ARO:3001155	Perfect
ncbi	WP_063864610.1	ARO:3001156	Perfect
ncbi	WP_063864611.1	ARO:3001157	Perfect
ncbi	WP_063864612.1	ARO:3001158	Perfect
ncbi	WP_063864613.1	ARO:3001159	Perfect
ncbi	WP_063864614.1	ARO:3001160	Perfect
ncbi	WP_063864615.1	ARO:3001340	Perfect
ncbi	WP_063864616.1	ARO:3001167	Perfect
ncbi	WP_063864617.1	ARO:3001168	Perfect
ncbi	WP_063864618.1	ARO:3001175	Perfect
ncbi	WP_063864619.1	ARO:3001072	Perfect
ncbi	WP_063864620.1	ARO:3001341	Perfect
ncbi	WP_063864621.1	ARO:3001177	Perfect
ncbi	WP_063864622.1	ARO:3001178	Perfect
ncbi	WP_063864623.1	ARO:3001179	Perfect
ncbi	WP_063864624.1	ARO:3001181	Perfect
ncbi	WP_063864625.1	ARO:3001073	Perfect
ncbi	WP_063864626.1	ARO:3001183	Perfect
ncbi	WP_063864627.1	ARO:3001184	Perfect
ncbi	WP_063864628.1	ARO:3001344	Perfect
ncbi	WP_063864629.1	ARO:3001345	Perfect
ncbi	WP_063864630.1	ARO:3001185	Perfect
ncbi	WP_063864631.1	ARO:3001346	Perfect
ncbi	WP_063864632.1	ARO:3001186	Perfect
ncbi	WP_063864633.1	ARO:3001187	Perfect
ncbi	WP_063864634.1	ARO:3001188	Perfect
ncbi	WP_063864635.1	ARO:3001074	Perfect
ncbi	WP_063864636.1	ARO:3001189	Perfect
ncbi	WP_063864637.1	ARO:3001190	Perfect
ncbi	WP_063864638.1	ARO:3001191	Perfect
ncbi	WP_063864639.1	ARO:3001192	Perfect
ncbi	WP_063864640.1	ARO:3001193	Perfect
ncbi	WP_063864641.1	ARO:3001194	Perfect
ncbi	WP_063864642.1	ARO:3001195	Perfect
ncbi	WP_063864643.1	ARO:3001196	Perfect
ncbi	WP_063864644.1	ARO:3001197	Perfect
ncbi	WP_063864645.1	ARO:3001198	Perfect
ncbi	WP_063864646.1	ARO:3001075	Perfect
ncbi	WP_063864647.1	ARO:3001199	Perfect
ncbi	WP_063864648.1	ARO:3001200	Perfect
ncbi	WP_063864649.1	ARO:3001201	Perfect
ncbi	WP_063864650.1	ARO:3001202	Perfect
ncbi	WP_063864651.1	ARO:3001347	Perfect
ncbi	WP_063864652.1	ARO:3001203	Perfect
ncbi	WP_063864653.1	ARO:3001352	Perfect
ncbi	WP_063864654.1	ARO:3001356	Perfect
ncbi	WP_063864655.1	ARO:3001357	Perfect
ncbi	WP_063864656.1	ARO:3001361	Perfect
ncbi	WP_063864657.1	ARO:3001362	Perfect
ncbi	WP_063864658.1	ARO:3001076	Perfect
ncbi	WP_063864659.1	ARO:3001350	Perfect
ncbi	WP_063864660.1	ARO:3001364	Perfect
ncbi	WP_063864661.1	ARO:3001351	Perfect
ncbi	WP_063864662.1	ARO:3003152	Perfect
ncbi	WP_063864663.1	ARO:3003153	Perfect
ncbi	WP_063864664.1	ARO:3003155	Perfect
ncbi	WP_063864665.1	ARO:3003156	Perfect
ncbi	WP_063864666.1	ARO:3003590	Perfect
ncbi	WP_063864667.1	ARO:3003591	Perfect
ncbi	WP_063864668.1	ARO:3005239	Perfect
ncbi	WP_063864669.1	ARO:3005237	Perfect
ncbi	WP_063864670.1	ARO:3001082	Perfect
ncbi	WP_063864671.1	ARO:3001083	Perfect
ncbi	WP_063864672.1	ARO:3001087	Perfect
ncbi	WP_063864673.1	ARO:3001062	Perfect
ncbi	WP_063864674.1	ARO:3001089	Perfect
ncbi	WP_063864675.1	ARO:3001090	Perfect
ncbi	WP_063864676.1	ARO:3001092	Perfect
ncbi	WP_063864677.1	ARO:3001093	Perfect
ncbi	WP_063864678.1	ARO:3001094	Perfect
ncbi	WP_063864679.1	ARO:3001095	Perfect
ncbi	WP_063864680.1	ARO:3001096	Perfect
ncbi	WP_063864681.1	ARO:3001098	Perfect
ncbi	WP_063864682.1	ARO:3001099	Perfect
ncbi	WP_063864683.1	ARO:3001100	Perfect
ncbi	WP_063864684.1	ARO:3001102	Perfect
ncbi	WP_063864685.1	ARO:3001103	Perfect
ncbi	WP_063864686.1	ARO:3001104	Perfect
ncbi	WP_063864687.1	ARO:3001105	Perfect
ncbi	WP_063864688.1	ARO:3001106	Perfect
ncbi	WP_063864689.1	ARO:3001107	Perfect
ncbi	WP_063864690.1	ARO:3001108	Perfect
ncbi	WP_063864691.1	ARO:3001109	Perfect
ncbi	WP_063864692.1	ARO:3001111	Perfect
ncbi	WP_063864693.1	ARO:3001112	Perfect
ncbi	WP_063864694.1	ARO:3001114	Perfect
ncbi	WP_063864695.1	ARO:3001116	Perfect
ncbi	WP_063864696.1	ARO:3001117	Perfect
ncbi	WP_063864697.1	ARO:3001118	Perfect
ncbi	WP_063864698.1	ARO:3001119	Perfect
ncbi	WP_063864699.1	ARO:3001120	Perfect
ncbi	WP_063864700.1	ARO:3001121	Perfect
ncbi	WP_063864701.1	ARO:3001122	Perfect
ncbi	WP_063864702.1	ARO:3001123	Perfect
ncbi	WP_063864703.1	ARO:3001125	Perfect
ncbi	WP_063864704.1	ARO:3001126	Perfect
ncbi	WP_063864705.1	ARO:3001127	Perfect
ncbi	WP_063864706.1	ARO:3001128	Perfect
ncbi	WP_063864707.1	ARO:3001131	Perfect
ncbi	WP_063864708.1	ARO:3001132	Perfect
ncbi	WP_063864709.1	ARO:3001133	Perfect
ncbi	WP_063864710.1	ARO:3001067	Perfect
ncbi	WP_063864711.1	ARO:3001135	Perfect
ncbi	WP_063864712.1	ARO:3001136	Perfect
ncbi	WP_063864713.1	ARO:3001139	Perfect
ncbi	WP_063864714.1	ARO:3001140	Perfect
ncbi	WP_063864715.1	ARO:3001145	Perfect
ncbi	WP_063864716.1	ARO:3001146	Perfect
ncbi	WP_063864717.1	ARO:3001147	Perfect
ncbi	WP_063864718.1	ARO:3001148	Perfect
ncbi	WP_063864719.1	ARO:3001149	Perfect
ncbi	WP_063864720.1	ARO:3001336	Perfect
ncbi	WP_063864721.1	ARO:3001337	Perfect
ncbi	WP_063864722.1	ARO:3005494	Perfect
ncbi	WP_063864723.1	ARO:3000854	Perfect
ncbi	WP_063864724.1	ARO:3002379	Perfect
ncbi	WP_063864725.1	ARO:3002380	Perfect
ncbi	WP_063864726.1	ARO:3002381	Perfect
ncbi	WP_063864730.1	ARO:3002382	Perfect
ncbi	WP_063864740.1	ARO:3002383	Perfect
ncbi	WP_063864745.1	ARO:3003720	Perfect
ncbi	WP_063864747.1	ARO:3003793	Perfect
ncbi	WP_063864748.1	ARO:3006998	Perfect
ncbi	WP_063864749.1	ARO:3002493	Perfect
ncbi	WP_063864750.1	ARO:3006999	Perfect
ncbi	WP_063864793.1	ARO:3000964	Perfect
ncbi	WP_063864794.1	ARO:3000965	Perfect
ncbi	WP_063864795.1	ARO:3000967	Perfect
ncbi	WP_063864796.1	ARO:3000969	Perfect
ncbi	WP_063864797.1	ARO:3000970	Perfect
ncbi	WP_063864798.1	ARO:3000971	Perfect
ncbi	WP_063864799.1	ARO:3000972	Perfect
ncbi	WP_063864800.1	ARO:3000883	Perfect
ncbi	WP_063864801.1	ARO:3000974	Perfect
ncbi	WP_063864802.1	ARO:3000975	Perfect
ncbi	WP_063864803.1	ARO:3000976	Perfect
ncbi	WP_063864804.1	ARO:3000977	Perfect
ncbi	WP_063864805.1	ARO:3000978	Perfect
ncbi	WP_063864806.1	ARO:3000982	Perfect
ncbi	WP_063864807.1	ARO:3000983	Perfect
ncbi	WP_063864808.1	ARO:3000984	Perfect
ncbi	WP_063864809.1	ARO:3000985	Perfect
ncbi	WP_063864810.1	ARO:3000986	Perfect
ncbi	WP_063864811.1	ARO:3000987	Perfect
ncbi	WP_063864819.1	ARO:3000988	Perfect
ncbi	WP_063864833.1	ARO:3000993	Perfect
ncbi	WP_063864843.1	ARO:3000994	Perfect
ncbi	WP_063864850.1	ARO:3000995	Perfect
ncbi	WP_063864851.1	ARO:3000997	Perfect
ncbi	WP_063864852.1	ARO:3000998	Perfect
ncbi	WP_063864853.1	ARO:3001000	Perfect
ncbi	WP_063864854.1	ARO:3001001	Perfect
ncbi	WP_063864855.1	ARO:3001005	Perfect
ncbi	WP_063864856.1	ARO:3001006	Perfect
ncbi	WP_063864857.1	ARO:3001012	Perfect
ncbi	WP_063864858.1	ARO:3001013	Perfect
ncbi	WP_063864859.1	ARO:3001014	Perfect
ncbi	WP_063864860.1	ARO:3001016	Perfect
ncbi	WP_063864861.1	ARO:3001017	Perfect
ncbi	WP_063864862.1	ARO:3001018	Perfect
ncbi	WP_063864863.1	ARO:3001019	Perfect
ncbi	WP_063864864.1	ARO:3001369	Perfect
ncbi	WP_063864865.1	ARO:3001020	Perfect
ncbi	WP_063864866.1	ARO:3001021	Perfect
ncbi	WP_063864867.1	ARO:3001023	Perfect
ncbi	WP_063864868.1	ARO:3001024	Perfect
ncbi	WP_063864869.1	ARO:3001025	Perfect
ncbi	WP_063864870.1	ARO:3000887	Perfect
ncbi	WP_063864871.1	ARO:3001026	Perfect
ncbi	WP_063864872.1	ARO:3001028	Perfect
ncbi	WP_063864873.1	ARO:3001029	Perfect
ncbi	WP_063864874.1	ARO:3001032	Perfect
ncbi	WP_063864875.1	ARO:3001033	Perfect
ncbi	WP_063864876.1	ARO:3001034	Perfect
ncbi	WP_063864877.1	ARO:3000888	Perfect
ncbi	WP_063864878.1	ARO:3001042	Perfect
ncbi	WP_063864879.1	ARO:3001043	Perfect
ncbi	WP_063864880.1	ARO:3001373	Perfect
ncbi	WP_063864881.1	ARO:3001045	Perfect
ncbi	WP_063864882.1	ARO:3001375	Perfect
ncbi	WP_063864883.1	ARO:3001374	Perfect
ncbi	WP_063864884.1	ARO:3001046	Perfect
ncbi	WP_063864885.1	ARO:3001048	Perfect
ncbi	WP_063864886.1	ARO:3001049	Perfect
ncbi	WP_063864887.1	ARO:3001050	Perfect
ncbi	WP_063864888.1	ARO:3001053	Perfect
ncbi	WP_063864889.1	ARO:3001054	Perfect
ncbi	WP_063864890.1	ARO:3001055	Perfect
ncbi	WP_063864891.1	ARO:3001056	Perfect
ncbi	WP_063864892.1	ARO:3001057	Perfect
ncbi	WP_063864893.1	ARO:3000891	Perfect
ncbi	WP_063864894.1	ARO:3001378	Perfect
ncbi	WP_063864895.1	ARO:3001382	Perfect
ncbi	WP_063864896.1	ARO:3001384	Perfect
ncbi	WP_063864897.1	ARO:3001385	Perfect
ncbi	WP_063864898.1	ARO:3001386	Perfect
ncbi	WP_063864899.1	ARO:3000892	Perfect
ncbi	WP_063864900.1	ARO:3001388	Perfect
ncbi	WP_063864901.1	ARO:3001389	Perfect
ncbi	WP_063864902.1	ARO:3001391	Perfect
ncbi	WP_063864903.1	ARO:3001393	Perfect
ncbi	WP_063864904.1	ARO:3001394	Perfect
ncbi	WP_063864905.1	ARO:3003157	Perfect
ncbi	WP_063864906.1	ARO:3000893	Perfect
ncbi	WP_063864907.1	ARO:3003158	Perfect
ncbi	WP_063864908.1	ARO:3005255	Perfect
ncbi	WP_063864909.1	ARO:3000898	Perfect
ncbi	WP_063864910.1	ARO:3000905	Perfect
ncbi	WP_063864911.1	ARO:3000876	Perfect
ncbi	WP_063864912.1	ARO:3000912	Perfect
ncbi	WP_063864913.1	ARO:3000914	Perfect
ncbi	WP_063864914.1	ARO:3000916	Perfect
ncbi	WP_063864915.1	ARO:3000917	Perfect
ncbi	WP_063864916.1	ARO:3000918	Perfect
ncbi	WP_063864923.1	ARO:3000922	Perfect
ncbi	WP_063864930.1	ARO:3000923	Perfect
ncbi	WP_063864938.1	ARO:3000924	Perfect
ncbi	WP_063864949.1	ARO:3000878	Perfect
ncbi	WP_063864974.1	ARO:3000936	Perfect
ncbi	WP_063864990.1	ARO:3000942	Perfect
ncbi	WP_063864996.1	ARO:3000939	Perfect
ncbi	WP_063865003.1	ARO:3000944	Perfect
ncbi	WP_063865008.1	ARO:3000946	Perfect
ncbi	WP_063865014.1	ARO:3000880	Perfect
ncbi	WP_063865024.1	ARO:3000947	Perfect
ncbi	WP_063865030.1	ARO:3000948	Perfect
ncbi	WP_063865036.1	ARO:3000949	Perfect
ncbi	WP_063865043.1	ARO:3000950	Perfect
ncbi	WP_063865053.1	ARO:3000951	Perfect
ncbi	WP_063865088.1	ARO:3000958	Perfect
ncbi	WP_063865103.1	ARO:3000959	Perfect
ncbi	WP_063865129.1	ARO:3000963	Perfect
ncbi	WP_063865132.1	ARO:3006139	Strict
ncbi	WP_063865138.1	ARO:3006139	Perfect
ncbi	WP_063865144.1	ARO:3006140	Perfect
ncbi	WP_063865145.1	ARO:3007001	Perfect
ncbi	WP_063865146.1	ARO:3007007	Perfect
ncbi	WP_063865147.1	ARO:3004105	Perfect
ncbi	WP_063865148.1	ARO:3004106	Perfect
ncbi	WP_063865149.1	ARO:3003713	Perfect
ncbi	WP_063865150.1	ARO:3003146	Perfect
ncbi	WP_063865151.1	ARO:3006208	Perfect
ncbi	WP_063865152.1	ARO:3006209	Perfect
ncbi	WP_063865153.1	ARO:3006210	Perfect
ncbi	WP_063865154.1	ARO:3006211	Perfect
ncbi	WP_063865155.1	ARO:3006212	Perfect
ncbi	WP_063865156.1	ARO:3003712	Perfect
ncbi	WP_063865157.1	ARO:3006213	Perfect
ncbi	WP_063865158.1	ARO:3002371	Perfect
ncbi	WP_063865159.1	ARO:3002373	Perfect
ncbi	WP_063865160.1	ARO:3002375	Perfect
ncbi	WP_063865161.1	ARO:3002374	Perfect
ncbi	WP_063865162.1	ARO:3002376	Perfect
ncbi	WP_063865163.1	ARO:3002377	Perfect
ncbi	WP_063865164.1	ARO:3007003	Perfect
ncbi	WP_063865165.1	ARO:3007004	Perfect
ncbi	WP_063865166.1	ARO:3002280	Perfect
ncbi	WP_063865167.1	ARO:3002282	Perfect
ncbi	WP_063865168.1	ARO:3002283	Perfect
ncbi	WP_063865169.1	ARO:3002284	Perfect
ncbi	WP_063865170.1	ARO:3002285	Perfect
ncbi	WP_063865171.1	ARO:3002286	Perfect
ncbi	WP_063865172.1	ARO:3002288	Perfect
ncbi	WP_063865173.1	ARO:3002290	Perfect
ncbi	WP_063865174.1	ARO:3002293	Perfect
ncbi	WP_063865175.1	ARO:3002294	Perfect
ncbi	WP_063865176.1	ARO:3002295	Perfect
ncbi	WP_063865177.1	ARO:3002296	Perfect
ncbi	WP_063865178.1	ARO:3002298	Perfect
ncbi	WP_063865179.1	ARO:3002273	Perfect
ncbi	WP_063865180.1	ARO:3002300	Perfect
ncbi	WP_063865181.1	ARO:3002301	Perfect
ncbi	WP_063865182.1	ARO:3002302	Perfect
ncbi	WP_063865183.1	ARO:3002303	Perfect
ncbi	WP_063865184.1	ARO:3002304	Perfect
ncbi	WP_063865185.1	ARO:3002305	Perfect
ncbi	WP_063865186.1	ARO:3002306	Perfect
ncbi	WP_063865187.1	ARO:3002307	Perfect
ncbi	WP_063865188.1	ARO:3002308	Perfect
ncbi	WP_063865189.1	ARO:3002309	Perfect
ncbi	WP_063865190.1	ARO:3002310	Perfect
ncbi	WP_063865191.1	ARO:3002311	Perfect
ncbi	WP_063865192.1	ARO:3003178	Perfect
ncbi	WP_063865193.1	ARO:3003179	Perfect
ncbi	WP_063865194.1	ARO:3003660	Perfect
ncbi	WP_063865195.1	ARO:3003661	Perfect
ncbi	WP_063865196.1	ARO:3003662	Perfect
ncbi	WP_063865197.1	ARO:3005495	Perfect
ncbi	WP_063865198.1	ARO:3005497	Perfect
ncbi	WP_063865199.1	ARO:3005498	Perfect
ncbi	WP_063865200.1	ARO:3005499	Perfect
ncbi	WP_063865201.1	ARO:3002276	Perfect
ncbi	WP_063865202.1	ARO:3002278	Perfect
ncbi	WP_063865203.1	ARO:3002279	Perfect
ncbi	WP_063865204.1	ARO:3006224	Perfect
ncbi	WP_063865205.1	ARO:3006906	Perfect
ncbi	WP_063865206.1	ARO:3006920	Perfect
ncbi	WP_063865207.1	ARO:3006921	Perfect
ncbi	WP_063865208.1	ARO:3003099	Perfect
ncbi	WP_063865209.1	ARO:3003100	Perfect
ncbi	WP_063865210.1	ARO:3003101	Perfect
ncbi	WP_063865211.1	ARO:3003102	Perfect
ncbi	WP_063865212.1	ARO:3003103	Perfect
ncbi	WP_063865213.1	ARO:3003104	Perfect
ncbi	WP_063865292.1	ARO:3003094	Perfect
ncbi	WP_063865298.1	ARO:3003095	Perfect
ncbi	WP_063865358.1	ARO:3003922	Strict
ncbi	WP_063865368.1	ARO:3003922	Strict
ncbi	WP_063865373.1	ARO:3003922	Strict
ncbi	WP_063865385.1	ARO:3003922	Strict
ncbi	WP_063865390.1	ARO:3003922	Strict
ncbi	WP_063865399.1	ARO:3003922	Strict
ncbi	WP_063865404.1	ARO:3003923	Strict
ncbi	WP_063865408.1	ARO:3003923	Strict
ncbi	WP_063865413.1	ARO:3003923	Strict
ncbi	WP_063865418.1	ARO:3003923	Strict
ncbi	WP_063865430.1	ARO:3003923	Strict
ncbi	WP_063865440.1	ARO:3003923	Strict
ncbi	WP_063865478.1	ARO:3003923	Strict
ncbi	WP_063865483.1	ARO:3003923	Strict
ncbi	WP_063865491.1	ARO:3003923	Strict
ncbi	WP_063865509.1	ARO:3003923	Strict
ncbi	WP_063865519.1	ARO:3003923	Strict
ncbi	WP_063865531.1	ARO:3003923	Strict
ncbi	WP_063865537.1	ARO:3003923	Strict
ncbi	WP_063865544.1	ARO:3003923	Strict
ncbi	WP_063865552.1	ARO:3003923	Strict
ncbi	WP_063865569.1	ARO:3003923	Strict
ncbi	WP_063865577.1	ARO:3003923	Strict
ncbi	WP_063865663.1	ARO:3000448	Perfect
ncbi	WP_063865727.1	ARO:3002710	Perfect
ncbi	WP_063865739.1	ARO:3002711	Perfect
ncbi	WP_063865782.1	ARO:3002727	Strict
ncbi	WP_063865791.1	ARO:3002728	Strict
ncbi	WP_063865798.1	ARO:3002730	Strict
ncbi	WP_063865802.1	ARO:3002731	Strict
ncbi	WP_063865914.1	ARO:3002735	Strict
ncbi	WP_063865929.1	ARO:3002736	Perfect
ncbi	WP_063865948.1	ARO:3002738	Strict
ncbi	WP_063865960.1	ARO:3002739	Strict
ncbi	WP_063865978.1	ARO:3002741	Strict
ncbi	WP_063865999.1	ARO:3002744	Strict
ncbi	WP_063866022.1	ARO:3002746	Strict
ncbi	WP_063866031.1	ARO:3002747	Perfect
ncbi	WP_063866038.1	ARO:3002748	Perfect
ncbi	WP_063866049.1	ARO:3002750	Perfect
ncbi	WP_063866054.1	ARO:3002751	Perfect
ncbi	WP_063866061.1	ARO:3002752	Perfect
ncbi	WP_063866081.1	ARO:3002755	Perfect
ncbi	WP_063866087.1	ARO:3002756	Strict
ncbi	WP_063866094.1	ARO:3002757	Perfect
ncbi	WP_063866099.1	ARO:3002758	Perfect
ncbi	WP_063866105.1	ARO:3002759	Perfect
ncbi	WP_063866109.1	ARO:3002760	Perfect
ncbi	WP_063866119.1	ARO:3002762	Strict
ncbi	WP_063866125.1	ARO:3002762	Perfect
ncbi	WP_063866131.1	ARO:3002763	Perfect
ncbi	WP_063866135.1	ARO:3002764	Strict
ncbi	WP_063866143.1	ARO:3002719	Strict
ncbi	WP_063866150.1	ARO:3002765	Perfect
ncbi	WP_063866158.1	ARO:3002715	Perfect
ncbi	WP_063866162.1	ARO:3002761	Strict
ncbi	WP_063866168.1	ARO:3002767	Perfect
ncbi	WP_063866176.1	ARO:3002768	Perfect
ncbi	WP_063866184.1	ARO:3002769	Strict
ncbi	WP_063866188.1	ARO:3002770	Strict
ncbi	WP_063866193.1	ARO:3002771	Strict
ncbi	WP_063866199.1	ARO:3002772	Strict
ncbi	WP_063866211.1	ARO:3002773	Perfect
ncbi	WP_063866217.1	ARO:3002774	Perfect
ncbi	WP_063866224.1	ARO:3002775	Strict
ncbi	WP_063866233.1	ARO:3002776	Perfect
ncbi	WP_063866241.1	ARO:3002777	Perfect
ncbi	WP_063866247.1	ARO:3002778	Perfect
ncbi	WP_063866252.1	ARO:3002779	Perfect
ncbi	WP_063866257.1	ARO:3002780	Perfect
ncbi	WP_063866276.1	ARO:3002721	Perfect
ncbi	WP_063866281.1	ARO:3002782	Perfect
ncbi	WP_063866287.1	ARO:3002783	Perfect
ncbi	WP_063866296.1	ARO:3002784	Perfect
ncbi	WP_063866306.1	ARO:3002785	Perfect
ncbi	WP_063866313.1	ARO:3002786	Perfect
ncbi	WP_063866314.1	ARO:3002722	Perfect
ncbi	WP_063866398.1	ARO:3002793	Perfect
ncbi	WP_063866413.1	ARO:3002796	Perfect
ncbi	WP_063866417.1	ARO:3002797	Perfect
ncbi	WP_063866424.1	ARO:3002798	Perfect
ncbi	WP_063866438.1	ARO:3002800	Perfect
ncbi	WP_063866460.1	ARO:3003193	Perfect
ncbi	WP_063866469.1	ARO:3004677	Perfect
ncbi	WP_063866478.1	ARO:3004678	Perfect
ncbi	WP_063866490.1	ARO:3004679	Perfect
ncbi	WP_063943829.1	ARO:3007886	Perfect
ncbi	WP_063964000.1	ARO:3004102	Perfect
ncbi	WP_063964002.1	ARO:3000166	Strict
ncbi	WP_063978070.1	ARO:3004092	Perfect
ncbi	WP_063978071.1	ARO:3000862	Perfect
ncbi	WP_063978482.1	ARO:3002576	Strict
ncbi	WP_064056056.1	ARO:3001409	Perfect
ncbi	WP_064173135.1	ARO:3009059	Perfect
ncbi	WP_064183695.1	ARO:3006142	Perfect
ncbi	WP_064186845.1	ARO:3002790	Strict
ncbi	WP_064190967.1	ARO:3000183	Strict
ncbi	WP_064190968.1	ARO:3002583	Perfect
ncbi	WP_064190969.1	ARO:3002584	Perfect
ncbi	WP_064190970.1	ARO:3006176	Perfect
ncbi	WP_064239013.1	ARO:3003199	Strict
ncbi	WP_064344965.1	ARO:3008793	Perfect
ncbi	WP_064361275.1	ARO:3008794	Perfect
ncbi	WP_064375196.1	ARO:3008795	Perfect
ncbi	WP_064378351.1	ARO:3002390	Strict
ncbi	WP_064396914.1	ARO:3008789	Perfect
ncbi	WP_064483990.1	ARO:3005335	Perfect
ncbi	WP_064483991.1	ARO:3006502	Perfect
ncbi	WP_064483992.1	ARO:3006503	Perfect
ncbi	WP_064483993.1	ARO:3006504	Perfect
ncbi	WP_064483994.1	ARO:3006505	Perfect
ncbi	WP_064483995.1	ARO:3006507	Perfect
ncbi	WP_064483996.1	ARO:3006508	Perfect
ncbi	WP_064483997.1	ARO:3006509	Perfect
ncbi	WP_064483998.1	ARO:3006510	Perfect
ncbi	WP_064483999.1	ARO:3006511	Perfect
ncbi	WP_064484000.1	ARO:3006512	Perfect
ncbi	WP_064484001.1	ARO:3006513	Perfect
ncbi	WP_064484002.1	ARO:3006514	Perfect
ncbi	WP_064484003.1	ARO:3006515	Perfect
ncbi	WP_064484004.1	ARO:3006516	Perfect
ncbi	WP_064484005.1	ARO:3006517	Perfect
ncbi	WP_064484006.1	ARO:3006518	Perfect
ncbi	WP_064511490.1	ARO:3005606	Perfect
ncbi	WP_064511491.1	ARO:3005607	Perfect
ncbi	WP_064511492.1	ARO:3006472	Perfect
ncbi	WP_064511493.1	ARO:3006519	Perfect
ncbi	WP_064511494.1	ARO:3006520	Perfect
ncbi	WP_064511495.1	ARO:3006521	Perfect
ncbi	WP_064511496.1	ARO:3006522	Perfect
ncbi	WP_064511497.1	ARO:3006523	Perfect
ncbi	WP_064511498.1	ARO:3006524	Perfect
ncbi	WP_064511499.1	ARO:3006525	Perfect
ncbi	WP_064511500.1	ARO:3006526	Perfect
ncbi	WP_064511501.1	ARO:3006528	Perfect
ncbi	WP_064511502.1	ARO:3006530	Perfect
ncbi	WP_064511503.1	ARO:3006531	Perfect
ncbi	WP_064511504.1	ARO:3006532	Perfect
ncbi	WP_064511505.1	ARO:3006533	Perfect
ncbi	WP_064511506.1	ARO:3006534	Perfect
ncbi	WP_064511507.1	ARO:3006535	Perfect
ncbi	WP_064511508.1	ARO:3006536	Perfect
ncbi	WP_064511509.1	ARO:3006537	Perfect
ncbi	WP_064511510.1	ARO:3006539	Perfect
ncbi	WP_064511511.1	ARO:3006540	Perfect
ncbi	WP_064511512.1	ARO:3006541	Perfect
ncbi	WP_064511513.1	ARO:3006542	Perfect
ncbi	WP_064511514.1	ARO:3006543	Perfect
ncbi	WP_064511515.1	ARO:3006544	Perfect
ncbi	WP_064543755.1	ARO:3002009	Strict
ncbi	WP_064733493.1	ARO:3005236	Perfect
ncbi	WP_064738859.1	ARO:3009063	Perfect
ncbi	WP_064760451.1	ARO:3004379	Perfect
ncbi	WP_064765190.1	ARO:3002576	Strict
ncbi	WP_064768701.1	ARO:3004103	Strict
ncbi	WP_064808581.1	ARO:3005795	Perfect
ncbi	WP_064808881.1	ARO:3005325	Perfect
ncbi	WP_064907116.1	ARO:3006401	Perfect
ncbi	WP_064907831.1	ARO:3006393	Perfect
ncbi	WP_064964607.1	ARO:3007801	Perfect
ncbi	WP_064964747.1	ARO:3009040	Perfect
ncbi	WP_064987478.1	ARO:3006392	Perfect
ncbi	WP_065081961.1	ARO:3005681	Perfect
ncbi	WP_065083535.1	ARO:3005539	Perfect
ncbi	WP_065102238.1	ARO:3005185	Perfect
ncbi	WP_065102278.1	ARO:3005608	Perfect
ncbi	WP_065102288.1	ARO:3005467	Perfect
ncbi	WP_065102306.1	ARO:3006545	Perfect
ncbi	WP_065102311.1	ARO:3006546	Perfect
ncbi	WP_065158950.1	ARO:3006154	Perfect
ncbi	WP_065159014.1	ARO:3005750	Perfect
ncbi	WP_065159028.1	ARO:3006548	Perfect
ncbi	WP_065159032.1	ARO:3006550	Perfect
ncbi	WP_065161001.1	ARO:3005547	Perfect
ncbi	WP_065187000.1	ARO:3005114	Perfect
ncbi	WP_065187201.1	ARO:3003676	Strict
ncbi	WP_065274078.1	ARO:3004194	Perfect
ncbi	WP_065419568.1	ARO:3005594	Perfect
ncbi	WP_065419569.1	ARO:3005609	Perfect
ncbi	WP_065419570.1	ARO:3005468	Perfect
ncbi	WP_065419571.1	ARO:3005357	Perfect
ncbi	WP_065419572.1	ARO:3005751	Perfect
ncbi	WP_065419573.1	ARO:3005223	Perfect
ncbi	WP_065419574.1	ARO:3004110	Perfect
ncbi	WP_065597326.1	ARO:3006895	Perfect
ncbi	WP_065644637.1	ARO:3005196	Perfect
ncbi	WP_065712098.1	ARO:3008018	Perfect
ncbi	WP_065801616.1	ARO:3004139	Strict
ncbi	WP_065804663.1	ARO:3004691	Perfect
ncbi	WP_065825670.1	ARO:3004749	Strict
ncbi	WP_065825678.1	ARO:3009079	Perfect
ncbi	WP_065825684.1	ARO:3003187	Perfect
ncbi	WP_065825693.1	ARO:3003189	Perfect
ncbi	WP_065825699.1	ARO:3003190	Perfect
ncbi	WP_065825703.1	ARO:3003192	Perfect
ncbi	WP_065908739.1	ARO:3002715	Strict
ncbi	WP_065980086.1	ARO:3005987	Perfect
ncbi	WP_066187568.1	ARO:3007098	Perfect
ncbi	WP_068611377.1	ARO:3005763	Perfect
ncbi	WP_068613499.1	ARO:3008003	Perfect
ncbi	WP_068791546.1	ARO:3005554	Perfect
ncbi	WP_068801164.1	ARO:3005535	Perfect
ncbi	WP_068885073.1	ARO:3008821	Perfect
ncbi	WP_068981607.1	ARO:3006280	Perfect
ncbi	WP_068981608.1	ARO:3006281	Perfect
ncbi	WP_068981609.1	ARO:3006282	Perfect
ncbi	WP_068981610.1	ARO:3006283	Perfect
ncbi	WP_068981611.1	ARO:3006284	Perfect
ncbi	WP_068981612.1	ARO:3006285	Perfect
ncbi	WP_068981613.1	ARO:3006286	Perfect
ncbi	WP_068981614.1	ARO:3006287	Perfect
ncbi	WP_068981615.1	ARO:3006440	Perfect
ncbi	WP_068981616.1	ARO:3006441	Perfect
ncbi	WP_068981617.1	ARO:3006442	Perfect
ncbi	WP_068981618.1	ARO:3006443	Perfect
ncbi	WP_068981619.1	ARO:3006444	Perfect
ncbi	WP_068981620.1	ARO:3006446	Perfect
ncbi	WP_068981621.1	ARO:3006447	Perfect
ncbi	WP_068981622.1	ARO:3006448	Perfect
ncbi	WP_068981623.1	ARO:3006449	Perfect
ncbi	WP_068981624.1	ARO:3006450	Perfect
ncbi	WP_068981625.1	ARO:3006451	Perfect
ncbi	WP_068981626.1	ARO:3006452	Perfect
ncbi	WP_068981627.1	ARO:3006453	Perfect
ncbi	WP_068981628.1	ARO:3006454	Perfect
ncbi	WP_068981629.1	ARO:3006455	Perfect
ncbi	WP_068981630.1	ARO:3006456	Perfect
ncbi	WP_068981631.1	ARO:3005583	Perfect
ncbi	WP_068981632.1	ARO:3005611	Perfect
ncbi	WP_068981633.1	ARO:3005612	Perfect
ncbi	WP_068981634.1	ARO:3005358	Perfect
ncbi	WP_068981635.1	ARO:3005740	Perfect
ncbi	WP_068981636.1	ARO:3005741	Perfect
ncbi	WP_068981637.1	ARO:3005752	Perfect
ncbi	WP_068981638.1	ARO:3005753	Perfect
ncbi	WP_068981639.1	ARO:3005754	Perfect
ncbi	WP_068981640.1	ARO:3005755	Perfect
ncbi	WP_068981641.1	ARO:3005756	Perfect
ncbi	WP_068981642.1	ARO:3005757	Perfect
ncbi	WP_068981643.1	ARO:3005758	Perfect
ncbi	WP_068981644.1	ARO:3005759	Perfect
ncbi	WP_068981645.1	ARO:3005760	Perfect
ncbi	WP_068981646.1	ARO:3005761	Perfect
ncbi	WP_068981647.1	ARO:3005762	Perfect
ncbi	WP_068981648.1	ARO:3005210	Perfect
ncbi	WP_069067473.1	ARO:3002576	Strict
ncbi	WP_069147617.1	ARO:3005670	Strict
ncbi	WP_069174568.1	ARO:3003677	Perfect
ncbi	WP_069174569.1	ARO:3006427	Perfect
ncbi	WP_069174570.1	ARO:3004111	Perfect
ncbi	WP_069213816.1	ARO:3005676	Perfect
ncbi	WP_069214019.1	ARO:3005536	Perfect
ncbi	WP_069220914.1	ARO:3009012	Perfect
ncbi	WP_069280706.1	ARO:3005613	Perfect
ncbi	WP_069280709.1	ARO:3006161	Perfect
ncbi	WP_069280710.1	ARO:3005469	Perfect
ncbi	WP_069280711.1	ARO:3005764	Perfect
ncbi	WP_069280714.1	ARO:3005229	Perfect
ncbi	WP_069370341.1	ARO:3008038	Perfect
ncbi	WP_069453146.1	ARO:3002559	Strict
ncbi	WP_069720053.1	ARO:3007894	Perfect
ncbi	WP_069953510.1	ARO:3006890	Perfect
ncbi	WP_069985732.1	ARO:3002577	Strict
ncbi	WP_070064531.1	ARO:3004784	Strict
ncbi	WP_070064533.1	ARO:3002941	Strict
ncbi	WP_070064534.1	ARO:3001996	Perfect
ncbi	WP_070064535.1	ARO:3005765	Perfect
ncbi	WP_070064536.1	ARO:3005766	Perfect
ncbi	WP_070064537.1	ARO:3005195	Perfect
ncbi	WP_070142141.1	ARO:3006553	Perfect
ncbi	WP_070210118.1	ARO:3005873	Perfect
ncbi	WP_070233680.1	ARO:3005835	Perfect
ncbi	WP_070342356.1	ARO:3002607	Strict
ncbi	WP_070342357.1	ARO:3002603	Strict
ncbi	WP_070342358.1	ARO:3005098	Strict
ncbi	WP_070342359.1	ARO:3004692	Strict
ncbi	WP_070342360.1	ARO:3002839	Strict
ncbi	WP_070342362.1	ARO:3002605	Strict
ncbi	WP_070342364.1	ARO:3002839	Strict
ncbi	WP_070342366.1	ARO:3002615	Strict
ncbi	WP_070342367.1	ARO:3002879	Strict
ncbi	WP_070342368.1	ARO:3002858	Strict
ncbi	WP_070342369.1	ARO:3002605	Strict
ncbi	WP_070342370.1	ARO:3002862	Strict
ncbi	WP_070342371.1	ARO:3002605	Strict
ncbi	WP_070342372.1	ARO:3002603	Strict
ncbi	WP_070342373.1	ARO:3002616	Strict
ncbi	WP_070397090.1	ARO:3002895	Strict
ncbi	WP_070397091.1	ARO:3002895	Strict
ncbi	WP_070397092.1	ARO:3002895	Strict
ncbi	WP_070397093.1	ARO:3002895	Strict
ncbi	WP_070397094.1	ARO:3002895	Strict
ncbi	WP_070509550.1	ARO:3007047	Strict
ncbi	WP_070698497.1	ARO:3006652	Perfect
ncbi	WP_070984444.1	ARO:3001355	Perfect
ncbi	WP_071218680.1	ARO:3003983	Perfect
ncbi	WP_071218948.1	ARO:3003987	Perfect
ncbi	WP_071219112.1	ARO:3003990	Perfect
ncbi	WP_071223118.1	ARO:3003986	Perfect
ncbi	WP_071223302.1	ARO:3003981	Perfect
ncbi	WP_071223303.1	ARO:3003980	Perfect
ncbi	WP_071224044.1	ARO:3003988	Perfect
ncbi	WP_071537493.1	ARO:3005222	Perfect
ncbi	WP_071593200.1	ARO:3002577	Strict
ncbi	WP_071593201.1	ARO:3004638	Perfect
ncbi	WP_071593203.1	ARO:3002601	Strict
ncbi	WP_071593205.1	ARO:3002601	Strict
ncbi	WP_071593208.1	ARO:3002601	Strict
ncbi	WP_071593216.1	ARO:3002603	Strict
ncbi	WP_071593219.1	ARO:3002603	Strict
ncbi	WP_071593221.1	ARO:3007014	Strict
ncbi	WP_071593223.1	ARO:3005204	Perfect
ncbi	WP_071593224.1	ARO:3005219	Perfect
ncbi	WP_071593225.1	ARO:3005470	Perfect
ncbi	WP_071593226.1	ARO:3005471	Perfect
ncbi	WP_071593227.1	ARO:3005767	Perfect
ncbi	WP_071593228.1	ARO:3002580	Strict
ncbi	WP_071593229.1	ARO:3002553	Strict
ncbi	WP_071593230.1	ARO:3002581	Strict
ncbi	WP_071593232.1	ARO:3002577	Strict
ncbi	WP_071593233.1	ARO:3005317	Perfect
ncbi	WP_071684814.1	ARO:3004113	Strict
ncbi	WP_071701819.1	ARO:3004625	Perfect
ncbi	WP_071766399.1	ARO:3005117	Perfect
ncbi	WP_071766400.1	ARO:3002680	Strict
ncbi	WP_071766619.1	ARO:3000849	Strict
ncbi	WP_071766621.1	ARO:3005112	Perfect
ncbi	WP_071766622.1	ARO:3003894	Perfect
ncbi	WP_071846186.1	ARO:3002854	Strict
ncbi	WP_071846187.1	ARO:3002601	Strict
ncbi	WP_071846189.1	ARO:3002594	Strict
ncbi	WP_071846190.1	ARO:3002615	Strict
ncbi	WP_071846191.1	ARO:3002860	Strict
ncbi	WP_071846192.1	ARO:3002605	Strict
ncbi	WP_071846193.1	ARO:3002860	Strict
ncbi	WP_071846194.1	ARO:3002606	Strict
ncbi	WP_071846195.1	ARO:3002860	Strict
ncbi	WP_071846196.1	ARO:3002605	Strict
ncbi	WP_071846197.1	ARO:3002695	Strict
ncbi	WP_071846198.1	ARO:3002617	Strict
ncbi	WP_071846199.1	ARO:3002860	Strict
ncbi	WP_071846200.1	ARO:3005350	Perfect
ncbi	WP_071846201.1	ARO:3002861	Strict
ncbi	WP_071846202.1	ARO:3002848	Strict
ncbi	WP_071846203.1	ARO:3005314	Perfect
ncbi	WP_071846204.1	ARO:3002596	Strict
ncbi	WP_071846206.1	ARO:3002601	Strict
ncbi	WP_071846207.1	ARO:3002676	Strict
ncbi	WP_071846208.1	ARO:3003676	Strict
ncbi	WP_071846209.1	ARO:3003676	Strict
ncbi	WP_071846210.1	ARO:3000361	Strict
ncbi	WP_071846212.1	ARO:3002858	Strict
ncbi	WP_071846213.1	ARO:3002586	Strict
ncbi	WP_071846215.1	ARO:3002547	Perfect
ncbi	WP_071846216.1	ARO:3002555	Strict
ncbi	WP_071846217.1	ARO:3000230	Strict
ncbi	WP_071846218.1	ARO:3002603	Strict
ncbi	WP_071846220.1	ARO:3002601	Strict
ncbi	WP_071846222.1	ARO:3002603	Strict
ncbi	WP_071846223.1	ARO:3002601	Strict
ncbi	WP_071846224.1	ARO:3002601	Strict
ncbi	WP_071846225.1	ARO:3005098	Strict
ncbi	WP_071846226.1	ARO:3007014	Strict
ncbi	WP_071846227.1	ARO:3002601	Strict
ncbi	WP_071846228.1	ARO:3002601	Strict
ncbi	WP_071846229.1	ARO:3002603	Strict
ncbi	WP_071846230.1	ARO:3000230	Strict
ncbi	WP_071846231.1	ARO:3002602	Strict
ncbi	WP_071846232.1	ARO:3002602	Strict
ncbi	WP_071846233.1	ARO:3002601	Strict
ncbi	WP_071846234.1	ARO:3002603	Strict
ncbi	WP_071846235.1	ARO:3002601	Strict
ncbi	WP_071846236.1	ARO:3002603	Strict
ncbi	WP_071846237.1	ARO:3002603	Strict
ncbi	WP_071846238.1	ARO:3000230	Strict
ncbi	WP_071846239.1	ARO:3002577	Strict
ncbi	WP_071846240.1	ARO:3002601	Strict
ncbi	WP_071846241.1	ARO:3002576	Strict
ncbi	WP_071846242.1	ARO:3005354	Strict
ncbi	WP_071846243.1	ARO:3002601	Strict
ncbi	WP_071846244.1	ARO:3002605	Strict
ncbi	WP_071846245.1	ARO:3007014	Strict
ncbi	WP_071846246.1	ARO:3002603	Strict
ncbi	WP_071846247.1	ARO:3002860	Strict
ncbi	WP_071846248.1	ARO:3002603	Strict
ncbi	WP_071846249.1	ARO:3003676	Strict
ncbi	WP_071846250.1	ARO:3002601	Strict
ncbi	WP_071846251.1	ARO:3002605	Strict
ncbi	WP_071846252.1	ARO:3002601	Strict
ncbi	WP_071846253.1	ARO:3002601	Strict
ncbi	WP_071846254.1	ARO:3002577	Strict
ncbi	WP_071846256.1	ARO:3002601	Strict
ncbi	WP_071846257.1	ARO:3002605	Strict
ncbi	WP_071846258.1	ARO:0010003	Manual
ncbi	WP_071846259.1	ARO:3002595	Strict
ncbi	WP_071846260.1	ARO:3002594	Strict
ncbi	WP_071846261.1	ARO:3004692	Strict
ncbi	WP_071846262.1	ARO:3003676	Strict
ncbi	WP_071846263.1	ARO:3002617	Strict
ncbi	WP_071846264.1	ARO:3002619	Strict
ncbi	WP_071846265.1	ARO:3002611	Strict
ncbi	WP_071846266.1	ARO:3004692	Strict
ncbi	WP_071846267.1	ARO:3004704	Strict
ncbi	WP_071846268.1	ARO:3002615	Strict
ncbi	WP_071846269.1	ARO:3002613	Strict
ncbi	WP_071846270.1	ARO:3002601	Strict
ncbi	WP_071846271.1	ARO:3002601	Strict
ncbi	WP_071846272.1	ARO:3002601	Strict
ncbi	WP_071846273.1	ARO:3002603	Strict
ncbi	WP_071846274.1	ARO:3002602	Strict
ncbi	WP_071846275.1	ARO:3002601	Strict
ncbi	WP_071846276.1	ARO:3002601	Strict
ncbi	WP_071846278.1	ARO:3002603	Strict
ncbi	WP_071846279.1	ARO:3002695	Strict
ncbi	WP_071846280.1	ARO:3002848	Strict
ncbi	WP_071846281.1	ARO:3002577	Strict
ncbi	WP_071846282.1	ARO:3002858	Strict
ncbi	WP_071846284.1	ARO:3002680	Strict
ncbi	WP_071846285.1	ARO:3002879	Strict
ncbi	WP_071846286.1	ARO:3002605	Strict
ncbi	WP_071846287.1	ARO:3002605	Strict
ncbi	WP_071846288.1	ARO:3002601	Strict
ncbi	WP_071846291.1	ARO:3002579	Strict
ncbi	WP_071846292.1	ARO:3005098	Strict
ncbi	WP_071846293.1	ARO:3002854	Strict
ncbi	WP_071846295.1	ARO:3002854	Strict
ncbi	WP_071846296.1	ARO:3002601	Strict
ncbi	WP_071846297.1	ARO:3002606	Strict
ncbi	WP_071846298.1	ARO:3002606	Strict
ncbi	WP_071846301.1	ARO:3002577	Strict
ncbi	WP_071846302.1	ARO:3002605	Strict
ncbi	WP_071846303.1	ARO:3000230	Strict
ncbi	WP_071846304.1	ARO:3002601	Strict
ncbi	WP_071846305.1	ARO:3000230	Strict
ncbi	WP_071846306.1	ARO:3002854	Strict
ncbi	WP_071846307.1	ARO:3002895	Strict
ncbi	WP_071846308.1	ARO:3002602	Strict
ncbi	WP_071846309.1	ARO:3002602	Strict
ncbi	WP_071846310.1	ARO:3002570	Strict
ncbi	WP_071846311.1	ARO:3002676	Strict
ncbi	WP_071846312.1	ARO:3000230	Strict
ncbi	WP_071846313.1	ARO:3000230	Strict
ncbi	WP_071846314.1	ARO:3000230	Strict
ncbi	WP_071846315.1	ARO:3002601	Strict
ncbi	WP_071846316.1	ARO:3004498	Strict
ncbi	WP_071846317.1	ARO:3000230	Strict
ncbi	WP_071846318.1	ARO:3004635	Strict
ncbi	WP_071846319.1	ARO:3002602	Strict
ncbi	WP_071846321.1	ARO:3003197	Strict
ncbi	WP_071846322.1	ARO:3002608	Strict
ncbi	WP_071846323.1	ARO:3003197	Strict
ncbi	WP_071846324.1	ARO:3002608	Strict
ncbi	WP_071846325.1	ARO:3004704	Strict
ncbi	WP_071846326.1	ARO:3002607	Strict
ncbi	WP_071846327.1	ARO:3004692	Strict
ncbi	WP_071846328.1	ARO:3002609	Strict
ncbi	WP_071846329.1	ARO:3002577	Strict
ncbi	WP_071846331.1	ARO:3005098	Strict
ncbi	WP_071846332.1	ARO:3005117	Strict
ncbi	WP_071846333.1	ARO:3002549	Strict
ncbi	WP_071846334.1	ARO:3002594	Strict
ncbi	WP_071846335.1	ARO:3003676	Strict
ncbi	WP_071846336.1	ARO:3000361	Strict
ncbi	WP_071846337.1	ARO:3002603	Strict
ncbi	WP_071846338.1	ARO:3002601	Strict
ncbi	WP_071846339.1	ARO:3002601	Strict
ncbi	WP_071846340.1	ARO:3002601	Strict
ncbi	WP_071846341.1	ARO:3000230	Strict
ncbi	WP_071846342.1	ARO:3002601	Strict
ncbi	WP_071846343.1	ARO:3002601	Strict
ncbi	WP_071846344.1	ARO:3002609	Strict
ncbi	WP_071846345.1	ARO:3002602	Strict
ncbi	WP_071846346.1	ARO:3004704	Strict
ncbi	WP_071846347.1	ARO:3002676	Strict
ncbi	WP_071846349.1	ARO:3002601	Strict
ncbi	WP_071846350.1	ARO:3002676	Strict
ncbi	WP_071846353.1	ARO:3002556	Strict
ncbi	WP_071846354.1	ARO:3002601	Strict
ncbi	WP_071846355.1	ARO:3002605	Strict
ncbi	WP_071846356.1	ARO:3002605	Strict
ncbi	WP_071846357.1	ARO:3002601	Strict
ncbi	WP_071846358.1	ARO:3005589	Perfect
ncbi	WP_071846360.1	ARO:3000230	Strict
ncbi	WP_071846361.1	ARO:3002577	Strict
ncbi	WP_071846362.1	ARO:3002606	Strict
ncbi	WP_071846363.1	ARO:3002676	Strict
ncbi	WP_071846364.1	ARO:3002608	Strict
ncbi	WP_071846366.1	ARO:3002854	Strict
ncbi	WP_071846367.1	ARO:3002602	Strict
ncbi	WP_071846368.1	ARO:3000230	Strict
ncbi	WP_071846369.1	ARO:3002603	Strict
ncbi	WP_071846370.1	ARO:3002602	Strict
ncbi	WP_071846371.1	ARO:3002601	Strict
ncbi	WP_071846372.1	ARO:3002601	Strict
ncbi	WP_071846373.1	ARO:3002576	Strict
ncbi	WP_071846374.1	ARO:3002594	Strict
ncbi	WP_071846375.1	ARO:3002676	Strict
ncbi	WP_071846376.1	ARO:3004641	Strict
ncbi	WP_071846379.1	ARO:3002605	Strict
ncbi	WP_071846381.1	ARO:3002605	Strict
ncbi	WP_071846382.1	ARO:3002577	Strict
ncbi	WP_071846383.1	ARO:3002858	Strict
ncbi	WP_071846384.1	ARO:3005321	Perfect
ncbi	WP_071846385.1	ARO:3002577	Strict
ncbi	WP_071846386.1	ARO:3002602	Strict
ncbi	WP_071846387.1	ARO:3002854	Strict
ncbi	WP_071846388.1	ARO:3002861	Strict
ncbi	WP_071984682.1	ARO:3002577	Strict
ncbi	WP_072081991.1	ARO:3001205	Manual
ncbi	WP_072081992.1	ARO:3005361	Perfect
ncbi	WP_072081993.1	ARO:3005214	Perfect
ncbi	WP_072124806.1	ARO:3004840	Perfect
ncbi	WP_072139974.1	ARO:3006278	Perfect
ncbi	WP_072186106.1	ARO:3006984	Perfect
ncbi	WP_072201103.1	ARO:3002577	Strict
ncbi	WP_072292271.1	ARO:3006355	Perfect
ncbi	WP_072310976.1	ARO:3007229	Perfect
ncbi	WP_072419811.1	ARO:3007069	Perfect
ncbi	WP_072643680.1	ARO:3008156	Perfect
ncbi	WP_072678505.1	ARO:3005937	Perfect
ncbi	WP_073000989.1	ARO:3007898	Perfect
ncbi	WP_073350313.1	ARO:3009084	Perfect
ncbi	WP_073552023.1	ARO:3008196	Perfect
ncbi	WP_073647245.1	ARO:3006590	Perfect
ncbi	WP_073647622.1	ARO:3008682	Perfect
ncbi	WP_073668892.1	ARO:3005362	Perfect
ncbi	WP_073669325.1	ARO:3005287	Perfect
ncbi	WP_073800284.1	ARO:3005363	Perfect
ncbi	WP_074206779.1	ARO:3008708	Perfect
ncbi	WP_074385924.1	ARO:3004846	Perfect
ncbi	WP_075040046.1	ARO:3006016	Perfect
ncbi	WP_075071939.1	ARO:3008507	Perfect
ncbi	WP_075112279.1	ARO:3008736	Perfect
ncbi	WP_075226241.1	ARO:3006978	Perfect
ncbi	WP_075606311.1	ARO:3005073	Perfect
ncbi	WP_075985683.1	ARO:3005181	Perfect
ncbi	WP_075985684.1	ARO:3005197	Perfect
ncbi	WP_075985685.1	ARO:3000906	Perfect
ncbi	WP_075985686.1	ARO:3005256	Perfect
ncbi	WP_076412384.1	ARO:3005715	Perfect
ncbi	WP_076611060.1	ARO:3004093	Perfect
ncbi	WP_076611061.1	ARO:3004685	Perfect
ncbi	WP_076611062.1	ARO:3004515	Perfect
ncbi	WP_077021671.1	ARO:3008462	Perfect
ncbi	WP_077064885.1	ARO:3004514	Perfect
ncbi	WP_077064886.1	ARO:3005359	Perfect
ncbi	WP_077064887.1	ARO:3006178	Perfect
ncbi	WP_077064888.1	ARO:3005502	Perfect
ncbi	WP_077064889.1	ARO:3001051	Perfect
ncbi	WP_077064890.1	ARO:3004861	Perfect
ncbi	WP_077096319.1	ARO:3004837	Perfect
ncbi	WP_077248206.1	ARO:3006554	Perfect
ncbi	WP_077248207.1	ARO:3006555	Perfect
ncbi	WP_077248208.1	ARO:3004513	Perfect
ncbi	WP_077767289.1	ARO:3005180	Perfect
ncbi	WP_077767290.1	ARO:3005616	Perfect
ncbi	WP_077767291.1	ARO:3005617	Perfect
ncbi	WP_077767292.1	ARO:3005618	Perfect
ncbi	WP_077767293.1	ARO:3005619	Perfect
ncbi	WP_077767294.1	ARO:3006466	Perfect
ncbi	WP_078202643.1	ARO:3007996	Perfect
ncbi	WP_078207746.1	ARO:3004637	Perfect
ncbi	WP_078216190.1	ARO:3006387	Perfect
ncbi	WP_078225401.1	ARO:3006122	Perfect
ncbi	WP_078230092.1	ARO:3006382	Perfect
ncbi	WP_078254299.1	ARO:3004502	Perfect
ncbi	WP_078318620.1	ARO:3005074	Perfect
ncbi	WP_078394827.1	ARO:3005534	Strict
ncbi	WP_078395323.1	ARO:3005690	Perfect
ncbi	WP_078402391.1	ARO:3005555	Strict
ncbi	WP_078402651.1	ARO:3005699	Perfect
ncbi	WP_078407131.1	ARO:3005692	Perfect
ncbi	WP_078411523.1	ARO:3005696	Strict
ncbi	WP_078675023.1	ARO:3005698	Perfect
ncbi	WP_078675249.1	ARO:3005545	Perfect
ncbi	WP_078676551.1	ARO:3005679	Perfect
ncbi	WP_078678126.1	ARO:3005678	Perfect
ncbi	WP_078678782.1	ARO:3005548	Perfect
ncbi	WP_078691374.1	ARO:3005696	Strict
ncbi	WP_078691467.1	ARO:3005531	Perfect
ncbi	WP_078702010.1	ARO:3005538	Perfect
ncbi	WP_078703439.1	ARO:3005680	Perfect
ncbi	WP_078704370.1	ARO:3005537	Perfect
ncbi	WP_078721108.1	ARO:3005540	Strict
ncbi	WP_078722646.1	ARO:3005685	Perfect
ncbi	WP_078723747.1	ARO:3005546	Perfect
ncbi	WP_078724262.1	ARO:3005696	Perfect
ncbi	WP_078769980.1	ARO:3005695	Perfect
ncbi	WP_078772815.1	ARO:3005540	Perfect
ncbi	WP_078778510.1	ARO:3005552	Perfect
ncbi	WP_078779188.1	ARO:3005684	Perfect
ncbi	WP_078782085.1	ARO:3005523	Strict
ncbi	WP_078793100.1	ARO:3005549	Perfect
ncbi	WP_078793281.1	ARO:3005693	Perfect
ncbi	WP_078795346.1	ARO:3005551	Perfect
ncbi	WP_078795634.1	ARO:3005672	Perfect
ncbi	WP_078797000.1	ARO:3005682	Perfect
ncbi	WP_078798391.1	ARO:3005554	Strict
ncbi	WP_079387329.1	ARO:3007460	Perfect
ncbi	WP_079452738.1	ARO:3002576	Strict
ncbi	WP_079459897.1	ARO:3002530	Strict
ncbi	WP_079767532.1	ARO:3008207	Perfect
ncbi	WP_079820715.1	ARO:3004113	Strict
ncbi	WP_080528555.1	ARO:3008779	Perfect
ncbi	WP_080699425.1	ARO:3005260	Perfect
ncbi	WP_080700357.1	ARO:3008199	Perfect
ncbi	WP_080889626.1	ARO:3005550	Perfect
ncbi	WP_080897395.1	ARO:3006153	Perfect
ncbi	WP_080923375.1	ARO:3004838	Perfect
ncbi	WP_081048762.1	ARO:3006954	Perfect
ncbi	WP_081174195.1	ARO:3008757	Perfect
ncbi	WP_081318900.1	ARO:3005542	Perfect
ncbi	WP_081321989.1	ARO:3005557	Strict
ncbi	WP_081330264.1	ARO:3006899	Perfect
ncbi	WP_081398973.1	ARO:3001744	Strict
ncbi	WP_081400730.1	ARO:3001744	Perfect
ncbi	WP_081401608.1	ARO:3005328	Perfect
ncbi	WP_081406929.1	ARO:3005882	Perfect
ncbi	WP_081666691.1	ARO:3006935	Perfect
ncbi	WP_081853183.1	ARO:3006885	Perfect
ncbi	WP_082039181.1	ARO:3007028	Perfect
ncbi	WP_082741435.1	ARO:3004569	Perfect
ncbi	WP_083555577.1	ARO:3008967	Perfect
ncbi	WP_085562380.1	ARO:3004755	Perfect
ncbi	WP_085562381.1	ARO:3004673	Perfect
ncbi	WP_085562382.1	ARO:3004672	Perfect
ncbi	WP_085562383.1	ARO:3006911	Perfect
ncbi	WP_085562384.1	ARO:3005747	Perfect
ncbi	WP_085562385.1	ARO:3006914	Perfect
ncbi	WP_085562386.1	ARO:3006915	Perfect
ncbi	WP_085562387.1	ARO:3006916	Perfect
ncbi	WP_085562388.1	ARO:3006910	Perfect
ncbi	WP_085562389.1	ARO:3006909	Perfect
ncbi	WP_085562390.1	ARO:3006913	Perfect
ncbi	WP_085562391.1	ARO:3005473	Perfect
ncbi	WP_085562392.1	ARO:3004686	Perfect
ncbi	WP_085562393.1	ARO:3006556	Perfect
ncbi	WP_085562394.1	ARO:3006557	Perfect
ncbi	WP_085562395.1	ARO:3005192	Perfect
ncbi	WP_085562396.1	ARO:3005190	Perfect
ncbi	WP_085562397.1	ARO:3004799	Perfect
ncbi	WP_085562398.1	ARO:3005257	Perfect
ncbi	WP_085562399.1	ARO:3005364	Perfect
ncbi	WP_085562400.1	ARO:3005620	Perfect
ncbi	WP_085562401.1	ARO:3005621	Perfect
ncbi	WP_085562402.1	ARO:3005769	Perfect
ncbi	WP_085562403.1	ARO:3005771	Perfect
ncbi	WP_085562404.1	ARO:3006179	Perfect
ncbi	WP_085562405.1	ARO:3001862	Perfect
ncbi	WP_085562406.1	ARO:3005258	Perfect
ncbi	WP_085562407.1	ARO:3004687	Perfect
ncbi	WP_085562408.1	ARO:3005778	Perfect
ncbi	WP_085562409.1	ARO:3005779	Perfect
ncbi	WP_085562410.1	ARO:3005780	Perfect
ncbi	WP_085562411.1	ARO:3005781	Perfect
ncbi	WP_085562412.1	ARO:3005782	Perfect
ncbi	WP_085562413.1	ARO:3005783	Perfect
ncbi	WP_085562414.1	ARO:3005784	Perfect
ncbi	WP_085562415.1	ARO:3005785	Perfect
ncbi	WP_085562416.1	ARO:3005786	Perfect
ncbi	WP_085562417.1	ARO:3005787	Perfect
ncbi	WP_085562418.1	ARO:3005788	Perfect
ncbi	WP_085562419.1	ARO:3006162	Perfect
ncbi	WP_085562420.1	ARO:3005217	Perfect
ncbi	WP_085562421.1	ARO:3005789	Perfect
ncbi	WP_085843691.1	ARO:3002714	Strict
ncbi	WP_085843736.1	ARO:3002576	Strict
ncbi	WP_085844237.1	ARO:3005115	Strict
ncbi	WP_086259262.1	ARO:3000216	Strict
ncbi	WP_086261538.1	ARO:3006119	Perfect
ncbi	WP_086262823.1	ARO:3006406	Perfect
ncbi	WP_086263559.1	ARO:3006118	Perfect
ncbi	WP_086264536.1	ARO:3006029	Perfect
ncbi	WP_086265799.1	ARO:3007981	Perfect
ncbi	WP_086329657.1	ARO:3006420	Perfect
ncbi	WP_086394244.1	ARO:3006423	Perfect
ncbi	WP_086395021.1	ARO:3006121	Perfect
ncbi	WP_086398931.1	ARO:3006123	Perfect
ncbi	WP_086399847.1	ARO:3006422	Perfect
ncbi	WP_086442870.1	ARO:3006120	Perfect
ncbi	WP_086443396.1	ARO:3006421	Perfect
ncbi	WP_086979105.1	ARO:3005668	Perfect
ncbi	WP_086980232.1	ARO:3005529	Perfect
ncbi	WP_087088911.1	ARO:3006036	Perfect
ncbi	WP_087093762.1	ARO:3005677	Perfect
ncbi	WP_087094142.1	ARO:3005544	Perfect
ncbi	WP_087312253.1	ARO:3007109	Perfect
ncbi	WP_087344360.1	ARO:3002877	Strict
ncbi	WP_087344902.1	ARO:3004357	Perfect
ncbi	WP_087349244.1	ARO:3004544	Perfect
ncbi	WP_087529968.1	ARO:3007884	Perfect
ncbi	WP_087554513.1	ARO:3005342	Perfect
ncbi	WP_087587931.1	ARO:3004596	Perfect
ncbi	WP_087587932.1	ARO:3003908	Perfect
ncbi	WP_087587934.1	ARO:3004737	Perfect
ncbi	WP_087587935.1	ARO:3004736	Perfect
ncbi	WP_087587936.1	ARO:3004734	Perfect
ncbi	WP_087587937.1	ARO:3004738	Perfect
ncbi	WP_087587938.1	ARO:3004739	Perfect
ncbi	WP_087587939.1	ARO:3005772	Perfect
ncbi	WP_087587940.1	ARO:3005773	Perfect
ncbi	WP_087587941.1	ARO:3005774	Perfect
ncbi	WP_087587942.1	ARO:3005775	Perfect
ncbi	WP_087587943.1	ARO:3005776	Perfect
ncbi	WP_087587944.1	ARO:3005777	Perfect
ncbi	WP_087587945.1	ARO:3005770	Perfect
ncbi	WP_087587946.1	ARO:3004185	Perfect
ncbi	WP_087587947.1	ARO:3005622	Perfect
ncbi	WP_087587948.1	ARO:3004094	Perfect
ncbi	WP_087587949.1	ARO:3005218	Perfect
ncbi	WP_087587950.1	ARO:3006558	Perfect
ncbi	WP_087587951.1	ARO:3006560	Perfect
ncbi	WP_087587952.1	ARO:3006561	Perfect
ncbi	WP_087587953.1	ARO:3006562	Perfect
ncbi	WP_087587954.1	ARO:3005299	Perfect
ncbi	WP_087587955.1	ARO:3006564	Perfect
ncbi	WP_087587956.1	ARO:3006565	Perfect
ncbi	WP_087587957.1	ARO:3006566	Perfect
ncbi	WP_087587958.1	ARO:3006567	Perfect
ncbi	WP_087587959.1	ARO:3006569	Perfect
ncbi	WP_087587960.1	ARO:3006570	Perfect
ncbi	WP_087587961.1	ARO:3006572	Perfect
ncbi	WP_087587962.1	ARO:3006573	Perfect
ncbi	WP_087587963.1	ARO:3006577	Perfect
ncbi	WP_087587964.1	ARO:3006578	Perfect
ncbi	WP_087587965.1	ARO:3006580	Perfect
ncbi	WP_087587966.1	ARO:3005285	Perfect
ncbi	WP_087587967.1	ARO:3006581	Perfect
ncbi	WP_087587968.1	ARO:3006582	Perfect
ncbi	WP_087587969.1	ARO:3006583	Perfect
ncbi	WP_087587970.1	ARO:3006584	Perfect
ncbi	WP_087587971.1	ARO:3006585	Perfect
ncbi	WP_087587972.1	ARO:3006586	Perfect
ncbi	WP_087587973.1	ARO:3006587	Perfect
ncbi	WP_087587974.1	ARO:3006588	Perfect
ncbi	WP_087696200.1	ARO:3005797	Perfect
ncbi	WP_087744800.1	ARO:3005384	Perfect
ncbi	WP_087771722.1	ARO:3006147	Perfect
ncbi	WP_087833272.1	ARO:3006143	Perfect
ncbi	WP_087834333.1	ARO:3009051	Perfect
ncbi	WP_087855277.1	ARO:3008373	Perfect
ncbi	WP_087872512.1	ARO:3002546	Strict
ncbi	WP_087876534.1	ARO:3006389	Perfect
ncbi	WP_087879616.1	ARO:3007273	Perfect
ncbi	WP_087907639.1	ARO:3004798	Perfect
ncbi	WP_088168768.1	ARO:3002390	Strict
ncbi	WP_088245209.1	ARO:3004669	Perfect
ncbi	WP_088245210.1	ARO:3005027	Perfect
ncbi	WP_088245211.1	ARO:3001986	Perfect
ncbi	WP_088245212.1	ARO:3005626	Perfect
ncbi	WP_088245213.1	ARO:3005194	Perfect
ncbi	WP_088245214.1	ARO:3005474	Perfect
ncbi	WP_088245215.1	ARO:3005625	Perfect
ncbi	WP_088245216.1	ARO:3006589	Perfect
ncbi	WP_088245217.1	ARO:3005289	Perfect
ncbi	WP_088245218.1	ARO:3006600	Perfect
ncbi	WP_088245219.1	ARO:3006591	Perfect
ncbi	WP_088245220.1	ARO:3006592	Perfect
ncbi	WP_088245221.1	ARO:3006593	Perfect
ncbi	WP_088245222.1	ARO:3006594	Perfect
ncbi	WP_088245223.1	ARO:3006595	Perfect
ncbi	WP_088245224.1	ARO:3006596	Perfect
ncbi	WP_088245225.1	ARO:3005627	Perfect
ncbi	WP_088245226.1	ARO:3005209	Perfect
ncbi	WP_088245227.1	ARO:3006331	Perfect
ncbi	WP_088303859.1	ARO:3005845	Perfect
ncbi	WP_088924033.1	ARO:3009006	Perfect
ncbi	WP_088926609.1	ARO:3008998	Perfect
ncbi	WP_088929369.1	ARO:3009015	Perfect
ncbi	WP_089067012.1	ARO:3004362	Perfect
ncbi	WP_089613755.1	ARO:3004505	Perfect
ncbi	WP_089631889.1	ARO:3003751	Manual
ncbi	WP_092689909.1	ARO:3005878	Perfect
ncbi	WP_094009802.1	ARO:3005200	Perfect
ncbi	WP_094009803.1	ARO:3005744	Perfect
ncbi	WP_094009804.1	ARO:3005745	Perfect
ncbi	WP_094009805.1	ARO:3005466	Perfect
ncbi	WP_094009806.1	ARO:3005278	Perfect
ncbi	WP_094009807.1	ARO:3005500	Perfect
ncbi	WP_094009808.1	ARO:3005749	Perfect
ncbi	WP_094009809.1	ARO:3006177	Perfect
ncbi	WP_094009810.1	ARO:3004862	Perfect
ncbi	WP_094009811.1	ARO:3005790	Perfect
ncbi	WP_094009812.1	ARO:3006214	Perfect
ncbi	WP_094009813.1	ARO:3005623	Perfect
ncbi	WP_094009814.1	ARO:3005624	Perfect
ncbi	WP_094009815.1	ARO:3005232	Perfect
ncbi	WP_094009816.1	ARO:3006180	Perfect
ncbi	WP_094069128.1	ARO:3008674	Perfect
ncbi	WP_094166899.1	ARO:3005647	Perfect
ncbi	WP_094308975.1	ARO:3007259	Perfect
ncbi	WP_094309310.1	ARO:3004720	Perfect
ncbi	WP_094312656.1	ARO:3007262	Perfect
ncbi	WP_094313523.1	ARO:3007256	Perfect
ncbi	WP_094315354.1	ARO:3004511	Perfect
ncbi	WP_094321595.1	ARO:3007265	Perfect
ncbi	WP_094323230.1	ARO:3007284	Perfect
ncbi	WP_094353585.1	ARO:3000966	Perfect
ncbi	WP_094776403.1	ARO:3008664	Perfect
ncbi	WP_094865115.1	ARO:3001805	Strict
ncbi	WP_094899500.1	ARO:3004470	Strict
ncbi	WP_094917017.1	ARO:3004848	Perfect
ncbi	WP_094935119.1	ARO:3006252	Perfect
ncbi	WP_094954583.1	ARO:3006824	Perfect
ncbi	WP_094970923.1	ARO:3003582	Manual
ncbi	WP_095450405.1	ARO:3006245	Strict
ncbi	WP_095907254.1	ARO:3008089	Strict
ncbi	WP_096170112.1	ARO:3002790	Strict
ncbi	WP_096735335.1	ARO:3005879	Perfect
ncbi	WP_096807439.1	ARO:3005360	Perfect
ncbi	WP_096807440.1	ARO:3003115	Perfect
ncbi	WP_096807442.1	ARO:3004506	Perfect
ncbi	WP_096807443.1	ARO:3005019	Perfect
ncbi	WP_096807444.1	ARO:3006478	Perfect
ncbi	WP_096807445.1	ARO:3006473	Perfect
ncbi	WP_096807446.1	ARO:3005198	Perfect
ncbi	WP_096807447.1	ARO:3005248	Perfect
ncbi	WP_096809342.1	ARO:3007029	Perfect
ncbi	WP_096865225.1	ARO:3006133	Perfect
ncbi	WP_096877503.1	ARO:3008058	Perfect
ncbi	WP_096941464.1	ARO:3004103	Strict
ncbi	WP_097365603.1	ARO:3008796	Perfect
ncbi	WP_098066351.1	ARO:3008815	Perfect
ncbi	WP_098931096.1	ARO:3008177	Perfect
ncbi	WP_099156040.1	ARO:3002943	Perfect
ncbi	WP_099156041.1	ARO:3001376	Perfect
ncbi	WP_099156042.1	ARO:3002993	Perfect
ncbi	WP_099156044.1	ARO:3001555	Perfect
ncbi	WP_099156045.1	ARO:3006327	Perfect
ncbi	WP_099156046.1	ARO:3004325	Perfect
ncbi	WP_099156047.1	ARO:3004510	Perfect
ncbi	WP_099156048.1	ARO:3004509	Perfect
ncbi	WP_099156049.1	ARO:3004508	Perfect
ncbi	WP_099156050.1	ARO:3004864	Perfect
ncbi	WP_099156051.1	ARO:3005475	Perfect
ncbi	WP_099156052.1	ARO:3005791	Perfect
ncbi	WP_099156053.1	ARO:3005628	Perfect
ncbi	WP_099156054.1	ARO:3005249	Perfect
ncbi	WP_099156055.1	ARO:3006232	Perfect
ncbi	WP_099156056.1	ARO:3006249	Perfect
ncbi	WP_099156057.1	ARO:3006862	Perfect
ncbi	WP_099337823.1	ARO:3005792	Perfect
ncbi	WP_099483400.1	ARO:3005089	Perfect
ncbi	WP_099592735.1	ARO:3007859	Perfect
ncbi	WP_099595307.1	ARO:3005164	Perfect
ncbi	WP_099982800.1	ARO:3004507	Perfect
ncbi	WP_099982801.1	ARO:3002492	Perfect
ncbi	WP_099982802.1	ARO:3002486	Perfect
ncbi	WP_099982803.1	ARO:3002489	Perfect
ncbi	WP_099982804.1	ARO:3004613	Perfect
ncbi	WP_099982805.1	ARO:3004581	Perfect
ncbi	WP_099982806.1	ARO:3004582	Perfect
ncbi	WP_099982807.1	ARO:3004584	Perfect
ncbi	WP_099982808.1	ARO:3004586	Perfect
ncbi	WP_099982809.1	ARO:3004587	Perfect
ncbi	WP_099982810.1	ARO:3004589	Perfect
ncbi	WP_099982811.1	ARO:3004590	Perfect
ncbi	WP_099982812.1	ARO:3005306	Perfect
ncbi	WP_099982813.1	ARO:3004501	Perfect
ncbi	WP_099982814.1	ARO:3004662	Perfect
ncbi	WP_099982815.1	ARO:3004688	Perfect
ncbi	WP_099982820.1	ARO:3004504	Perfect
ncbi	WP_100086555.1	ARO:3006181	Perfect
ncbi	WP_100122263.1	ARO:3002175	Strict
ncbi	WP_100505522.1	ARO:3006898	Perfect
ncbi	WP_100507493.1	ARO:3006111	Perfect
ncbi	WP_100663667.1	ARO:3006931	Perfect
ncbi	WP_100675621.1	ARO:3004844	Perfect
ncbi	WP_100831609.1	ARO:3006623	Perfect
ncbi	WP_100882964.1	ARO:3008702	Perfect
ncbi	WP_100886243.1	ARO:3005332	Perfect
ncbi	WP_100931728.1	ARO:3002893	Perfect
ncbi	WP_100931729.1	ARO:3005006	Perfect
ncbi	WP_100931730.1	ARO:3004035	Perfect
ncbi	WP_100931731.1	ARO:3006601	Perfect
ncbi	WP_100931732.1	ARO:3006602	Perfect
ncbi	WP_100931733.1	ARO:3006603	Perfect
ncbi	WP_101035417.1	ARO:3007042	Perfect
ncbi	WP_101035418.1	ARO:3007044	Strict
ncbi	WP_101140102.1	ARO:3005365	Perfect
ncbi	WP_101150415.1	ARO:3005931	Perfect
ncbi	WP_101244935.1	ARO:3002749	Strict
ncbi	WP_101244936.1	ARO:3006604	Perfect
ncbi	WP_101244937.1	ARO:3006338	Perfect
ncbi	WP_101244938.1	ARO:3006340	Perfect
ncbi	WP_101360538.1	ARO:3005534	Perfect
ncbi	WP_101360689.1	ARO:3005673	Perfect
ncbi	WP_101516660.1	ARO:3002576	Strict
ncbi	WP_101663562.1	ARO:3008634	Perfect
ncbi	WP_101982161.1	ARO:3000274	Manual
ncbi	WP_102272729.1	ARO:3007097	Perfect
ncbi	WP_102607451.1	ARO:3005614	Perfect
ncbi	WP_102607452.1	ARO:3005615	Perfect
ncbi	WP_102607453.1	ARO:3000881	Perfect
ncbi	WP_102607454.1	ARO:3002004	Perfect
ncbi	WP_102607455.1	ARO:3005629	Perfect
ncbi	WP_102607456.1	ARO:3005630	Perfect
ncbi	WP_102607457.1	ARO:3004361	Perfect
ncbi	WP_102607458.1	ARO:3006342	Perfect
ncbi	WP_102607459.1	ARO:3005476	Perfect
ncbi	WP_102607460.1	ARO:3006163	Perfect
ncbi	WP_102607461.1	ARO:3005793	Perfect
ncbi	WP_102607462.1	ARO:3005324	Perfect
ncbi	WP_102607463.1	ARO:3005326	Perfect
ncbi	WP_102607464.1	ARO:3005794	Perfect
ncbi	WP_102607465.1	ARO:3004500	Perfect
ncbi	WP_102793805.1	ARO:3005694	Perfect
ncbi	WP_102803085.1	ARO:3008782	Strict
ncbi	WP_103034696.1	ARO:3005075	Perfect
ncbi	WP_103252528.1	ARO:3007258	Perfect
ncbi	WP_103261726.1	ARO:3008383	Perfect
ncbi	WP_103263503.1	ARO:3003292	Manual
ncbi	WP_103283398.1	ARO:3008119	Perfect
ncbi	WP_103663397.1	ARO:3004238	Manual
ncbi	WP_104009831.1	ARO:3006132	Perfect
ncbi	WP_104009832.1	ARO:3006612	Perfect
ncbi	WP_104009833.1	ARO:3006613	Perfect
ncbi	WP_104009834.1	ARO:3006614	Perfect
ncbi	WP_104009835.1	ARO:3006615	Perfect
ncbi	WP_104009836.1	ARO:3006616	Perfect
ncbi	WP_104009837.1	ARO:3006617	Perfect
ncbi	WP_104009838.1	ARO:3006619	Perfect
ncbi	WP_104009839.1	ARO:3006620	Perfect
ncbi	WP_104009840.1	ARO:3006621	Perfect
ncbi	WP_104009841.1	ARO:3006622	Perfect
ncbi	WP_104009842.1	ARO:3006624	Perfect
ncbi	WP_104009843.1	ARO:3006625	Perfect
ncbi	WP_104009844.1	ARO:3006626	Perfect
ncbi	WP_104009845.1	ARO:3006627	Perfect
ncbi	WP_104009846.1	ARO:3005504	Perfect
ncbi	WP_104009847.1	ARO:3005601	Perfect
ncbi	WP_104009848.1	ARO:3005610	Perfect
ncbi	WP_104009849.1	ARO:3005182	Perfect
ncbi	WP_104009850.1	ARO:3004689	Perfect
ncbi	WP_104009851.1	ARO:3004517	Perfect
ncbi	WP_104009852.1	ARO:3005477	Perfect
ncbi	WP_104009853.1	ARO:3005796	Perfect
ncbi	WP_104009854.1	ARO:3005261	Perfect
ncbi	WP_104009855.1	ARO:3005262	Perfect
ncbi	WP_104009856.1	ARO:3006606	Perfect
ncbi	WP_104009857.1	ARO:3006607	Perfect
ncbi	WP_104009858.1	ARO:3006608	Perfect
ncbi	WP_104009859.1	ARO:3006609	Perfect
ncbi	WP_104009860.1	ARO:3005304	Perfect
ncbi	WP_104009861.1	ARO:3006610	Perfect
ncbi	WP_104009862.1	ARO:3006611	Perfect
ncbi	WP_104039209.1	ARO:3001418	Strict
ncbi	WP_104052979.1	ARO:3008665	Perfect
ncbi	WP_104074618.1	ARO:3008584	Perfect
ncbi	WP_104074874.1	ARO:3008004	Perfect
ncbi	WP_104159136.1	ARO:3005240	Perfect
ncbi	WP_104442312.1	ARO:3008457	Perfect
ncbi	WP_104442471.1	ARO:3002577	Strict
ncbi	WP_104531863.1	ARO:3004294	Strict
ncbi	WP_104531864.1	ARO:3005558	Perfect
ncbi	WP_104531865.1	ARO:3006936	Perfect
ncbi	WP_104531866.1	ARO:3006937	Perfect
ncbi	WP_104531867.1	ARO:3006938	Perfect
ncbi	WP_104531868.1	ARO:3006939	Perfect
ncbi	WP_104531869.1	ARO:3006940	Perfect
ncbi	WP_105119688.1	ARO:3005023	Perfect
ncbi	WP_105248276.1	ARO:3008703	Perfect
ncbi	WP_105459893.1	ARO:3005021	Perfect
ncbi	WP_105620838.1	ARO:3006923	Perfect
ncbi	WP_105758546.1	ARO:3009020	Perfect
ncbi	WP_105762373.1	ARO:3009011	Perfect
ncbi	WP_105765076.1	ARO:3009005	Perfect
ncbi	WP_105765688.1	ARO:3009004	Perfect
ncbi	WP_105766562.1	ARO:3008991	Perfect
ncbi	WP_105769622.1	ARO:3009017	Perfect
ncbi	WP_105772526.1	ARO:3009022	Perfect
ncbi	WP_105777201.1	ARO:3008989	Perfect
ncbi	WP_105781374.1	ARO:3008988	Strict
ncbi	WP_105782476.1	ARO:3009001	Perfect
ncbi	WP_105791036.1	ARO:3008996	Perfect
ncbi	WP_105792310.1	ARO:3009007	Perfect
ncbi	WP_105795180.1	ARO:3009014	Perfect
ncbi	WP_105796499.1	ARO:3009008	Perfect
ncbi	WP_105803562.1	ARO:3009019	Perfect
ncbi	WP_105807557.1	ARO:3009009	Perfect
ncbi	WP_105809721.1	ARO:3008990	Perfect
ncbi	WP_105813799.1	ARO:3009002	Perfect
ncbi	WP_105822028.1	ARO:3009018	Perfect
ncbi	WP_105825204.1	ARO:3008993	Perfect
ncbi	WP_105835300.1	ARO:3008995	Perfect
ncbi	WP_105837729.1	ARO:3009016	Perfect
ncbi	WP_105841035.1	ARO:3008999	Perfect
ncbi	WP_105842598.1	ARO:3009000	Perfect
ncbi	WP_105846710.1	ARO:3008988	Perfect
ncbi	WP_105854385.1	ARO:3009003	Perfect
ncbi	WP_105856053.1	ARO:3009013	Perfect
ncbi	WP_105922788.1	ARO:3007984	Perfect
ncbi	WP_105951298.1	ARO:3008994	Perfect
ncbi	WP_106672612.1	ARO:3005016	Perfect
ncbi	WP_106743337.1	ARO:3007233	Perfect
ncbi	WP_106924209.1	ARO:3005636	Perfect
ncbi	WP_107309513.1	ARO:3002961	Strict
ncbi	WP_107808007.1	ARO:3005541	Perfect
ncbi	WP_107809858.1	ARO:3005683	Perfect
ncbi	WP_107999608.1	ARO:3008992	Perfect
ncbi	WP_108361548.1	ARO:3005018	Perfect
ncbi	WP_109213213.1	ARO:3008808	Strict
ncbi	WP_109232473.1	ARO:3005224	Perfect
ncbi	WP_109342732.1	ARO:3009023	Perfect
ncbi	WP_109433738.1	ARO:3007979	Perfect
ncbi	WP_109544237.1	ARO:3000192	Strict
ncbi	WP_109545031.1	ARO:3002859	Strict
ncbi	WP_109545032.1	ARO:3002725	Strict
ncbi	WP_109545033.1	ARO:3002957	Strict
ncbi	WP_109545034.1	ARO:3002737	Strict
ncbi	WP_109545035.1	ARO:3005098	Strict
ncbi	WP_109545038.1	ARO:3000478	Strict
ncbi	WP_109545039.1	ARO:3007000	Perfect
ncbi	WP_109545042.1	ARO:3006963	Perfect
ncbi	WP_109545044.1	ARO:3005366	Perfect
ncbi	WP_109545045.1	ARO:3002789	Strict
ncbi	WP_109545046.1	ARO:3002719	Strict
ncbi	WP_109545047.1	ARO:3002719	Strict
ncbi	WP_109545048.1	ARO:3005768	Perfect
ncbi	WP_109545049.1	ARO:3004863	Perfect
ncbi	WP_109545050.1	ARO:3006866	Perfect
ncbi	WP_109545051.1	ARO:3006867	Perfect
ncbi	WP_109545052.1	ARO:3007246	Perfect
ncbi	WP_109545053.1	ARO:3005478	Perfect
ncbi	WP_109545054.1	ARO:3004697	Perfect
ncbi	WP_109545055.1	ARO:3004696	Perfect
ncbi	WP_109545056.1	ARO:3004690	Perfect
ncbi	WP_109545057.1	ARO:3004698	Perfect
ncbi	WP_109545058.1	ARO:3004694	Perfect
ncbi	WP_109545059.1	ARO:3005263	Perfect
ncbi	WP_109545060.1	ARO:3005631	Perfect
ncbi	WP_109545061.1	ARO:3005632	Perfect
ncbi	WP_109545062.1	ARO:3005633	Perfect
ncbi	WP_109545063.1	ARO:3005634	Perfect
ncbi	WP_109545064.1	ARO:3005635	Perfect
ncbi	WP_109545065.1	ARO:3005187	Perfect
ncbi	WP_109545066.1	ARO:3006474	Perfect
ncbi	WP_109545067.1	ARO:3006468	Perfect
ncbi	WP_109545068.1	ARO:3006467	Perfect
ncbi	WP_109545069.1	ARO:3005637	Perfect
ncbi	WP_109545070.1	ARO:3004693	Perfect
ncbi	WP_109545071.1	ARO:3005340	Perfect
ncbi	WP_109545072.1	ARO:3005333	Perfect
ncbi	WP_109545073.1	ARO:3005028	Perfect
ncbi	WP_109545074.1	ARO:3005096	Perfect
ncbi	WP_109545075.1	ARO:3005840	Perfect
ncbi	WP_109545076.1	ARO:3005841	Perfect
ncbi	WP_109545077.1	ARO:3005857	Perfect
ncbi	WP_109545078.1	ARO:3005856	Perfect
ncbi	WP_109545079.1	ARO:3005852	Perfect
ncbi	WP_109545080.1	ARO:3005847	Perfect
ncbi	WP_109545081.1	ARO:3005848	Perfect
ncbi	WP_109545082.1	ARO:3005854	Perfect
ncbi	WP_109545083.1	ARO:3005849	Perfect
ncbi	WP_109545084.1	ARO:3005855	Perfect
ncbi	WP_109545085.1	ARO:3005851	Perfect
ncbi	WP_109545086.1	ARO:3005853	Perfect
ncbi	WP_109545087.1	ARO:3005829	Perfect
ncbi	WP_109545088.1	ARO:3005805	Perfect
ncbi	WP_109545089.1	ARO:3005806	Perfect
ncbi	WP_109545090.1	ARO:3005807	Perfect
ncbi	WP_109545091.1	ARO:3005798	Perfect
ncbi	WP_109545092.1	ARO:3005808	Perfect
ncbi	WP_109545093.1	ARO:3005817	Perfect
ncbi	WP_109545094.1	ARO:3005821	Perfect
ncbi	WP_109545095.1	ARO:3005809	Perfect
ncbi	WP_109545096.1	ARO:3005810	Perfect
ncbi	WP_109545097.1	ARO:3005814	Perfect
ncbi	WP_109545098.1	ARO:3005820	Perfect
ncbi	WP_109545099.1	ARO:3005831	Perfect
ncbi	WP_109545100.1	ARO:3005833	Perfect
ncbi	WP_109545101.1	ARO:3005819	Perfect
ncbi	WP_109545102.1	ARO:3005828	Perfect
ncbi	WP_109545103.1	ARO:3005811	Perfect
ncbi	WP_109545104.1	ARO:3005825	Perfect
ncbi	WP_109545105.1	ARO:3005823	Perfect
ncbi	WP_109545106.1	ARO:3005827	Perfect
ncbi	WP_109545107.1	ARO:3005803	Perfect
ncbi	WP_109545108.1	ARO:3005826	Perfect
ncbi	WP_109545109.1	ARO:3005861	Perfect
ncbi	WP_109545110.1	ARO:3005837	Perfect
ncbi	WP_109545111.1	ARO:3005834	Perfect
ncbi	WP_109545112.1	ARO:3005843	Perfect
ncbi	WP_109545113.1	ARO:3005839	Perfect
ncbi	WP_109545114.1	ARO:3005838	Perfect
ncbi	WP_109545115.1	ARO:3005836	Perfect
ncbi	WP_109545116.1	ARO:3005842	Perfect
ncbi	WP_109638756.1	ARO:3004379	Strict
ncbi	WP_109791184.1	ARO:3005264	Perfect
ncbi	WP_109791185.1	ARO:3006630	Perfect
ncbi	WP_109791186.1	ARO:3006631	Perfect
ncbi	WP_109791187.1	ARO:3006632	Perfect
ncbi	WP_109791188.1	ARO:3006633	Perfect
ncbi	WP_109791189.1	ARO:3005297	Perfect
ncbi	WP_109791190.1	ARO:3006634	Perfect
ncbi	WP_109791191.1	ARO:3005311	Perfect
ncbi	WP_109791192.1	ARO:3005281	Perfect
ncbi	WP_109791193.1	ARO:3006635	Perfect
ncbi	WP_109791194.1	ARO:3006637	Perfect
ncbi	WP_109791195.1	ARO:3006638	Perfect
ncbi	WP_109791196.1	ARO:3006639	Perfect
ncbi	WP_109791197.1	ARO:3006640	Perfect
ncbi	WP_109791198.1	ARO:3005284	Perfect
ncbi	WP_109791199.1	ARO:3006641	Perfect
ncbi	WP_109791200.1	ARO:3006642	Perfect
ncbi	WP_109791201.1	ARO:3006643	Perfect
ncbi	WP_109791202.1	ARO:3006644	Perfect
ncbi	WP_109791203.1	ARO:3006645	Perfect
ncbi	WP_109791204.1	ARO:3005296	Perfect
ncbi	WP_109791205.1	ARO:3006647	Perfect
ncbi	WP_109791206.1	ARO:3006648	Perfect
ncbi	WP_109791207.1	ARO:3005479	Perfect
ncbi	WP_109791208.1	ARO:3005480	Perfect
ncbi	WP_109791209.1	ARO:3005639	Perfect
ncbi	WP_109791210.1	ARO:3005265	Perfect
ncbi	WP_109791211.1	ARO:3005640	Perfect
ncbi	WP_109791212.1	ARO:3005213	Perfect
ncbi	WP_109791213.1	ARO:3004865	Perfect
ncbi	WP_109791214.1	ARO:3005641	Perfect
ncbi	WP_109791215.1	ARO:3005183	Perfect
ncbi	WP_109791216.1	ARO:3005869	Perfect
ncbi	WP_109874025.1	ARO:3000884	Strict
ncbi	WP_109963600.1	ARO:3000877	Perfect
ncbi	WP_109997726.1	ARO:3002707	Strict
ncbi	WP_110092882.1	ARO:3005642	Perfect
ncbi	WP_110093562.1	ARO:3002011	Perfect
ncbi	WP_110174956.1	ARO:3005266	Perfect
ncbi	WP_110196444.1	ARO:3002462	Perfect
ncbi	WP_110273168.1	ARO:3008784	Perfect
ncbi	WP_110612827.1	ARO:3005996	Perfect
ncbi	WP_110924831.1	ARO:3009075	Perfect
ncbi	WP_111263186.1	ARO:3007201	Perfect
ncbi	WP_111273842.1	ARO:3007269	Perfect
ncbi	WP_111273843.1	ARO:3007249	Perfect
ncbi	WP_111273844.1	ARO:3007252	Perfect
ncbi	WP_111273845.1	ARO:3007260	Perfect
ncbi	WP_111273846.1	ARO:3007278	Perfect
ncbi	WP_111273847.1	ARO:3007263	Perfect
ncbi	WP_111273848.1	ARO:3006164	Perfect
ncbi	WP_111273849.1	ARO:3006165	Perfect
ncbi	WP_111273850.1	ARO:3006166	Perfect
ncbi	WP_111273851.1	ARO:3005184	Perfect
ncbi	WP_111273852.1	ARO:3005367	Perfect
ncbi	WP_111280830.1	ARO:3006014	Perfect
ncbi	WP_111672883.1	ARO:3006649	Perfect
ncbi	WP_111672884.1	ARO:3006664	Perfect
ncbi	WP_111672885.1	ARO:3006665	Perfect
ncbi	WP_111672886.1	ARO:3006666	Perfect
ncbi	WP_111672887.1	ARO:3006667	Perfect
ncbi	WP_111672888.1	ARO:3006669	Perfect
ncbi	WP_111672889.1	ARO:3006671	Perfect
ncbi	WP_111672890.1	ARO:3006650	Perfect
ncbi	WP_111672891.1	ARO:3006651	Perfect
ncbi	WP_111672892.1	ARO:3006653	Perfect
ncbi	WP_111672893.1	ARO:3006654	Perfect
ncbi	WP_111672894.1	ARO:3006655	Perfect
ncbi	WP_111672895.1	ARO:3006656	Perfect
ncbi	WP_111672896.1	ARO:3006657	Perfect
ncbi	WP_111672897.1	ARO:3005276	Perfect
ncbi	WP_111672898.1	ARO:3006659	Perfect
ncbi	WP_111672899.1	ARO:3006660	Perfect
ncbi	WP_111672900.1	ARO:3006661	Perfect
ncbi	WP_111672901.1	ARO:3006662	Perfect
ncbi	WP_111672902.1	ARO:3005643	Perfect
ncbi	WP_111672903.1	ARO:3006663	Perfect
ncbi	WP_111672904.1	ARO:3005307	Perfect
ncbi	WP_111672905.1	ARO:3005298	Perfect
ncbi	WP_111672906.1	ARO:3005193	Perfect
ncbi	WP_111672907.1	ARO:3005872	Perfect
ncbi	WP_111672908.1	ARO:3006672	Perfect
ncbi	WP_111672909.1	ARO:3006673	Perfect
ncbi	WP_111672910.1	ARO:3006674	Perfect
ncbi	WP_111672911.1	ARO:3005356	Perfect
ncbi	WP_111672912.1	ARO:3004866	Perfect
ncbi	WP_111672913.1	ARO:3004867	Perfect
ncbi	WP_111672914.1	ARO:3005505	Perfect
ncbi	WP_111690897.1	ARO:3004599	Perfect
ncbi	WP_111724484.1	ARO:3003769	Manual
ncbi	WP_111772163.1	ARO:3005506	Perfect
ncbi	WP_111965422.1	ARO:3006253	Perfect
ncbi	WP_111966200.1	ARO:3008214	Perfect
ncbi	WP_111967096.1	ARO:3006257	Perfect
ncbi	WP_111976052.1	ARO:3006255	Perfect
ncbi	WP_112017656.1	ARO:3006256	Perfect
ncbi	WP_112021705.1	ARO:3004379	Strict
ncbi	WP_112215366.1	ARO:3008817	Perfect
ncbi	WP_112286530.1	ARO:3009037	Perfect
ncbi	WP_112780466.1	ARO:3006258	Perfect
ncbi	WP_112792421.1	ARO:3006254	Perfect
ncbi	WP_113334341.1	ARO:3004103	Strict
ncbi	WP_113613509.1	ARO:3005117	Strict
ncbi	WP_113877255.1	ARO:3009039	Perfect
ncbi	WP_114012592.1	ARO:3008919	Perfect
ncbi	WP_114158997.1	ARO:3006046	Perfect
ncbi	WP_114166683.1	ARO:3006368	Perfect
ncbi	WP_114225343.1	ARO:3005943	Perfect
ncbi	WP_114230457.1	ARO:3008683	Perfect
ncbi	WP_114252036.1	ARO:3006045	Perfect
ncbi	WP_114259520.1	ARO:3007974	Perfect
ncbi	WP_114268491.1	ARO:3005323	Perfect
ncbi	WP_114270086.1	ARO:3008005	Perfect
ncbi	WP_114272532.1	ARO:3005932	Perfect
ncbi	WP_114429521.1	ARO:3003689	Strict
ncbi	WP_114473955.1	ARO:3003209	Strict
ncbi	WP_114500971.1	ARO:3007271	Perfect
ncbi	WP_114508147.1	ARO:3006149	Perfect
ncbi	WP_114699266.1	ARO:3005934	Perfect
ncbi	WP_114699267.1	ARO:3005368	Perfect
ncbi	WP_114699268.1	ARO:3006346	Perfect
ncbi	WP_114699269.1	ARO:3006349	Perfect
ncbi	WP_114699270.1	ARO:3006350	Perfect
ncbi	WP_114699271.1	ARO:3006351	Perfect
ncbi	WP_114699272.1	ARO:3006352	Perfect
ncbi	WP_114699273.1	ARO:3005876	Perfect
ncbi	WP_114699274.1	ARO:3005877	Perfect
ncbi	WP_114699275.1	ARO:3004516	Perfect
ncbi	WP_114699276.1	ARO:3005874	Perfect
ncbi	WP_114699277.1	ARO:3005508	Perfect
ncbi	WP_114699278.1	ARO:3007282	Perfect
ncbi	WP_114699279.1	ARO:3005875	Perfect
ncbi	WP_114699280.1	ARO:3005481	Perfect
ncbi	WP_114699281.1	ARO:3005482	Perfect
ncbi	WP_114699282.1	ARO:3005483	Perfect
ncbi	WP_114699283.1	ARO:3005507	Perfect
ncbi	WP_114699284.1	ARO:3005644	Perfect
ncbi	WP_114999921.1	ARO:3005462	Perfect
ncbi	WP_115196748.1	ARO:3005225	Perfect
ncbi	WP_115434994.1	ARO:3008000	Perfect
ncbi	WP_115470049.1	ARO:3005372	Perfect
ncbi	WP_116020564.1	ARO:3007973	Perfect
ncbi	WP_116743769.1	ARO:3005080	Perfect
ncbi	WP_116786828.1	ARO:3007231	Perfect
ncbi	WP_116786829.1	ARO:3005645	Perfect
ncbi	WP_116786830.1	ARO:3007279	Perfect
ncbi	WP_116786831.1	ARO:3005267	Perfect
ncbi	WP_116786832.1	ARO:3005369	Perfect
ncbi	WP_116786833.1	ARO:3005936	Perfect
ncbi	WP_116786834.1	ARO:3006675	Perfect
ncbi	WP_116786835.1	ARO:3005933	Perfect
ncbi	WP_116786836.1	ARO:3005935	Perfect
ncbi	WP_116786837.1	ARO:3006676	Perfect
ncbi	WP_116786838.1	ARO:3005301	Perfect
ncbi	WP_116786839.1	ARO:3005484	Perfect
ncbi	WP_117036963.1	ARO:3003292	Manual
ncbi	WP_117044474.1	ARO:3002577	Strict
ncbi	WP_117046752.1	ARO:3005115	Strict
ncbi	WP_117062210.1	ARO:3001165	Perfect
ncbi	WP_117065919.1	ARO:3002577	Strict
ncbi	WP_117122976.1	ARO:3004849	Perfect
ncbi	WP_117241614.1	ARO:3005234	Perfect
ncbi	WP_117407753.1	ARO:3008599	Perfect
ncbi	WP_117581582.1	ARO:3007916	Perfect
ncbi	WP_117664257.1	ARO:3003097	Strict
ncbi	WP_118283990.1	ARO:3008107	Strict
ncbi	WP_118860654.1	ARO:3007228	Perfect
ncbi	WP_118978092.1	ARO:3007994	Perfect
ncbi	WP_119059468.1	ARO:3008081	Perfect
ncbi	WP_119685493.1	ARO:3008568	Perfect
ncbi	WP_119834461.1	ARO:3002389	Strict
ncbi	WP_121128759.1	ARO:3008873	Perfect
ncbi	WP_121286063.1	ARO:3006737	Perfect
ncbi	WP_121306048.1	ARO:3008442	Perfect
ncbi	WP_121331722.1	ARO:3006115	Perfect
ncbi	WP_121347819.1	ARO:3006734	Perfect
ncbi	WP_121527365.1	ARO:3006279	Perfect
ncbi	WP_121572426.1	ARO:3008138	Perfect
ncbi	WP_121606866.1	ARO:3008173	Perfect
ncbi	WP_122543028.1	ARO:3006144	Perfect
ncbi	WP_122630822.1	ARO:3006884	Perfect
ncbi	WP_122630823.1	ARO:3006886	Perfect
ncbi	WP_122630824.1	ARO:3006882	Perfect
ncbi	WP_122630825.1	ARO:3006873	Perfect
ncbi	WP_122630826.1	ARO:3006167	Perfect
ncbi	WP_122630827.1	ARO:3006168	Perfect
ncbi	WP_122630828.1	ARO:3005501	Perfect
ncbi	WP_122630829.1	ARO:3006872	Perfect
ncbi	WP_122630830.1	ARO:3006995	Perfect
ncbi	WP_122630831.1	ARO:3006864	Perfect
ncbi	WP_122630832.1	ARO:3006893	Perfect
ncbi	WP_122630833.1	ARO:3006892	Perfect
ncbi	WP_122630834.1	ARO:3006926	Perfect
ncbi	WP_122630835.1	ARO:3006925	Perfect
ncbi	WP_122630836.1	ARO:3005176	Perfect
ncbi	WP_122630837.1	ARO:3006458	Perfect
ncbi	WP_122630838.1	ARO:3005211	Perfect
ncbi	WP_122630839.1	ARO:3005253	Perfect
ncbi	WP_122630841.1	ARO:3005268	Perfect
ncbi	WP_122630842.1	ARO:3005870	Perfect
ncbi	WP_122630843.1	ARO:3005871	Perfect
ncbi	WP_122630844.1	ARO:3005938	Perfect
ncbi	WP_122630845.1	ARO:3006677	Perfect
ncbi	WP_122630846.1	ARO:3006678	Perfect
ncbi	WP_122630847.1	ARO:3006679	Perfect
ncbi	WP_122630848.1	ARO:3006681	Perfect
ncbi	WP_122630849.1	ARO:3006682	Perfect
ncbi	WP_122630850.1	ARO:3006683	Perfect
ncbi	WP_122630851.1	ARO:3005310	Perfect
ncbi	WP_122630852.1	ARO:3006684	Perfect
ncbi	WP_122630853.1	ARO:3005939	Perfect
ncbi	WP_122630854.1	ARO:3005940	Perfect
ncbi	WP_122630855.1	ARO:3005941	Perfect
ncbi	WP_122630856.1	ARO:3005320	Perfect
ncbi	WP_122630857.1	ARO:3005883	Perfect
ncbi	WP_122630858.1	ARO:3005884	Perfect
ncbi	WP_122630859.1	ARO:3005885	Perfect
ncbi	WP_122630860.1	ARO:3005886	Perfect
ncbi	WP_122630861.1	ARO:3005485	Perfect
ncbi	WP_122630862.1	ARO:3005646	Perfect
ncbi	WP_122630863.1	ARO:3005207	Perfect
ncbi	WP_122630864.1	ARO:3005888	Perfect
ncbi	WP_122630865.1	ARO:3005226	Perfect
ncbi	WP_122630866.1	ARO:3005242	Perfect
ncbi	WP_122630867.1	ARO:3005212	Perfect
ncbi	WP_122630868.1	ARO:3005251	Perfect
ncbi	WP_122630869.1	ARO:3005235	Perfect
ncbi	WP_122630870.1	ARO:3005243	Perfect
ncbi	WP_122630871.1	ARO:3005215	Perfect
ncbi	WP_122630872.1	ARO:3005250	Perfect
ncbi	WP_122630873.1	ARO:3005238	Perfect
ncbi	WP_122630874.1	ARO:3005231	Perfect
ncbi	WP_122630875.1	ARO:3005252	Perfect
ncbi	WP_122630876.1	ARO:3005208	Perfect
ncbi	WP_122630877.1	ARO:3005241	Perfect
ncbi	WP_122630878.1	ARO:3005228	Perfect
ncbi	WP_122630879.1	ARO:3005233	Perfect
ncbi	WP_122630880.1	ARO:3005247	Perfect
ncbi	WP_122630881.1	ARO:3005319	Perfect
ncbi	WP_122630882.1	ARO:3006685	Perfect
ncbi	WP_122630883.1	ARO:3006686	Perfect
ncbi	WP_122630884.1	ARO:3005889	Perfect
ncbi	WP_122630885.1	ARO:3005890	Perfect
ncbi	WP_122630886.1	ARO:3005891	Perfect
ncbi	WP_122630887.1	ARO:3005892	Perfect
ncbi	WP_122630888.1	ARO:3005893	Perfect
ncbi	WP_122630889.1	ARO:3005894	Perfect
ncbi	WP_122630890.1	ARO:3005895	Perfect
ncbi	WP_122630891.1	ARO:3005896	Perfect
ncbi	WP_122630892.1	ARO:3005897	Perfect
ncbi	WP_122630893.1	ARO:3005898	Perfect
ncbi	WP_122630894.1	ARO:3005899	Perfect
ncbi	WP_122630895.1	ARO:3005900	Perfect
ncbi	WP_122630896.1	ARO:3005901	Perfect
ncbi	WP_122630897.1	ARO:3005902	Perfect
ncbi	WP_122630898.1	ARO:3005903	Perfect
ncbi	WP_122630899.1	ARO:3005904	Perfect
ncbi	WP_122630900.1	ARO:3005905	Perfect
ncbi	WP_122630901.1	ARO:3005906	Perfect
ncbi	WP_122630902.1	ARO:3005907	Perfect
ncbi	WP_122630903.1	ARO:3005908	Perfect
ncbi	WP_122630904.1	ARO:3005909	Perfect
ncbi	WP_122630905.1	ARO:3005910	Perfect
ncbi	WP_122630906.1	ARO:3005911	Perfect
ncbi	WP_122630907.1	ARO:3005912	Perfect
ncbi	WP_122630908.1	ARO:3005913	Perfect
ncbi	WP_122630909.1	ARO:3005914	Perfect
ncbi	WP_122630910.1	ARO:3005925	Perfect
ncbi	WP_122630911.1	ARO:3005926	Perfect
ncbi	WP_122630912.1	ARO:3005927	Perfect
ncbi	WP_122630913.1	ARO:3005928	Perfect
ncbi	WP_122630914.1	ARO:3005929	Perfect
ncbi	WP_122630915.1	ARO:3005930	Perfect
ncbi	WP_122630916.1	ARO:3005915	Perfect
ncbi	WP_122630917.1	ARO:3005916	Perfect
ncbi	WP_122630918.1	ARO:3005917	Perfect
ncbi	WP_122630919.1	ARO:3005918	Perfect
ncbi	WP_122630920.1	ARO:3005919	Perfect
ncbi	WP_122630921.1	ARO:3005920	Perfect
ncbi	WP_122630922.1	ARO:3005921	Perfect
ncbi	WP_122630923.1	ARO:3005981	Perfect
ncbi	WP_122630924.1	ARO:3005982	Perfect
ncbi	WP_122634437.1	ARO:3004442	Perfect
ncbi	WP_122634438.1	ARO:3005315	Perfect
ncbi	WP_122634439.1	ARO:3005887	Perfect
ncbi	WP_123002100.1	ARO:3006169	Perfect
ncbi	WP_123002101.1	ARO:3005370	Perfect
ncbi	WP_123002102.1	ARO:3004870	Perfect
ncbi	WP_123002103.1	ARO:3005509	Perfect
ncbi	WP_123061077.1	ARO:3005033	Perfect
ncbi	WP_123085936.1	ARO:3002576	Strict
ncbi	WP_123836928.1	ARO:3004847	Perfect
ncbi	WP_123865086.1	ARO:3007840	Perfect
ncbi	WP_124042715.1	ARO:3007770	Perfect
ncbi	WP_124125861.1	ARO:3008542	Perfect
ncbi	WP_124129493.1	ARO:3008876	Perfect
ncbi	WP_124187209.1	ARO:3006777	Perfect
ncbi	WP_124213927.1	ARO:3008662	Perfect
ncbi	WP_124470450.1	ARO:3007494	Perfect
ncbi	WP_125052736.1	ARO:3006031	Perfect
ncbi	WP_125052776.1	ARO:3006292	Perfect
ncbi	WP_125064048.1	ARO:3008501	Perfect
ncbi	WP_125353308.1	ARO:3002752	Strict
ncbi	WP_126118969.1	ARO:3006742	Perfect
ncbi	WP_126123880.1	ARO:3003676	Strict
ncbi	WP_126205827.1	ARO:3005988	Perfect
ncbi	WP_126297136.1	ARO:3007891	Perfect
ncbi	WP_126488681.1	ARO:3008797	Perfect
ncbi	WP_126524654.1	ARO:3007917	Perfect
ncbi	WP_126558944.1	ARO:3008677	Perfect
ncbi	WP_126584556.1	ARO:3008441	Perfect
ncbi	WP_126590471.1	ARO:3008882	Perfect
ncbi	WP_126622689.1	ARO:3008549	Perfect
ncbi	WP_126817982.1	ARO:3006270	Perfect
ncbi	WP_126861771.1	ARO:3008450	Perfect
ncbi	WP_127728991.1	ARO:3005029	Perfect
ncbi	WP_128268231.1	ARO:3001209	Strict
ncbi	WP_128268232.1	ARO:3005246	Perfect
ncbi	WP_128268233.1	ARO:3005584	Perfect
ncbi	WP_128268234.1	ARO:3004464	Perfect
ncbi	WP_128268235.1	ARO:3005638	Perfect
ncbi	WP_128268236.1	ARO:3006469	Perfect
ncbi	WP_128268237.1	ARO:3005371	Perfect
ncbi	WP_128268238.1	ARO:3005942	Perfect
ncbi	WP_128268239.1	ARO:3005944	Perfect
ncbi	WP_128268240.1	ARO:3005945	Perfect
ncbi	WP_128268241.1	ARO:3005946	Perfect
ncbi	WP_128268242.1	ARO:3005947	Perfect
ncbi	WP_128268243.1	ARO:3005948	Perfect
ncbi	WP_128268244.1	ARO:3005949	Perfect
ncbi	WP_128268245.1	ARO:3005950	Perfect
ncbi	WP_128268246.1	ARO:3005951	Perfect
ncbi	WP_128268247.1	ARO:3005952	Perfect
ncbi	WP_128268248.1	ARO:3005953	Perfect
ncbi	WP_128268249.1	ARO:3005954	Perfect
ncbi	WP_128268250.1	ARO:3005955	Perfect
ncbi	WP_128268251.1	ARO:3005956	Perfect
ncbi	WP_128268252.1	ARO:3005957	Perfect
ncbi	WP_128268253.1	ARO:3005958	Perfect
ncbi	WP_128268254.1	ARO:3005959	Perfect
ncbi	WP_128268255.1	ARO:3005960	Perfect
ncbi	WP_128268256.1	ARO:3005961	Perfect
ncbi	WP_128268257.1	ARO:3005962	Perfect
ncbi	WP_128268258.1	ARO:3005963	Perfect
ncbi	WP_128268259.1	ARO:3005964	Perfect
ncbi	WP_128268260.1	ARO:3005965	Perfect
ncbi	WP_128268261.1	ARO:3005966	Perfect
ncbi	WP_128268262.1	ARO:3005967	Perfect
ncbi	WP_128268263.1	ARO:3005968	Perfect
ncbi	WP_128268264.1	ARO:3005969	Perfect
ncbi	WP_128268265.1	ARO:3005970	Perfect
ncbi	WP_128268266.1	ARO:3005971	Perfect
ncbi	WP_128268267.1	ARO:3005972	Perfect
ncbi	WP_128268268.1	ARO:3005973	Perfect
ncbi	WP_128268269.1	ARO:3005974	Perfect
ncbi	WP_128268270.1	ARO:3005975	Perfect
ncbi	WP_128268271.1	ARO:3005976	Perfect
ncbi	WP_128268272.1	ARO:3005977	Perfect
ncbi	WP_128268273.1	ARO:3005978	Perfect
ncbi	WP_128268274.1	ARO:3005979	Perfect
ncbi	WP_128268275.1	ARO:3005980	Perfect
ncbi	WP_128268276.1	ARO:3005984	Perfect
ncbi	WP_128268277.1	ARO:3005985	Perfect
ncbi	WP_128268278.1	ARO:3005986	Perfect
ncbi	WP_128268279.1	ARO:3005989	Perfect
ncbi	WP_128268280.1	ARO:3006687	Perfect
ncbi	WP_128268281.1	ARO:3006981	Perfect
ncbi	WP_128268282.1	ARO:3009041	Perfect
ncbi	WP_128268283.1	ARO:3009042	Perfect
ncbi	WP_128268284.1	ARO:3006982	Perfect
ncbi	WP_128268285.1	ARO:3006983	Perfect
ncbi	WP_128268286.1	ARO:3006215	Perfect
ncbi	WP_128268287.1	ARO:3005510	Perfect
ncbi	WP_128268288.1	ARO:3004627	Perfect
ncbi	WP_128296272.1	ARO:3008458	Perfect
ncbi	WP_128343957.1	ARO:3008393	Perfect
ncbi	WP_128550481.1	ARO:3006722	Perfect
ncbi	WP_128621242.1	ARO:3008681	Perfect
ncbi	WP_129256276.1	ARO:3007889	Perfect
ncbi	WP_129336087.1	ARO:3007240	Perfect
ncbi	WP_129546809.1	ARO:3007654	Perfect
ncbi	WP_130173437.1	ARO:3006376	Perfect
ncbi	WP_130202201.1	ARO:3005517	Perfect
ncbi	WP_131386768.1	ARO:3007033	Perfect
ncbi	WP_131419583.1	ARO:3005269	Perfect
ncbi	WP_131534982.1	ARO:3005119	Perfect
ncbi	WP_132038428.1	ARO:3006404	Perfect
ncbi	WP_132586462.1	ARO:3005347	Perfect
ncbi	WP_132629969.1	ARO:3003676	Strict
ncbi	WP_132710363.1	ARO:3006811	Perfect
ncbi	WP_132995818.1	ARO:3007125	Perfect
ncbi	WP_133238964.1	ARO:3008066	Perfect
ncbi	WP_133452685.1	ARO:3006802	Perfect
ncbi	WP_133963898.1	ARO:3007202	Perfect
ncbi	WP_133972424.1	ARO:3006363	Perfect
ncbi	WP_133973918.1	ARO:3006020	Perfect
ncbi	WP_134179367.1	ARO:3007895	Perfect
ncbi	WP_134216345.1	ARO:3008118	Perfect
ncbi	WP_134254706.1	ARO:3006689	Perfect
ncbi	WP_134265631.1	ARO:3006772	Perfect
ncbi	WP_134295295.1	ARO:3008960	Perfect
ncbi	WP_134450540.1	ARO:3006778	Perfect
ncbi	WP_134600670.1	ARO:3006793	Perfect
ncbi	WP_134628915.1	ARO:3002579	Strict
ncbi	WP_134696937.1	ARO:3008571	Perfect
ncbi	WP_135350920.1	ARO:3006170	Perfect
ncbi	WP_136026639.1	ARO:3004842	Perfect
ncbi	WP_136034107.1	ARO:3006152	Perfect
ncbi	WP_136049560.1	ARO:3004843	Perfect
ncbi	WP_136086342.1	ARO:3004841	Perfect
ncbi	WP_136512051.1	ARO:3006263	Perfect
ncbi	WP_136512052.1	ARO:3006288	Perfect
ncbi	WP_136512053.1	ARO:3006289	Perfect
ncbi	WP_136512054.1	ARO:3006290	Perfect
ncbi	WP_136512055.1	ARO:3006291	Perfect
ncbi	WP_136512056.1	ARO:3006356	Perfect
ncbi	WP_136512057.1	ARO:3006357	Perfect
ncbi	WP_136512058.1	ARO:3006358	Perfect
ncbi	WP_136512059.1	ARO:3006359	Perfect
ncbi	WP_136512060.1	ARO:3006361	Perfect
ncbi	WP_136512061.1	ARO:3006409	Perfect
ncbi	WP_136512062.1	ARO:3006437	Perfect
ncbi	WP_136512063.1	ARO:3006438	Perfect
ncbi	WP_136512064.1	ARO:3005648	Perfect
ncbi	WP_136512065.1	ARO:3005649	Perfect
ncbi	WP_136512066.1	ARO:3005030	Perfect
ncbi	WP_136512067.1	ARO:3006182	Perfect
ncbi	WP_136512068.1	ARO:3002230	Perfect
ncbi	WP_136512069.1	ARO:3002237	Perfect
ncbi	WP_136512070.1	ARO:3005374	Perfect
ncbi	WP_136512071.1	ARO:3005375	Perfect
ncbi	WP_136512072.1	ARO:3004871	Perfect
ncbi	WP_136512073.1	ARO:3005711	Perfect
ncbi	WP_136512074.1	ARO:3005714	Perfect
ncbi	WP_136512075.1	ARO:3005716	Perfect
ncbi	WP_136512076.1	ARO:3005717	Perfect
ncbi	WP_136512077.1	ARO:3005718	Perfect
ncbi	WP_136512078.1	ARO:3005719	Perfect
ncbi	WP_136512079.1	ARO:3005720	Perfect
ncbi	WP_136512080.1	ARO:3005721	Perfect
ncbi	WP_136512081.1	ARO:3005722	Perfect
ncbi	WP_136512082.1	ARO:3005723	Perfect
ncbi	WP_136512083.1	ARO:3005990	Perfect
ncbi	WP_136512084.1	ARO:3005991	Perfect
ncbi	WP_136512085.1	ARO:3005993	Perfect
ncbi	WP_136512086.1	ARO:3005994	Perfect
ncbi	WP_136512087.1	ARO:3005995	Perfect
ncbi	WP_136512088.1	ARO:3005997	Perfect
ncbi	WP_136512089.1	ARO:3005998	Perfect
ncbi	WP_136512090.1	ARO:3005999	Perfect
ncbi	WP_136512091.1	ARO:3006000	Perfect
ncbi	WP_136512092.1	ARO:3006001	Perfect
ncbi	WP_136512093.1	ARO:3006002	Perfect
ncbi	WP_136512094.1	ARO:3006003	Perfect
ncbi	WP_136512095.1	ARO:3006004	Perfect
ncbi	WP_136512096.1	ARO:3006005	Perfect
ncbi	WP_136512097.1	ARO:3006006	Perfect
ncbi	WP_136512098.1	ARO:3006007	Perfect
ncbi	WP_136512099.1	ARO:3006008	Perfect
ncbi	WP_136512100.1	ARO:3006009	Perfect
ncbi	WP_136512101.1	ARO:3006010	Perfect
ncbi	WP_136512102.1	ARO:3006011	Perfect
ncbi	WP_136512103.1	ARO:3006021	Perfect
ncbi	WP_136512104.1	ARO:3006022	Perfect
ncbi	WP_136512105.1	ARO:3006134	Perfect
ncbi	WP_136512106.1	ARO:3005496	Perfect
ncbi	WP_136512107.1	ARO:3005503	Perfect
ncbi	WP_136512108.1	ARO:3005511	Perfect
ncbi	WP_136512109.1	ARO:3005514	Perfect
ncbi	WP_136512110.1	ARO:3007238	Perfect
ncbi	WP_136512111.1	ARO:3007244	Perfect
ncbi	WP_136512112.1	ARO:3007272	Perfect
ncbi	WP_136828312.1	ARO:3008875	Perfect
ncbi	WP_137138291.1	ARO:3007206	Perfect
ncbi	WP_137277832.1	ARO:3003292	Manual
ncbi	WP_138070341.1	ARO:3005088	Perfect
ncbi	WP_138149148.1	ARO:3008057	Perfect
ncbi	WP_138403314.1	ARO:3006693	Perfect
ncbi	WP_139419258.1	ARO:3008606	Perfect
ncbi	WP_139462269.1	ARO:3008580	Perfect
ncbi	WP_139937027.1	ARO:3008097	Perfect
ncbi	WP_140423191.1	ARO:3002576	Strict
ncbi	WP_140423278.1	ARO:3002601	Strict
ncbi	WP_140423279.1	ARO:3002603	Strict
ncbi	WP_140423280.1	ARO:3002603	Strict
ncbi	WP_140423281.1	ARO:3002603	Strict
ncbi	WP_140423282.1	ARO:3002605	Strict
ncbi	WP_140423283.1	ARO:3002854	Strict
ncbi	WP_140423284.1	ARO:3002858	Strict
ncbi	WP_140423285.1	ARO:3002860	Strict
ncbi	WP_140423286.1	ARO:3002860	Strict
ncbi	WP_140423287.1	ARO:3002860	Strict
ncbi	WP_140423305.1	ARO:3006364	Perfect
ncbi	WP_140423306.1	ARO:3005528	Perfect
ncbi	WP_140423307.1	ARO:3005186	Perfect
ncbi	WP_140423308.1	ARO:3005031	Perfect
ncbi	WP_140423309.1	ARO:3005032	Perfect
ncbi	WP_140423310.1	ARO:3006183	Perfect
ncbi	WP_140423311.1	ARO:3006186	Perfect
ncbi	WP_140423312.1	ARO:3005863	Perfect
ncbi	WP_140423313.1	ARO:3005864	Perfect
ncbi	WP_140423314.1	ARO:3005865	Perfect
ncbi	WP_140423315.1	ARO:3005337	Perfect
ncbi	WP_140423316.1	ARO:3005338	Perfect
ncbi	WP_140423317.1	ARO:3005866	Perfect
ncbi	WP_140423318.1	ARO:3005344	Perfect
ncbi	WP_140423319.1	ARO:3006023	Perfect
ncbi	WP_140423320.1	ARO:3006024	Perfect
ncbi	WP_140423321.1	ARO:3006025	Perfect
ncbi	WP_140423322.1	ARO:3006026	Perfect
ncbi	WP_140423323.1	ARO:3006028	Perfect
ncbi	WP_140423324.1	ARO:3006030	Perfect
ncbi	WP_140423325.1	ARO:3006703	Perfect
ncbi	WP_140423326.1	ARO:3006975	Perfect
ncbi	WP_140423327.1	ARO:3005512	Perfect
ncbi	WP_140423328.1	ARO:3005513	Perfect
ncbi	WP_140423329.1	ARO:3007235	Perfect
ncbi	WP_140423330.1	ARO:3007237	Perfect
ncbi	WP_140423331.1	ARO:3007261	Perfect
ncbi	WP_141563014.1	ARO:3006821	Perfect
ncbi	WP_141989064.1	ARO:3006116	Perfect
ncbi	WP_142446236.1	ARO:3008803	Perfect
ncbi	WP_142464024.1	ARO:3008801	Perfect
ncbi	WP_142465578.1	ARO:3008820	Perfect
ncbi	WP_142467842.1	ARO:3008804	Perfect
ncbi	WP_142471056.1	ARO:3008805	Perfect
ncbi	WP_142481206.1	ARO:3008806	Perfect
ncbi	WP_142512117.1	ARO:3008819	Perfect
ncbi	WP_142515482.1	ARO:3008818	Perfect
ncbi	WP_142836723.1	ARO:3007815	Perfect
ncbi	WP_142875125.1	ARO:3005515	Perfect
ncbi	WP_142981135.1	ARO:3008802	Perfect
ncbi	WP_144376393.1	ARO:3006086	Perfect
ncbi	WP_145850033.1	ARO:3006365	Perfect
ncbi	WP_148044401.1	ARO:3004647	Perfect
ncbi	WP_148044402.1	ARO:3004648	Perfect
ncbi	WP_148044404.1	ARO:3004591	Perfect
ncbi	WP_148044405.1	ARO:3004559	Perfect
ncbi	WP_148044406.1	ARO:3005188	Perfect
ncbi	WP_148044407.1	ARO:3005189	Perfect
ncbi	WP_148044408.1	ARO:3006459	Perfect
ncbi	WP_148044409.1	ARO:3005650	Perfect
ncbi	WP_148044410.1	ARO:3005651	Perfect
ncbi	WP_148044411.1	ARO:3005652	Perfect
ncbi	WP_148044412.1	ARO:3006470	Perfect
ncbi	WP_148044413.1	ARO:3006171	Perfect
ncbi	WP_148044414.1	ARO:3006172	Perfect
ncbi	WP_148044415.1	ARO:3005486	Perfect
ncbi	WP_148044416.1	ARO:3005487	Perfect
ncbi	WP_148044417.1	ARO:3005488	Perfect
ncbi	WP_148044418.1	ARO:3005489	Perfect
ncbi	WP_148044419.1	ARO:3005373	Perfect
ncbi	WP_148044420.1	ARO:3005376	Perfect
ncbi	WP_148044421.1	ARO:3005377	Perfect
ncbi	WP_148044422.1	ARO:3005322	Perfect
ncbi	WP_148044423.1	ARO:3006032	Perfect
ncbi	WP_148044424.1	ARO:3006964	Perfect
ncbi	WP_148044425.1	ARO:3006575	Perfect
ncbi	WP_148044426.1	ARO:3006704	Perfect
ncbi	WP_148044427.1	ARO:3006705	Perfect
ncbi	WP_148044428.1	ARO:3006706	Perfect
ncbi	WP_148044429.1	ARO:3005288	Perfect
ncbi	WP_148044430.1	ARO:3006707	Perfect
ncbi	WP_148044431.1	ARO:3006708	Perfect
ncbi	WP_148044432.1	ARO:3006710	Perfect
ncbi	WP_148044433.1	ARO:3006711	Perfect
ncbi	WP_148044434.1	ARO:3006712	Perfect
ncbi	WP_148044435.1	ARO:3006713	Perfect
ncbi	WP_148044436.1	ARO:3006714	Perfect
ncbi	WP_148044437.1	ARO:3006715	Perfect
ncbi	WP_148044438.1	ARO:3005286	Perfect
ncbi	WP_148044439.1	ARO:3006716	Perfect
ncbi	WP_148044440.1	ARO:3006717	Perfect
ncbi	WP_148044441.1	ARO:3006718	Perfect
ncbi	WP_148044442.1	ARO:3006720	Perfect
ncbi	WP_148044443.1	ARO:3006721	Perfect
ncbi	WP_148044444.1	ARO:3005290	Perfect
ncbi	WP_148044445.1	ARO:3006723	Perfect
ncbi	WP_148044446.1	ARO:3006724	Perfect
ncbi	WP_148044447.1	ARO:3006725	Perfect
ncbi	WP_148044448.1	ARO:3006726	Perfect
ncbi	WP_148044449.1	ARO:3006727	Perfect
ncbi	WP_148044450.1	ARO:3006728	Perfect
ncbi	WP_148044451.1	ARO:3006730	Perfect
ncbi	WP_148044452.1	ARO:3006732	Perfect
ncbi	WP_148044453.1	ARO:3006733	Perfect
ncbi	WP_148044454.1	ARO:3006735	Perfect
ncbi	WP_148044455.1	ARO:3006736	Perfect
ncbi	WP_148044456.1	ARO:3006738	Perfect
ncbi	WP_148044457.1	ARO:3006739	Perfect
ncbi	WP_148044458.1	ARO:3006741	Perfect
ncbi	WP_148044459.1	ARO:3006743	Perfect
ncbi	WP_148044460.1	ARO:3006744	Perfect
ncbi	WP_148044461.1	ARO:3006746	Perfect
ncbi	WP_148044462.1	ARO:3005302	Perfect
ncbi	WP_148044463.1	ARO:3006747	Perfect
ncbi	WP_148044464.1	ARO:3006748	Perfect
ncbi	WP_148044465.1	ARO:3006749	Perfect
ncbi	WP_148044466.1	ARO:3005293	Perfect
ncbi	WP_148044467.1	ARO:3006751	Perfect
ncbi	WP_148044468.1	ARO:3006752	Perfect
ncbi	WP_148044469.1	ARO:3006753	Perfect
ncbi	WP_148044470.1	ARO:3006965	Perfect
ncbi	WP_148044471.1	ARO:3004571	Perfect
ncbi	WP_148044472.1	ARO:3005271	Perfect
ncbi	WP_148044473.1	ARO:3005272	Perfect
ncbi	WP_148044474.1	ARO:3000909	Perfect
ncbi	WP_148044475.1	ARO:3006217	Perfect
ncbi	WP_148044476.1	ARO:3005516	Perfect
ncbi	WP_148044477.1	ARO:3007239	Perfect
ncbi	WP_148044478.1	ARO:3007281	Perfect
ncbi	WP_148281568.1	ARO:3005060	Perfect
ncbi	WP_148560450.1	ARO:3003193	Strict
ncbi	WP_148937512.1	ARO:3002577	Strict
ncbi	WP_149100971.1	ARO:3005351	Perfect
ncbi	WP_149316740.1	ARO:3005062	Perfect
ncbi	WP_149691965.1	ARO:3002726	Strict
ncbi	WP_150035346.1	ARO:3008660	Perfect
ncbi	WP_150378267.1	ARO:3005057	Perfect
ncbi	WP_150662373.1	ARO:3008570	Perfect
ncbi	WP_150664304.1	ARO:3008567	Perfect
ncbi	WP_150823452.1	ARO:3006366	Perfect
ncbi	WP_150823453.1	ARO:3006367	Perfect
ncbi	WP_150823454.1	ARO:3006369	Perfect
ncbi	WP_150823455.1	ARO:3006370	Perfect
ncbi	WP_150823456.1	ARO:3006371	Perfect
ncbi	WP_150823457.1	ARO:3006373	Perfect
ncbi	WP_150823458.1	ARO:3006374	Perfect
ncbi	WP_150823459.1	ARO:3006375	Perfect
ncbi	WP_150823460.1	ARO:3006377	Perfect
ncbi	WP_150823461.1	ARO:3006378	Perfect
ncbi	WP_150823462.1	ARO:3006379	Perfect
ncbi	WP_150823463.1	ARO:3006380	Perfect
ncbi	WP_150823464.1	ARO:3006900	Perfect
ncbi	WP_150823465.1	ARO:3006901	Perfect
ncbi	WP_150823466.1	ARO:3005585	Perfect
ncbi	WP_150823467.1	ARO:3005586	Perfect
ncbi	WP_150823468.1	ARO:3005461	Perfect
ncbi	WP_150823469.1	ARO:3005472	Perfect
ncbi	WP_150823470.1	ARO:3005316	Perfect
ncbi	WP_150823471.1	ARO:3006033	Perfect
ncbi	WP_150823472.1	ARO:3006034	Perfect
ncbi	WP_150823473.1	ARO:3006035	Perfect
ncbi	WP_150823474.1	ARO:3006037	Perfect
ncbi	WP_150823475.1	ARO:3006038	Perfect
ncbi	WP_150823476.1	ARO:3006039	Perfect
ncbi	WP_150823477.1	ARO:3006042	Perfect
ncbi	WP_150823478.1	ARO:3006688	Perfect
ncbi	WP_150823479.1	ARO:3006691	Perfect
ncbi	WP_150823480.1	ARO:3006692	Perfect
ncbi	WP_150823481.1	ARO:3005280	Perfect
ncbi	WP_150823482.1	ARO:3005279	Perfect
ncbi	WP_150823483.1	ARO:3006694	Perfect
ncbi	WP_150823484.1	ARO:3006695	Perfect
ncbi	WP_150823485.1	ARO:3006696	Perfect
ncbi	WP_150823486.1	ARO:3006697	Perfect
ncbi	WP_150823487.1	ARO:3006698	Perfect
ncbi	WP_150823488.1	ARO:3006700	Perfect
ncbi	WP_150823489.1	ARO:3006701	Perfect
ncbi	WP_150823490.1	ARO:3006702	Perfect
ncbi	WP_150823491.1	ARO:3005283	Perfect
ncbi	WP_150823492.1	ARO:3006754	Perfect
ncbi	WP_150823493.1	ARO:3006755	Perfect
ncbi	WP_150823494.1	ARO:3006977	Perfect
ncbi	WP_150823495.1	ARO:3005270	Perfect
ncbi	WP_150823496.1	ARO:3007270	Perfect
ncbi	WP_150823497.1	ARO:3007227	Perfect
ncbi	WP_150896653.1	ARO:3008194	Perfect
ncbi	WP_151027527.1	ARO:3008579	Perfect
ncbi	WP_151130601.1	ARO:3008956	Perfect
ncbi	WP_151346866.1	ARO:3005118	Perfect
ncbi	WP_151405943.1	ARO:3003676	Strict
ncbi	WP_151713720.1	ARO:3008422	Strict
ncbi	WP_151781119.1	ARO:3005331	Perfect
ncbi	WP_151798075.1	ARO:3008608	Perfect
ncbi	WP_151810644.1	ARO:3005332	Strict
ncbi	WP_151825371.1	ARO:3008608	Strict
ncbi	WP_151874537.1	ARO:3004730	Perfect
ncbi	WP_152315464.1	ARO:3006267	Perfect
ncbi	WP_152315465.1	ARO:3005490	Perfect
ncbi	WP_152315466.1	ARO:3004745	Perfect
ncbi	WP_152315467.1	ARO:3004868	Perfect
ncbi	WP_152315468.1	ARO:3006027	Perfect
ncbi	WP_152315469.1	ARO:3006044	Perfect
ncbi	WP_152315470.1	ARO:3006049	Perfect
ncbi	WP_152315471.1	ARO:3006050	Perfect
ncbi	WP_152315472.1	ARO:3006051	Perfect
ncbi	WP_152315473.1	ARO:3006052	Perfect
ncbi	WP_152315474.1	ARO:3006053	Perfect
ncbi	WP_152315475.1	ARO:3006054	Perfect
ncbi	WP_152315476.1	ARO:3006055	Perfect
ncbi	WP_152315477.1	ARO:3006056	Perfect
ncbi	WP_152315478.1	ARO:3006057	Perfect
ncbi	WP_152315479.1	ARO:3006058	Perfect
ncbi	WP_152315480.1	ARO:3006059	Perfect
ncbi	WP_152315481.1	ARO:3006060	Perfect
ncbi	WP_152315482.1	ARO:3006061	Perfect
ncbi	WP_152315483.1	ARO:3006062	Perfect
ncbi	WP_152315484.1	ARO:3006063	Perfect
ncbi	WP_152315485.1	ARO:3006064	Perfect
ncbi	WP_152315486.1	ARO:3006065	Perfect
ncbi	WP_152315487.1	ARO:3006066	Perfect
ncbi	WP_152315488.1	ARO:3006067	Perfect
ncbi	WP_152315489.1	ARO:3006068	Perfect
ncbi	WP_152315490.1	ARO:3006069	Perfect
ncbi	WP_152315491.1	ARO:3006070	Perfect
ncbi	WP_152315492.1	ARO:3006071	Perfect
ncbi	WP_152315493.1	ARO:3006072	Perfect
ncbi	WP_152315494.1	ARO:3006073	Perfect
ncbi	WP_152315495.1	ARO:3006074	Perfect
ncbi	WP_152315496.1	ARO:3006075	Perfect
ncbi	WP_152315497.1	ARO:3006076	Perfect
ncbi	WP_152315498.1	ARO:3006077	Perfect
ncbi	WP_152315499.1	ARO:3006078	Perfect
ncbi	WP_152315500.1	ARO:3006079	Perfect
ncbi	WP_152315501.1	ARO:3006080	Perfect
ncbi	WP_152315502.1	ARO:3006081	Perfect
ncbi	WP_152315503.1	ARO:3006082	Perfect
ncbi	WP_152315504.1	ARO:3006083	Perfect
ncbi	WP_152315505.1	ARO:3006084	Perfect
ncbi	WP_152315506.1	ARO:3006756	Perfect
ncbi	WP_152315507.1	ARO:3006757	Perfect
ncbi	WP_152330887.1	ARO:3004827	Perfect
ncbi	WP_152330888.1	ARO:3004828	Perfect
ncbi	WP_152330889.1	ARO:3004829	Perfect
ncbi	WP_152330890.1	ARO:3001063	Perfect
ncbi	WP_152609570.1	ARO:3007838	Perfect
ncbi	WP_152819218.1	ARO:3007959	Perfect
ncbi	WP_154123408.1	ARO:3007958	Perfect
ncbi	WP_154205474.1	ARO:3005093	Perfect
ncbi	WP_154205589.1	ARO:3005094	Perfect
ncbi	WP_154469535.1	ARO:3007802	Perfect
ncbi	WP_154679523.1	ARO:3008785	Perfect
ncbi	WP_154772606.1	ARO:3008669	Perfect
ncbi	WP_154951884.1	ARO:3002413	Strict
ncbi	WP_155023054.1	ARO:3008085	Perfect
ncbi	WP_155026593.1	ARO:3006244	Strict
ncbi	WP_155037090.1	ARO:3002416	Strict
ncbi	WP_155684882.1	ARO:3007817	Perfect
ncbi	WP_156404644.1	ARO:3006390	Perfect
ncbi	WP_156404645.1	ARO:3006858	Perfect
ncbi	WP_156404646.1	ARO:3006460	Perfect
ncbi	WP_156404647.1	ARO:3006461	Perfect
ncbi	WP_156404648.1	ARO:3006462	Perfect
ncbi	WP_156404649.1	ARO:3002001	Perfect
ncbi	WP_156404650.1	ARO:3005653	Perfect
ncbi	WP_156404651.1	ARO:3005654	Perfect
ncbi	WP_156404652.1	ARO:3005655	Perfect
ncbi	WP_156404653.1	ARO:3005656	Perfect
ncbi	WP_156404654.1	ARO:3006479	Perfect
ncbi	WP_156404655.1	ARO:3004869	Perfect
ncbi	WP_156404656.1	ARO:3005131	Perfect
ncbi	WP_156404657.1	ARO:3006146	Perfect
ncbi	WP_156404658.1	ARO:3006087	Perfect
ncbi	WP_156404659.1	ARO:3006135	Perfect
ncbi	WP_156404660.1	ARO:3006967	Perfect
ncbi	WP_156404661.1	ARO:3001164	Perfect
ncbi	WP_156404662.1	ARO:3006218	Perfect
ncbi	WP_156404663.1	ARO:3006219	Perfect
ncbi	WP_156649232.1	ARO:3008361	Perfect
ncbi	WP_156658722.1	ARO:3005659	Perfect
ncbi	WP_158208806.1	ARO:3005381	Perfect
ncbi	WP_158208923.1	ARO:3005380	Perfect
ncbi	WP_158386862.1	ARO:3007635	Perfect
ncbi	WP_159108984.1	ARO:3008197	Perfect
ncbi	WP_159162532.1	ARO:3006403	Perfect
ncbi	WP_159241551.1	ARO:3007771	Perfect
ncbi	WP_159287722.1	ARO:3002576	Strict
ncbi	WP_159373457.1	ARO:3000907	Perfect
ncbi	WP_160164833.1	ARO:3006394	Perfect
ncbi	WP_160164834.1	ARO:3006396	Perfect
ncbi	WP_160164835.1	ARO:3006397	Perfect
ncbi	WP_160164836.1	ARO:3006398	Perfect
ncbi	WP_160164837.1	ARO:3006399	Perfect
ncbi	WP_160164838.1	ARO:3006400	Perfect
ncbi	WP_160164839.1	ARO:3005382	Perfect
ncbi	WP_160164840.1	ARO:3006220	Perfect
ncbi	WP_160164897.1	ARO:3007234	Perfect
ncbi	WP_160164898.1	ARO:3007243	Perfect
ncbi	WP_160164899.1	ARO:3007247	Perfect
ncbi	WP_160741710.1	ARO:3008780	Perfect
ncbi	WP_161298866.1	ARO:3008069	Perfect
ncbi	WP_161507793.1	ARO:3006103	Perfect
ncbi	WP_161667239.1	ARO:3005024	Perfect
ncbi	WP_162121893.1	ARO:3008781	Perfect
ncbi	WP_162278338.1	ARO:3006096	Perfect
ncbi	WP_162280230.1	ARO:3006097	Perfect
ncbi	WP_162338672.1	ARO:3009029	Perfect
ncbi	WP_163122236.1	ARO:3009026	Perfect
ncbi	WP_163170629.1	ARO:3008426	Perfect
ncbi	WP_163397051.1	ARO:3007232	Perfect
ncbi	WP_163530110.1	ARO:3008791	Perfect
ncbi	WP_163591930.1	ARO:3008307	Perfect
ncbi	WP_164461280.1	ARO:3006272	Perfect
ncbi	WP_164461281.1	ARO:3006273	Perfect
ncbi	WP_164461282.1	ARO:3006274	Perfect
ncbi	WP_164461283.1	ARO:3006275	Perfect
ncbi	WP_164461284.1	ARO:3006276	Perfect
ncbi	WP_164461285.1	ARO:3006277	Perfect
ncbi	WP_164461288.1	ARO:3006924	Perfect
ncbi	WP_164461290.1	ARO:3005341	Perfect
ncbi	WP_164461291.1	ARO:3006091	Perfect
ncbi	WP_164461292.1	ARO:3006094	Perfect
ncbi	WP_164461293.1	ARO:3006758	Perfect
ncbi	WP_164461294.1	ARO:3006760	Perfect
ncbi	WP_164461295.1	ARO:3006761	Perfect
ncbi	WP_164461296.1	ARO:3006762	Perfect
ncbi	WP_164461297.1	ARO:3005308	Perfect
ncbi	WP_164461298.1	ARO:3006763	Perfect
ncbi	WP_164461299.1	ARO:3006764	Perfect
ncbi	WP_164461300.1	ARO:3006765	Perfect
ncbi	WP_164461301.1	ARO:3006766	Perfect
ncbi	WP_164461302.1	ARO:3005259	Perfect
ncbi	WP_164461303.1	ARO:3005518	Perfect
ncbi	WP_164924988.1	ARO:3004854	Perfect
ncbi	WP_164941513.1	ARO:3005087	Perfect
ncbi	WP_165539487.1	ARO:3000901	Perfect
ncbi	WP_165713684.1	ARO:3005121	Perfect
ncbi	WP_167809787.1	ARO:3009096	Perfect
ncbi	WP_168247875.1	ARO:3005199	Perfect
ncbi	WP_168247876.1	ARO:3002010	Perfect
ncbi	WP_168247877.1	ARO:3005657	Perfect
ncbi	WP_168247878.1	ARO:3005658	Perfect
ncbi	WP_168247879.1	ARO:3006475	Perfect
ncbi	WP_168247881.1	ARO:3005012	Perfect
ncbi	WP_168247882.1	ARO:3005013	Perfect
ncbi	WP_168247883.1	ARO:3005383	Perfect
ncbi	WP_168247884.1	ARO:3006098	Perfect
ncbi	WP_168247885.1	ARO:3006767	Perfect
ncbi	WP_168247886.1	ARO:3006768	Perfect
ncbi	WP_168247887.1	ARO:3006770	Perfect
ncbi	WP_168247888.1	ARO:3006771	Perfect
ncbi	WP_168247889.1	ARO:3006773	Perfect
ncbi	WP_168247890.1	ARO:3006774	Perfect
ncbi	WP_168247891.1	ARO:3006775	Perfect
ncbi	WP_168247892.1	ARO:3006776	Perfect
ncbi	WP_168247893.1	ARO:3006779	Perfect
ncbi	WP_168247894.1	ARO:3006780	Perfect
ncbi	WP_168247895.1	ARO:3006781	Perfect
ncbi	WP_168247896.1	ARO:3006782	Perfect
ncbi	WP_168247897.1	ARO:3005282	Perfect
ncbi	WP_168247898.1	ARO:3006783	Perfect
ncbi	WP_168247899.1	ARO:3006784	Perfect
ncbi	WP_168247900.1	ARO:3006785	Perfect
ncbi	WP_168247901.1	ARO:3006786	Perfect
ncbi	WP_168247902.1	ARO:3006787	Perfect
ncbi	WP_168247903.1	ARO:3006788	Perfect
ncbi	WP_168247904.1	ARO:3006790	Perfect
ncbi	WP_168247905.1	ARO:3006791	Perfect
ncbi	WP_168247906.1	ARO:3006136	Perfect
ncbi	WP_168370988.1	ARO:3005336	Perfect
ncbi	WP_168370989.1	ARO:3005035	Perfect
ncbi	WP_170247747.1	ARO:3003117	Strict
ncbi	WP_171476787.1	ARO:3006223	Perfect
ncbi	WP_171476788.1	ARO:3005379	Perfect
ncbi	WP_171476789.1	ARO:3005385	Perfect
ncbi	WP_171476790.1	ARO:3006102	Perfect
ncbi	WP_171865690.1	ARO:3008561	Perfect
ncbi	WP_171889086.1	ARO:3008656	Perfect
ncbi	WP_171892704.1	ARO:3008695	Perfect
ncbi	WP_172688537.1	ARO:3007489	Perfect
ncbi	WP_172692932.1	ARO:3005015	Perfect
ncbi	WP_172693371.1	ARO:3005079	Perfect
ncbi	WP_173179784.1	ARO:3007200	Perfect
ncbi	WP_174749605.1	ARO:3008021	Perfect
ncbi	WP_174771641.1	ARO:3002727	Strict
ncbi	WP_176453837.1	ARO:3007032	Perfect
ncbi	WP_176673601.1	ARO:3006405	Perfect
ncbi	WP_177317028.1	ARO:3008377	Perfect
ncbi	WP_177340503.1	ARO:3008809	Perfect
ncbi	WP_178317675.1	ARO:3006088	Perfect
ncbi	WP_179284317.1	ARO:3005588	Perfect
ncbi	WP_179284320.1	ARO:3006187	Perfect
ncbi	WP_179284322.1	ARO:3006188	Perfect
ncbi	WP_179284324.1	ARO:3006189	Perfect
ncbi	WP_179284328.1	ARO:3006190	Perfect
ncbi	WP_179284333.1	ARO:3006104	Perfect
ncbi	WP_179284336.1	ARO:3006106	Perfect
ncbi	WP_179284339.1	ARO:3006107	Perfect
ncbi	WP_179284342.1	ARO:3006109	Perfect
ncbi	WP_179284345.1	ARO:3006110	Perfect
ncbi	WP_179284354.1	ARO:3006792	Perfect
ncbi	WP_179284357.1	ARO:3006794	Perfect
ncbi	WP_179284360.1	ARO:3006795	Perfect
ncbi	WP_179284362.1	ARO:3006796	Perfect
ncbi	WP_179284365.1	ARO:3006797	Perfect
ncbi	WP_179284368.1	ARO:3006798	Perfect
ncbi	WP_179284370.1	ARO:3005312	Perfect
ncbi	WP_179284371.1	ARO:3006799	Perfect
ncbi	WP_179284372.1	ARO:3006801	Perfect
ncbi	WP_179284373.1	ARO:3006803	Perfect
ncbi	WP_179284374.1	ARO:3006804	Perfect
ncbi	WP_179284375.1	ARO:3006805	Perfect
ncbi	WP_179284376.1	ARO:3006806	Perfect
ncbi	WP_179284377.1	ARO:3005275	Perfect
ncbi	WP_179284378.1	ARO:3006807	Perfect
ncbi	WP_179284379.1	ARO:3006808	Perfect
ncbi	WP_179284380.1	ARO:3006809	Perfect
ncbi	WP_179284381.1	ARO:3006812	Perfect
ncbi	WP_179284382.1	ARO:3006813	Perfect
ncbi	WP_179284383.1	ARO:3006814	Perfect
ncbi	WP_179284384.1	ARO:3006815	Perfect
ncbi	WP_179284385.1	ARO:3006816	Perfect
ncbi	WP_179284386.1	ARO:3005313	Perfect
ncbi	WP_179284387.1	ARO:3006817	Perfect
ncbi	WP_179284388.1	ARO:3006818	Perfect
ncbi	WP_179284389.1	ARO:3006819	Perfect
ncbi	WP_179284390.1	ARO:3005076	Perfect
ncbi	WP_179284391.1	ARO:3005077	Perfect
ncbi	WP_179284392.1	ARO:3005078	Perfect
ncbi	WP_179284393.1	ARO:3006221	Perfect
ncbi	WP_179284394.1	ARO:3005519	Perfect
ncbi	WP_179945705.1	ARO:3006820	Perfect
ncbi	WP_180255442.1	ARO:3006242	Strict
ncbi	WP_180898621.1	ARO:3008391	Perfect
ncbi	WP_181240047.1	ARO:3007960	Perfect
ncbi	WP_181246811.1	ARO:3008812	Perfect
ncbi	WP_181251167.1	ARO:3008810	Perfect
ncbi	WP_181464119.1	ARO:3007236	Perfect
ncbi	WP_181483194.1	ARO:3008786	Perfect
ncbi	WP_181497495.1	ARO:3005221	Perfect
ncbi	WP_181511480.1	ARO:3008813	Perfect
ncbi	WP_181726415.1	ARO:3007062	Perfect
ncbi	WP_181727105.1	ARO:3005492	Perfect
ncbi	WP_182012076.1	ARO:3008811	Perfect
ncbi	WP_182237112.1	ARO:3008787	Perfect
ncbi	WP_182409324.1	ARO:3002411	Strict
ncbi	WP_182496339.1	ARO:3005663	Perfect
ncbi	WP_184489348.1	ARO:3008822	Perfect
ncbi	WP_185219566.1	ARO:3008782	Perfect
ncbi	WP_186384957.1	ARO:3008807	Perfect
ncbi	WP_186931965.1	ARO:3007461	Perfect
ncbi	WP_186993003.1	ARO:3009101	Perfect
ncbi	WP_187259226.1	ARO:3008116	Perfect
ncbi	WP_187259598.1	ARO:3002736	Strict
ncbi	WP_187795500.1	ARO:3008126	Perfect
ncbi	WP_188020219.1	ARO:3007044	Perfect
ncbi	WP_188240090.1	ARO:3000930	Perfect
ncbi	WP_188331861.1	ARO:3005345	Perfect
ncbi	WP_188331862.1	ARO:3006233	Perfect
ncbi	WP_188331863.1	ARO:3005587	Perfect
ncbi	WP_188331864.1	ARO:3005660	Perfect
ncbi	WP_188331865.1	ARO:3005661	Perfect
ncbi	WP_188331866.1	ARO:3005662	Perfect
ncbi	WP_188331867.1	ARO:3005664	Perfect
ncbi	WP_188331868.1	ARO:3006173	Perfect
ncbi	WP_188331869.1	ARO:3006174	Perfect
ncbi	WP_188331870.1	ARO:3005491	Perfect
ncbi	WP_188331871.1	ARO:3006195	Perfect
ncbi	WP_188331872.1	ARO:3006197	Perfect
ncbi	WP_188331873.1	ARO:3006198	Perfect
ncbi	WP_188331874.1	ARO:3006199	Perfect
ncbi	WP_188331875.1	ARO:3006200	Perfect
ncbi	WP_188331876.1	ARO:3006108	Perfect
ncbi	WP_188331877.1	ARO:3006113	Perfect
ncbi	WP_188331878.1	ARO:3006114	Perfect
ncbi	WP_188331879.1	ARO:3006823	Perfect
ncbi	WP_188331880.1	ARO:3006222	Perfect
ncbi	WP_188331881.1	ARO:3005520	Perfect
ncbi	WP_188331882.1	ARO:3005521	Perfect
ncbi	WP_188331883.1	ARO:3005024	Strict
ncbi	WP_188331884.1	ARO:3007241	Perfect
ncbi	WP_188331885.1	ARO:3007242	Perfect
ncbi	WP_188331886.1	ARO:3007283	Perfect
ncbi	WP_188331887.1	ARO:3007286	Perfect
ncbi	WP_188331888.1	ARO:3007288	Perfect
ncbi	WP_188331889.1	ARO:3007287	Perfect
ncbi	WP_188331890.1	ARO:3007255	Perfect
ncbi	WP_188331891.1	ARO:3007254	Perfect
ncbi	WP_188331892.1	ARO:3007248	Perfect
ncbi	WP_188331893.1	ARO:3007268	Perfect
ncbi	WP_188331894.1	ARO:3007267	Perfect
ncbi	WP_188331895.1	ARO:3007257	Perfect
ncbi	WP_188331896.1	ARO:3007250	Perfect
ncbi	WP_188331897.1	ARO:3007264	Perfect
ncbi	WP_188331898.1	ARO:3002708	Strict
ncbi	WP_188331899.1	ARO:3002709	Strict
ncbi	WP_190259774.1	ARO:3005177	Perfect
ncbi	WP_190259775.1	ARO:3005665	Perfect
ncbi	WP_190259776.1	ARO:3005330	Perfect
ncbi	WP_193542281.1	ARO:3007918	Perfect
ncbi	WP_193683783.1	ARO:3009098	Perfect
ncbi	WP_194293132.1	ARO:3006863	Perfect
ncbi	WP_194293133.1	ARO:3006184	Perfect
ncbi	WP_194293134.1	ARO:3006196	Perfect
ncbi	WP_194293135.1	ARO:3006201	Perfect
ncbi	WP_194293136.1	ARO:3006202	Perfect
ncbi	WP_194293137.1	ARO:3006085	Perfect
ncbi	WP_194355408.1	ARO:3008696	Perfect
ncbi	WP_195994689.1	ARO:3003188	Strict
ncbi	WP_196090373.1	ARO:3008798	Perfect
ncbi	WP_196347324.1	ARO:3007971	Perfect
ncbi	WP_196575333.1	ARO:3008783	Perfect
ncbi	WP_196658681.1	ARO:3008440	Perfect
ncbi	WP_197098296.1	ARO:3009066	Perfect
ncbi	WP_197663517.1	ARO:3008808	Perfect
ncbi	WP_197749399.1	ARO:3005349	Perfect
ncbi	WP_197749400.1	ARO:3007492	Strict
ncbi	WP_197749401.1	ARO:3006175	Perfect
ncbi	WP_197749402.1	ARO:3005378	Perfect
ncbi	WP_197749403.1	ARO:3006203	Perfect
ncbi	WP_197749404.1	ARO:3006204	Perfect
ncbi	WP_197749405.1	ARO:3005700	Perfect
ncbi	WP_197749406.1	ARO:3005701	Perfect
ncbi	WP_197749407.1	ARO:3006825	Perfect
ncbi	WP_197749408.1	ARO:3006826	Perfect
ncbi	WP_197749409.1	ARO:3006828	Perfect
ncbi	WP_197749410.1	ARO:3005294	Perfect
ncbi	WP_197749411.1	ARO:3006829	Perfect
ncbi	WP_197749412.1	ARO:3006830	Perfect
ncbi	WP_197749413.1	ARO:3005291	Perfect
ncbi	WP_197749414.1	ARO:3006831	Perfect
ncbi	WP_197749415.1	ARO:3006832	Perfect
ncbi	WP_197749416.1	ARO:3005273	Perfect
ncbi	WP_197749417.1	ARO:3006917	Perfect
ncbi	WP_197749418.1	ARO:3006918	Perfect
ncbi	WP_198462967.1	ARO:3007043	Perfect
ncbi	WP_198462968.1	ARO:3007049	Perfect
ncbi	WP_198799270.1	ARO:3007021	Perfect
ncbi	WP_199935335.1	ARO:3008609	Perfect
ncbi	WP_199947622.1	ARO:3007986	Perfect
ncbi	WP_200302238.1	ARO:3006463	Perfect
ncbi	WP_200525730.1	ARO:3001125	Strict
ncbi	WP_200557972.1	ARO:3007919	Perfect
ncbi	WP_200582679.1	ARO:3008604	Perfect
ncbi	WP_200925854.1	ARO:3007829	Perfect
ncbi	WP_202089433.1	ARO:3006137	Perfect
ncbi	WP_202272142.1	ARO:3007855	Perfect
ncbi	WP_202781289.1	ARO:3006207	Perfect
ncbi	WP_204313008.1	ARO:3007121	Perfect
ncbi	WP_204313011.1	ARO:3007122	Strict
ncbi	WP_204376219.1	ARO:3004554	Strict
ncbi	WP_204376221.1	ARO:3007099	Perfect
ncbi	WP_204376222.1	ARO:3005166	Strict
ncbi	WP_204376223.1	ARO:3006426	Perfect
ncbi	WP_204376224.1	ARO:3006891	Perfect
ncbi	WP_204376225.1	ARO:3005666	Perfect
ncbi	WP_204376226.1	ARO:3006227	Perfect
ncbi	WP_204376227.1	ARO:3006889	Perfect
ncbi	WP_204376228.1	ARO:3006185	Perfect
ncbi	WP_204376229.1	ARO:3006191	Perfect
ncbi	WP_204376230.1	ARO:3006192	Perfect
ncbi	WP_204376231.1	ARO:3006193	Perfect
ncbi	WP_204376232.1	ARO:3006194	Perfect
ncbi	WP_204376233.1	ARO:3006205	Perfect
ncbi	WP_204376234.1	ARO:3006206	Perfect
ncbi	WP_204376235.1	ARO:3006124	Perfect
ncbi	WP_204376236.1	ARO:3006125	Perfect
ncbi	WP_204376237.1	ARO:3006126	Perfect
ncbi	WP_204376238.1	ARO:3006127	Perfect
ncbi	WP_204376239.1	ARO:3006128	Perfect
ncbi	WP_204376240.1	ARO:3006833	Perfect
ncbi	WP_204376241.1	ARO:3006834	Perfect
ncbi	WP_204376242.1	ARO:3006835	Perfect
ncbi	WP_204376243.1	ARO:3006836	Perfect
ncbi	WP_204376244.1	ARO:3006837	Perfect
ncbi	WP_204376245.1	ARO:3006838	Perfect
ncbi	WP_204376246.1	ARO:3007371	Strict
ncbi	WP_204376247.1	ARO:3007371	Strict
ncbi	WP_204378708.1	ARO:3006839	Perfect
ncbi	WP_204378709.1	ARO:3006840	Perfect
ncbi	WP_204378710.1	ARO:3006841	Perfect
ncbi	WP_204378711.1	ARO:3006842	Perfect
ncbi	WP_206340447.1	ARO:3008394	Perfect
ncbi	WP_206627591.1	ARO:3002803	Strict
ncbi	WP_208557566.1	ARO:3007277	Perfect
ncbi	WP_208584627.1	ARO:3007275	Perfect
ncbi	WP_208595319.1	ARO:3007276	Perfect
ncbi	WP_209038818.1	ARO:3008923	Perfect
ncbi	WP_209359118.1	ARO:3008893	Perfect
ncbi	WP_209522946.1	ARO:3008175	Perfect
ncbi	WP_209691075.1	ARO:3004470	Strict
ncbi	WP_210204468.1	ARO:3008363	Perfect
ncbi	WP_210204487.1	ARO:3008362	Perfect
ncbi	WP_210205477.1	ARO:3008365	Perfect
ncbi	WP_210205486.1	ARO:3008364	Perfect
ncbi	WP_210983323.1	ARO:3008944	Perfect
ncbi	WP_211816370.1	ARO:3005937	Strict
ncbi	WP_211862582.1	ARO:3008070	Perfect
ncbi	WP_213133914.1	ARO:3002726	Strict
ncbi	WP_213384363.1	ARO:3008466	Perfect
ncbi	WP_213556171.1	ARO:3007812	Perfect
ncbi	WP_213603971.1	ARO:3007374	Perfect
ncbi	WP_213702342.1	ARO:3007978	Perfect
ncbi	WP_213782881.1	ARO:3007887	Perfect
ncbi	WP_213994577.1	ARO:3008075	Perfect
ncbi	WP_213994578.1	ARO:3008112	Perfect
ncbi	WP_213994579.1	ARO:3008113	Perfect
ncbi	WP_213994580.1	ARO:3008134	Perfect
ncbi	WP_213994581.1	ARO:3008135	Perfect
ncbi	WP_213994582.1	ARO:3008136	Perfect
ncbi	WP_213994583.1	ARO:3008180	Perfect
ncbi	WP_213994584.1	ARO:3008181	Perfect
ncbi	WP_213994585.1	ARO:3007825	Perfect
ncbi	WP_213994586.1	ARO:3007826	Perfect
ncbi	WP_213994587.1	ARO:3008222	Perfect
ncbi	WP_213994588.1	ARO:3008359	Perfect
ncbi	WP_213994589.1	ARO:3008360	Perfect
ncbi	WP_213994590.1	ARO:3008366	Perfect
ncbi	WP_213994591.1	ARO:3008367	Perfect
ncbi	WP_213994592.1	ARO:3007381	Perfect
ncbi	WP_213994593.1	ARO:3007375	Perfect
ncbi	WP_213994594.1	ARO:3008368	Perfect
ncbi	WP_213994595.1	ARO:3008721	Perfect
ncbi	WP_213994596.1	ARO:3008722	Perfect
ncbi	WP_213994597.1	ARO:3008728	Perfect
ncbi	WP_213994598.1	ARO:3008729	Perfect
ncbi	WP_213994599.1	ARO:3008731	Perfect
ncbi	WP_213994600.1	ARO:3008732	Perfect
ncbi	WP_213994601.1	ARO:3008737	Perfect
ncbi	WP_213994602.1	ARO:3008738	Perfect
ncbi	WP_213994603.1	ARO:3008740	Perfect
ncbi	WP_213994604.1	ARO:3008742	Perfect
ncbi	WP_213994605.1	ARO:3008824	Perfect
ncbi	WP_213994606.1	ARO:3008825	Perfect
ncbi	WP_213994607.1	ARO:3008826	Perfect
ncbi	WP_213994608.1	ARO:3008827	Perfect
ncbi	WP_213994609.1	ARO:3008828	Perfect
ncbi	WP_213994610.1	ARO:3008829	Perfect
ncbi	WP_213994611.1	ARO:3008830	Perfect
ncbi	WP_213994612.1	ARO:3007126	Perfect
ncbi	WP_213994613.1	ARO:3007804	Perfect
ncbi	WP_213994614.1	ARO:3007245	Perfect
ncbi	WP_213994615.1	ARO:3007289	Perfect
ncbi	WP_214140123.1	ARO:3007213	Perfect
ncbi	WP_214251060.1	ARO:3007214	Perfect
ncbi	WP_214824597.1	ARO:3007470	Perfect
ncbi	WP_215763651.1	ARO:3008494	Perfect
ncbi	WP_215771935.1	ARO:3007920	Perfect
ncbi	WP_215824899.1	ARO:3008111	Perfect
ncbi	WP_216944871.1	ARO:3004444	Strict
ncbi	WP_218519361.1	ARO:3009046	Perfect
ncbi	WP_218688397.1	ARO:3007026	Perfect
ncbi	WP_218702729.1	ARO:3007027	Perfect
ncbi	WP_219795346.1	ARO:3007383	Perfect
ncbi	WP_219804981.1	ARO:3007402	Perfect
ncbi	WP_219833567.1	ARO:3007087	Perfect
ncbi	WP_219860706.1	ARO:3009031	Perfect
ncbi	WP_219860707.1	ARO:3007827	Perfect
ncbi	WP_219860708.1	ARO:3008220	Perfect
ncbi	WP_219860709.1	ARO:3008221	Perfect
ncbi	WP_219860710.1	ARO:3007453	Perfect
ncbi	WP_219860711.1	ARO:3008074	Perfect
ncbi	WP_219860712.1	ARO:3008078	Perfect
ncbi	WP_219860713.1	ARO:3008079	Perfect
ncbi	WP_219860714.1	ARO:3008734	Perfect
ncbi	WP_219860715.1	ARO:3007211	Perfect
ncbi	WP_219860716.1	ARO:3007212	Perfect
ncbi	WP_219860717.1	ARO:3009081	Perfect
ncbi	WP_219860718.1	ARO:3007215	Perfect
ncbi	WP_219860719.1	ARO:3009082	Perfect
ncbi	WP_219860720.1	ARO:3008370	Perfect
ncbi	WP_219860721.1	ARO:3008831	Perfect
ncbi	WP_219860722.1	ARO:3008832	Perfect
ncbi	WP_219860723.1	ARO:3008833	Perfect
ncbi	WP_219860724.1	ARO:3008834	Perfect
ncbi	WP_219860725.1	ARO:3008835	Perfect
ncbi	WP_219860726.1	ARO:3008434	Perfect
ncbi	WP_219860727.1	ARO:3008436	Perfect
ncbi	WP_219860728.1	ARO:3008437	Perfect
ncbi	WP_219860729.1	ARO:3007438	Perfect
ncbi	WP_219860730.1	ARO:3008438	Perfect
ncbi	WP_219860731.1	ARO:3007285	Perfect
ncbi	WP_220120526.1	ARO:3007921	Perfect
ncbi	WP_222663284.1	ARO:3007922	Perfect
ncbi	WP_222891054.1	ARO:3007188	Perfect
ncbi	WP_222891055.1	ARO:3007189	Perfect
ncbi	WP_222891056.1	ARO:3007190	Perfect
ncbi	WP_222891057.1	ARO:3007191	Perfect
ncbi	WP_222891058.1	ARO:3007192	Perfect
ncbi	WP_222898572.1	ARO:3009070	Perfect
ncbi	WP_223106954.1	ARO:3007533	Perfect
ncbi	WP_223146970.1	ARO:3001169	Perfect
ncbi	WP_223146971.1	ARO:3007813	Perfect
ncbi	WP_223146972.1	ARO:3008439	Perfect
ncbi	WP_223146973.1	ARO:3008452	Perfect
ncbi	WP_223146974.1	ARO:3008836	Perfect
ncbi	WP_223146975.1	ARO:3008837	Perfect
ncbi	WP_223146976.1	ARO:3008838	Perfect
ncbi	WP_223146977.1	ARO:3008839	Perfect
ncbi	WP_223146978.1	ARO:3008840	Perfect
ncbi	WP_223146979.1	ARO:3008841	Perfect
ncbi	WP_223146980.1	ARO:3008842	Perfect
ncbi	WP_223146981.1	ARO:3008843	Perfect
ncbi	WP_223146982.1	ARO:3009048	Perfect
ncbi	WP_223146983.1	ARO:3007216	Perfect
ncbi	WP_223146984.1	ARO:3007217	Perfect
ncbi	WP_223174986.1	ARO:3009045	Perfect
ncbi	WP_223174987.1	ARO:3007632	Perfect
ncbi	WP_223174988.1	ARO:3008209	Perfect
ncbi	WP_223292485.1	ARO:3004444	Perfect
ncbi	WP_223525081.1	ARO:3008210	Perfect
ncbi	WP_223915751.1	ARO:3008390	Perfect
ncbi	WP_224206459.1	ARO:3008395	Strict
ncbi	WP_224452742.1	ARO:3007023	Perfect
ncbi	WP_225025027.1	ARO:3008697	Perfect
ncbi	WP_225025112.1	ARO:3008981	Perfect
ncbi	WP_225519091.1	ARO:3008052	Perfect
ncbi	WP_228333159.1	ARO:3007923	Perfect
ncbi	WP_229998008.1	ARO:3008679	Perfect
ncbi	WP_230924646.1	ARO:3007085	Perfect
ncbi	WP_231236808.1	ARO:3007230	Perfect
ncbi	WP_231869587.1	ARO:3008461	Perfect
ncbi	WP_231869588.1	ARO:3007828	Perfect
ncbi	WP_231869589.1	ARO:3008384	Perfect
ncbi	WP_231869590.1	ARO:3002241	Strict
ncbi	WP_231869591.1	ARO:3008723	Perfect
ncbi	WP_231869592.1	ARO:3008724	Perfect
ncbi	WP_231869593.1	ARO:3009080	Perfect
ncbi	WP_231869594.1	ARO:3008744	Perfect
ncbi	WP_231869595.1	ARO:3008745	Perfect
ncbi	WP_231869596.1	ARO:3008746	Perfect
ncbi	WP_231869597.1	ARO:3008747	Perfect
ncbi	WP_231869598.1	ARO:3008748	Perfect
ncbi	WP_231869599.1	ARO:3008749	Perfect
ncbi	WP_231869600.1	ARO:3008750	Perfect
ncbi	WP_231869601.1	ARO:3008751	Perfect
ncbi	WP_231869602.1	ARO:3008752	Perfect
ncbi	WP_231869603.1	ARO:3008754	Perfect
ncbi	WP_231869604.1	ARO:3008755	Perfect
ncbi	WP_231869605.1	ARO:3008756	Perfect
ncbi	WP_231869606.1	ARO:3008758	Perfect
ncbi	WP_231869607.1	ARO:3008759	Perfect
ncbi	WP_231869608.1	ARO:3008760	Perfect
ncbi	WP_231869609.1	ARO:3008761	Perfect
ncbi	WP_231869610.1	ARO:3008762	Perfect
ncbi	WP_231869611.1	ARO:3008763	Perfect
ncbi	WP_231869612.1	ARO:3008764	Perfect
ncbi	WP_231869613.1	ARO:3008765	Perfect
ncbi	WP_231869614.1	ARO:3008766	Perfect
ncbi	WP_231869615.1	ARO:3008767	Perfect
ncbi	WP_231869616.1	ARO:3008768	Perfect
ncbi	WP_231869617.1	ARO:3008769	Perfect
ncbi	WP_231869618.1	ARO:3008770	Perfect
ncbi	WP_231869619.1	ARO:3008771	Perfect
ncbi	WP_231869620.1	ARO:3008772	Perfect
ncbi	WP_231869621.1	ARO:3008773	Perfect
ncbi	WP_231869622.1	ARO:3008774	Perfect
ncbi	WP_231869623.1	ARO:3008775	Perfect
ncbi	WP_231869624.1	ARO:3008776	Perfect
ncbi	WP_231869625.1	ARO:3008421	Perfect
ncbi	WP_231869626.1	ARO:3008423	Perfect
ncbi	WP_231869627.1	ARO:3008424	Perfect
ncbi	WP_231869628.1	ARO:3008425	Perfect
ncbi	WP_231869629.1	ARO:3008427	Perfect
ncbi	WP_231869630.1	ARO:3008428	Perfect
ncbi	WP_231869631.1	ARO:3008429	Perfect
ncbi	WP_231869632.1	ARO:3008430	Perfect
ncbi	WP_231869633.1	ARO:3008431	Perfect
ncbi	WP_231869634.1	ARO:3007450	Perfect
ncbi	WP_231869635.1	ARO:3008844	Perfect
ncbi	WP_231869636.1	ARO:3007218	Perfect
ncbi	WP_231869637.1	ARO:3007814	Perfect
ncbi	WP_231869638.1	ARO:3008073	Perfect
ncbi	WP_231869639.1	ARO:3007436	Perfect
ncbi	WP_231869640.1	ARO:3007449	Perfect
ncbi	WP_231869641.1	ARO:3008108	Perfect
ncbi	WP_231869642.1	ARO:3002709	Strict
ncbi	WP_231869643.1	ARO:3007561	Perfect
ncbi	WP_231869644.1	ARO:3007816	Perfect
ncbi	WP_231869645.1	ARO:3008140	Perfect
ncbi	WP_231869646.1	ARO:3008114	Perfect
ncbi	WP_231869647.1	ARO:3008459	Perfect
ncbi	WP_231869648.1	ARO:3007976	Perfect
ncbi	WP_231869649.1	ARO:3008460	Perfect
ncbi	WP_231869650.1	ARO:3008233	Perfect
ncbi	WP_231869651.1	ARO:3008234	Perfect
ncbi	WP_231869652.1	ARO:3008237	Perfect
ncbi	WP_231869653.1	ARO:3008235	Perfect
ncbi	WP_231869654.1	ARO:3008238	Perfect
ncbi	WP_231869655.1	ARO:3008236	Perfect
ncbi	WP_231873781.1	ARO:3008232	Perfect
ncbi	WP_231873782.1	ARO:3008845	Perfect
ncbi	WP_231873783.1	ARO:3008846	Perfect
ncbi	WP_231873784.1	ARO:3008847	Perfect
ncbi	WP_231873785.1	ARO:3008076	Perfect
ncbi	WP_232932000.1	ARO:3007970	Perfect
ncbi	WP_233003445.1	ARO:3007924	Perfect
ncbi	WP_234164690.1	ARO:3009100	Perfect
ncbi	WP_234225171.1	ARO:3008394	Strict
ncbi	WP_234575440.1	ARO:3008970	Perfect
ncbi	WP_234855925.1	ARO:3007463	Perfect
ncbi	WP_237920325.1	ARO:3008526	Perfect
ncbi	WP_238839790.1	ARO:3007819	Perfect
ncbi	WP_240067712.1	ARO:3007883	Perfect
ncbi	WP_240067713.1	ARO:3007968	Perfect
ncbi	WP_240067714.1	ARO:3007969	Perfect
ncbi	WP_240067715.1	ARO:3007977	Perfect
ncbi	WP_240067716.1	ARO:3007980	Perfect
ncbi	WP_240067717.1	ARO:3008071	Perfect
ncbi	WP_240067718.1	ARO:3008141	Perfect
ncbi	WP_240067719.1	ARO:3008211	Perfect
ncbi	WP_240067720.1	ARO:3007462	Perfect
ncbi	WP_240067721.1	ARO:3007464	Perfect
ncbi	WP_240067722.1	ARO:3008242	Perfect
ncbi	WP_240067723.1	ARO:3007089	Perfect
ncbi	WP_240067724.1	ARO:3008369	Perfect
ncbi	WP_240067725.1	ARO:3008371	Perfect
ncbi	WP_240067726.1	ARO:3008463	Perfect
ncbi	WP_240067727.1	ARO:3008465	Perfect
ncbi	WP_240067728.1	ARO:3008467	Perfect
ncbi	WP_240067729.1	ARO:3008468	Perfect
ncbi	WP_240067730.1	ARO:3008469	Perfect
ncbi	WP_240067731.1	ARO:3008470	Perfect
ncbi	WP_240067732.1	ARO:3008472	Perfect
ncbi	WP_240067733.1	ARO:3008473	Perfect
ncbi	WP_240067734.1	ARO:3008474	Perfect
ncbi	WP_240067735.1	ARO:3008475	Perfect
ncbi	WP_240067736.1	ARO:3008848	Perfect
ncbi	WP_240067737.1	ARO:3008849	Perfect
ncbi	WP_240067738.1	ARO:3008850	Perfect
ncbi	WP_240067739.1	ARO:3008851	Perfect
ncbi	WP_240067740.1	ARO:3008852	Perfect
ncbi	WP_240067741.1	ARO:3008853	Perfect
ncbi	WP_240067742.1	ARO:3008854	Perfect
ncbi	WP_240067743.1	ARO:3008855	Perfect
ncbi	WP_240067744.1	ARO:3008856	Perfect
ncbi	WP_240067745.1	ARO:3008857	Perfect
ncbi	WP_240067746.1	ARO:3008858	Perfect
ncbi	WP_240067747.1	ARO:3007070	Perfect
ncbi	WP_241469308.1	ARO:3008558	Perfect
ncbi	WP_241700785.1	ARO:3008800	Perfect
ncbi	WP_242934065.1	ARO:3007888	Perfect
ncbi	WP_242934066.1	ARO:3007890	Perfect
ncbi	WP_242934067.1	ARO:3007465	Perfect
ncbi	WP_242934068.1	ARO:3008243	Perfect
ncbi	WP_242934069.1	ARO:3008244	Perfect
ncbi	WP_242934070.1	ARO:3008245	Perfect
ncbi	WP_242934071.1	ARO:3008246	Perfect
ncbi	WP_242934072.1	ARO:3008247	Perfect
ncbi	WP_242934073.1	ARO:3008248	Perfect
ncbi	WP_242934074.1	ARO:3008249	Perfect
ncbi	WP_242934075.1	ARO:3008250	Perfect
ncbi	WP_242934076.1	ARO:3008251	Perfect
ncbi	WP_242934077.1	ARO:3008252	Perfect
ncbi	WP_242934078.1	ARO:3007196	Perfect
ncbi	WP_242934079.1	ARO:3008476	Perfect
ncbi	WP_242934080.1	ARO:3008477	Perfect
ncbi	WP_242934081.1	ARO:3008478	Perfect
ncbi	WP_242934082.1	ARO:3008479	Perfect
ncbi	WP_242934083.1	ARO:3008480	Perfect
ncbi	WP_242934084.1	ARO:3008481	Perfect
ncbi	WP_242934085.1	ARO:3008482	Perfect
ncbi	WP_242934086.1	ARO:3008483	Perfect
ncbi	WP_242934087.1	ARO:3008484	Perfect
ncbi	WP_242934088.1	ARO:3008485	Perfect
ncbi	WP_242934089.1	ARO:3008486	Perfect
ncbi	WP_242934090.1	ARO:3008487	Perfect
ncbi	WP_242934091.1	ARO:3008488	Perfect
ncbi	WP_242934092.1	ARO:3008489	Perfect
ncbi	WP_242934093.1	ARO:3008490	Perfect
ncbi	WP_242934094.1	ARO:3008491	Perfect
ncbi	WP_242934095.1	ARO:3008492	Perfect
ncbi	WP_242934096.1	ARO:3008493	Perfect
ncbi	WP_242934097.1	ARO:3008495	Perfect
ncbi	WP_242934098.1	ARO:3008496	Perfect
ncbi	WP_242934099.1	ARO:3008497	Perfect
ncbi	WP_242934100.1	ARO:3008498	Perfect
ncbi	WP_242934101.1	ARO:3008499	Perfect
ncbi	WP_242934102.1	ARO:3008500	Perfect
ncbi	WP_242934103.1	ARO:3008502	Perfect
ncbi	WP_242934104.1	ARO:3008503	Perfect
ncbi	WP_242934105.1	ARO:3008504	Perfect
ncbi	WP_242934106.1	ARO:3008510	Perfect
ncbi	WP_242934107.1	ARO:3008511	Perfect
ncbi	WP_242934108.1	ARO:3008512	Perfect
ncbi	WP_242934109.1	ARO:3008513	Perfect
ncbi	WP_242934110.1	ARO:3008514	Perfect
ncbi	WP_242934111.1	ARO:3008515	Perfect
ncbi	WP_242934112.1	ARO:3008516	Perfect
ncbi	WP_242934113.1	ARO:3008518	Perfect
ncbi	WP_242934114.1	ARO:3008519	Perfect
ncbi	WP_242934115.1	ARO:3008520	Perfect
ncbi	WP_242934116.1	ARO:3008521	Perfect
ncbi	WP_242934117.1	ARO:3008522	Perfect
ncbi	WP_242934118.1	ARO:3008523	Perfect
ncbi	WP_242934119.1	ARO:3008524	Perfect
ncbi	WP_242934120.1	ARO:3008525	Perfect
ncbi	WP_242934121.1	ARO:3008859	Perfect
ncbi	WP_242934122.1	ARO:3008861	Perfect
ncbi	WP_242934123.1	ARO:3008862	Perfect
ncbi	WP_242934124.1	ARO:3008863	Perfect
ncbi	WP_242934125.1	ARO:3007454	Perfect
ncbi	WP_242934126.1	ARO:3007448	Perfect
ncbi	WP_242934127.1	ARO:3007274	Perfect
ncbi	WP_242935024.1	ARO:3008150	Perfect
ncbi	WP_243210688.1	ARO:3008884	Perfect
ncbi	WP_243939160.1	ARO:3007102	Perfect
ncbi	WP_244054059.1	ARO:3008392	Perfect
ncbi	WP_247791718.1	ARO:3007987	Perfect
ncbi	WP_248048813.1	ARO:3008088	Perfect
ncbi	WP_248215418.1	ARO:3007925	Perfect
ncbi	WP_248496376.1	ARO:3007633	Perfect
ncbi	WP_249828058.1	ARO:3007972	Perfect
ncbi	WP_249828059.1	ARO:3007982	Perfect
ncbi	WP_249828060.1	ARO:3007830	Perfect
ncbi	WP_249828061.1	ARO:3007831	Perfect
ncbi	WP_249828062.1	ARO:3008230	Perfect
ncbi	WP_249828063.1	ARO:3008254	Perfect
ncbi	WP_249828064.1	ARO:3007219	Perfect
ncbi	WP_249828065.1	ARO:3008535	Perfect
ncbi	WP_249828066.1	ARO:3008536	Perfect
ncbi	WP_249828067.1	ARO:3008864	Perfect
ncbi	WP_249828068.1	ARO:3008865	Perfect
ncbi	WP_249828069.1	ARO:3009065	Perfect
ncbi	WP_249828070.1	ARO:3007435	Perfect
ncbi	WP_250115625.1	ARO:3007832	Perfect
ncbi	WP_250127581.1	ARO:3007893	Perfect
ncbi	WP_250200322.1	ARO:3007446	Perfect
ncbi	WP_250200323.1	ARO:3008255	Perfect
ncbi	WP_250200324.1	ARO:3008256	Perfect
ncbi	WP_250718547.1	ARO:3009099	Perfect
ncbi	WP_252029529.1	ARO:3007966	Perfect
ncbi	WP_252462726.1	ARO:3007926	Perfect
ncbi	WP_252649526.1	ARO:3008688	Perfect
ncbi	WP_252655163.1	ARO:3008433	Perfect
ncbi	WP_252944138.1	ARO:3007433	Perfect
ncbi	WP_253114439.1	ARO:3008528	Perfect
ncbi	WP_253147258.1	ARO:3008530	Perfect
ncbi	WP_253282916.1	ARO:3007650	Perfect
ncbi	WP_253892094.1	ARO:3008258	Perfect
ncbi	WP_254205601.1	ARO:3008144	Perfect
ncbi	WP_254887308.1	ARO:3008394	Strict
ncbi	WP_254888401.1	ARO:3008394	Strict
ncbi	WP_256823972.1	ARO:3007821	Perfect
ncbi	WP_256875591.1	ARO:3007983	Perfect
ncbi	WP_256875592.1	ARO:3007988	Perfect
ncbi	WP_256875593.1	ARO:3007989	Perfect
ncbi	WP_256875594.1	ARO:3007990	Perfect
ncbi	WP_256875595.1	ARO:3007991	Perfect
ncbi	WP_256875596.1	ARO:3007992	Perfect
ncbi	WP_256875597.1	ARO:3007993	Perfect
ncbi	WP_256875598.1	ARO:3007997	Perfect
ncbi	WP_256875599.1	ARO:3007998	Perfect
ncbi	WP_256875600.1	ARO:3008115	Perfect
ncbi	WP_256875601.1	ARO:3008142	Perfect
ncbi	WP_256875602.1	ARO:3008143	Perfect
ncbi	WP_256875603.1	ARO:3008198	Perfect
ncbi	WP_256875604.1	ARO:3008259	Perfect
ncbi	WP_256875605.1	ARO:3007220	Perfect
ncbi	WP_256875606.1	ARO:3007848	Perfect
ncbi	WP_256875607.1	ARO:3008471	Perfect
ncbi	WP_256875608.1	ARO:3008505	Perfect
ncbi	WP_256875609.1	ARO:3008537	Perfect
ncbi	WP_256875610.1	ARO:3008538	Perfect
ncbi	WP_256875611.1	ARO:3008539	Perfect
ncbi	WP_256875612.1	ARO:3008540	Perfect
ncbi	WP_256875613.1	ARO:3008541	Perfect
ncbi	WP_256875614.1	ARO:3008544	Perfect
ncbi	WP_256875615.1	ARO:3008546	Perfect
ncbi	WP_256875616.1	ARO:3008548	Perfect
ncbi	WP_256875617.1	ARO:3008552	Perfect
ncbi	WP_256875618.1	ARO:3008554	Perfect
ncbi	WP_256875619.1	ARO:3008555	Perfect
ncbi	WP_256875620.1	ARO:3008556	Perfect
ncbi	WP_256875621.1	ARO:3008557	Perfect
ncbi	WP_256875622.1	ARO:3008726	Perfect
ncbi	WP_256875623.1	ARO:3008788	Perfect
ncbi	WP_256875624.1	ARO:3008790	Perfect
ncbi	WP_256875625.1	ARO:3008799	Perfect
ncbi	WP_256875626.1	ARO:3008816	Perfect
ncbi	WP_256875627.1	ARO:3008866	Perfect
ncbi	WP_256875628.1	ARO:3008867	Perfect
ncbi	WP_256875629.1	ARO:3008868	Perfect
ncbi	WP_256875630.1	ARO:3008869	Perfect
ncbi	WP_256875631.1	ARO:3008870	Perfect
ncbi	WP_256875632.1	ARO:3008871	Perfect
ncbi	WP_256875633.1	ARO:3008872	Perfect
ncbi	WP_256875634.1	ARO:3008874	Perfect
ncbi	WP_256875635.1	ARO:3007451	Perfect
ncbi	WP_257102135.1	ARO:3008145	Perfect
ncbi	WP_257102136.1	ARO:3007833	Perfect
ncbi	WP_257102137.1	ARO:3008260	Perfect
ncbi	WP_257102138.1	ARO:3008261	Perfect
ncbi	WP_257394578.1	ARO:3007999	Perfect
ncbi	WP_257394579.1	ARO:3008184	Perfect
ncbi	WP_257394580.1	ARO:3008240	Perfect
ncbi	WP_257394581.1	ARO:3008241	Perfect
ncbi	WP_257394582.1	ARO:3008559	Perfect
ncbi	WP_257394583.1	ARO:3008560	Perfect
ncbi	WP_257394584.1	ARO:3008563	Perfect
ncbi	WP_257394585.1	ARO:3008877	Perfect
ncbi	WP_257697591.1	ARO:3007254	Strict
ncbi	WP_258164747.1	ARO:3007818	Perfect
ncbi	WP_258885795.1	ARO:3008395	Perfect
ncbi	WP_259115967.1	ARO:3008283	Perfect
ncbi	WP_259363839.1	ARO:3007927	Perfect
ncbi	WP_260543444.1	ARO:3007437	Perfect
ncbi	WP_260890415.1	ARO:3007822	Perfect
ncbi	WP_261470340.1	ARO:3008022	Perfect
ncbi	WP_261479309.1	ARO:3008035	Perfect
ncbi	WP_262093836.1	ARO:3008031	Perfect
ncbi	WP_262451630.1	ARO:3008532	Perfect
ncbi	WP_262697082.1	ARO:3007204	Perfect
ncbi	WP_262697121.1	ARO:3008001	Perfect
ncbi	WP_262697122.1	ARO:3008146	Perfect
ncbi	WP_262697123.1	ARO:3008147	Perfect
ncbi	WP_262697125.1	ARO:3008182	Perfect
ncbi	WP_262697126.1	ARO:3007834	Perfect
ncbi	WP_262697127.1	ARO:3008192	Perfect
ncbi	WP_262697128.1	ARO:3008223	Perfect
ncbi	WP_262697129.1	ARO:3008231	Perfect
ncbi	WP_262697130.1	ARO:3007857	Perfect
ncbi	WP_262697131.1	ARO:3007844	Perfect
ncbi	WP_262697133.1	ARO:3008264	Perfect
ncbi	WP_262697134.1	ARO:3008265	Perfect
ncbi	WP_262697135.1	ARO:3008266	Perfect
ncbi	WP_262697136.1	ARO:3008267	Perfect
ncbi	WP_262697137.1	ARO:3008268	Perfect
ncbi	WP_262697138.1	ARO:3008269	Perfect
ncbi	WP_262697139.1	ARO:3008270	Perfect
ncbi	WP_262697140.1	ARO:3007452	Perfect
ncbi	WP_262697141.1	ARO:3008385	Perfect
ncbi	WP_262697142.1	ARO:3007443	Perfect
ncbi	WP_262697143.1	ARO:3008564	Perfect
ncbi	WP_262697144.1	ARO:3008565	Perfect
ncbi	WP_262697145.1	ARO:3008566	Perfect
ncbi	WP_262697150.1	ARO:3008569	Perfect
ncbi	WP_262697184.1	ARO:3008878	Perfect
ncbi	WP_262697185.1	ARO:3008879	Perfect
ncbi	WP_262697187.1	ARO:3008880	Perfect
ncbi	WP_262697188.1	ARO:3009024	Perfect
ncbi	WP_262697189.1	ARO:3009025	Perfect
ncbi	WP_262697192.1	ARO:3009067	Perfect
ncbi	WP_262697193.1	ARO:3009068	Perfect
ncbi	WP_262697194.1	ARO:3009083	Perfect
ncbi	WP_262697195.1	ARO:3007820	Perfect
ncbi	WP_262761957.1	ARO:3007118	Perfect
ncbi	WP_262961480.1	ARO:3008912	Perfect
ncbi	WP_263096442.1	ARO:3008600	Perfect
ncbi	WP_263598085.1	ARO:3008148	Perfect
ncbi	WP_264254632.1	ARO:3008274	Perfect
ncbi	WP_265432541.1	ARO:3008327	Perfect
ncbi	WP_265760908.1	ARO:3001708	Perfect
ncbi	WP_265929472.1	ARO:3009061	Perfect
ncbi	WP_268871842.1	ARO:3007113	Perfect
ncbi	WP_268871843.1	ARO:3007963	Perfect
ncbi	WP_268871844.1	ARO:3007964	Perfect
ncbi	WP_268871845.1	ARO:3008002	Perfect
ncbi	WP_268871846.1	ARO:3008006	Perfect
ncbi	WP_268871847.1	ARO:3008109	Perfect
ncbi	WP_268871848.1	ARO:3008121	Perfect
ncbi	WP_268871850.1	ARO:3007835	Perfect
ncbi	WP_268871851.1	ARO:3008224	Perfect
ncbi	WP_268871852.1	ARO:3008229	Perfect
ncbi	WP_268871853.1	ARO:3008271	Perfect
ncbi	WP_268871854.1	ARO:3008272	Perfect
ncbi	WP_268871855.1	ARO:3008273	Perfect
ncbi	WP_268871856.1	ARO:3008277	Perfect
ncbi	WP_268871857.1	ARO:3008279	Perfect
ncbi	WP_268871858.1	ARO:3008386	Perfect
ncbi	WP_268871859.1	ARO:3008387	Perfect
ncbi	WP_268871860.1	ARO:3008388	Perfect
ncbi	WP_268871861.1	ARO:3008389	Perfect
ncbi	WP_268871862.1	ARO:3007444	Perfect
ncbi	WP_268871863.1	ARO:3007445	Perfect
ncbi	WP_268871864.1	ARO:3007447	Perfect
ncbi	WP_268871865.1	ARO:3008396	Perfect
ncbi	WP_268871866.1	ARO:3008572	Perfect
ncbi	WP_268871867.1	ARO:3008573	Perfect
ncbi	WP_268871868.1	ARO:3008574	Perfect
ncbi	WP_268871869.1	ARO:3008575	Perfect
ncbi	WP_268871870.1	ARO:3008576	Perfect
ncbi	WP_268871871.1	ARO:3008582	Perfect
ncbi	WP_268871872.1	ARO:3008583	Perfect
ncbi	WP_268871873.1	ARO:3008586	Perfect
ncbi	WP_268871874.1	ARO:3008587	Perfect
ncbi	WP_268871875.1	ARO:3008588	Perfect
ncbi	WP_268871876.1	ARO:3008589	Perfect
ncbi	WP_268871877.1	ARO:3008590	Perfect
ncbi	WP_268871878.1	ARO:3008591	Perfect
ncbi	WP_268871879.1	ARO:3008593	Perfect
ncbi	WP_268871880.1	ARO:3008594	Perfect
ncbi	WP_268871881.1	ARO:3008595	Perfect
ncbi	WP_268871882.1	ARO:3008596	Perfect
ncbi	WP_268871884.1	ARO:3008881	Perfect
ncbi	WP_268871885.1	ARO:3008883	Perfect
ncbi	WP_268871888.1	ARO:3009049	Perfect
ncbi	WP_268871889.1	ARO:3009050	Perfect
ncbi	WP_271147295.1	ARO:3008162	Perfect
ncbi	WP_272236549.1	ARO:3008030	Perfect
ncbi	WP_272247217.1	ARO:3008017	Perfect
ncbi	WP_272267218.1	ARO:3008015	Perfect
ncbi	WP_272273772.1	ARO:3008026	Perfect
ncbi	WP_272276659.1	ARO:3008034	Perfect
ncbi	WP_272284684.1	ARO:3008029	Perfect
ncbi	WP_272289597.1	ARO:3008042	Perfect
ncbi	WP_272290549.1	ARO:3008024	Perfect
ncbi	WP_272291558.1	ARO:3008037	Perfect
ncbi	WP_272291658.1	ARO:3008032	Perfect
ncbi	WP_272305010.1	ARO:3008041	Perfect
ncbi	WP_272307067.1	ARO:3008014	Perfect
ncbi	WP_272311194.1	ARO:3008028	Perfect
ncbi	WP_272312953.1	ARO:3008039	Perfect
ncbi	WP_272315880.1	ARO:3008036	Perfect
ncbi	WP_272321894.1	ARO:3008043	Perfect
ncbi	WP_272326044.1	ARO:3008019	Perfect
ncbi	WP_272333251.1	ARO:3008023	Perfect
ncbi	WP_272357959.1	ARO:3008040	Perfect
ncbi	WP_272359117.1	ARO:3008033	Perfect
ncbi	WP_272372047.1	ARO:3008016	Perfect
ncbi	WP_272389475.1	ARO:3008027	Perfect
ncbi	WP_274293082.1	ARO:3007695	Perfect
ncbi	WP_274293083.1	ARO:3008239	Perfect
ncbi	WP_274293084.1	ARO:3008281	Perfect
ncbi	WP_274293085.1	ARO:3008282	Perfect
ncbi	WP_274293086.1	ARO:3008397	Perfect
ncbi	WP_274293087.1	ARO:3008398	Perfect
ncbi	WP_274293088.1	ARO:3008597	Perfect
ncbi	WP_274293089.1	ARO:3008598	Perfect
ncbi	WP_274293090.1	ARO:3008601	Perfect
ncbi	WP_274293091.1	ARO:3008885	Perfect
ncbi	WP_274293092.1	ARO:3008886	Perfect
ncbi	WP_274293093.1	ARO:3007823	Perfect
ncbi	WP_274375789.1	ARO:3008227	Perfect
ncbi	WP_274375790.1	ARO:3008226	Perfect
ncbi	WP_274375791.1	ARO:3008887	Perfect
ncbi	WP_274375792.1	ARO:3008888	Perfect
ncbi	WP_274375793.1	ARO:3008889	Perfect
ncbi	WP_274858813.1	ARO:3008008	Perfect
ncbi	WP_274945001.1	ARO:3001692	Strict
ncbi	WP_275573817.1	ARO:3008625	Perfect
ncbi	WP_275802705.1	ARO:3008894	Perfect
ncbi	WP_277857067.1	ARO:3009027	Perfect
ncbi	WP_277915723.1	ARO:3001413	Strict
ncbi	WP_279240765.1	ARO:3007896	Perfect
ncbi	WP_279240766.1	ARO:3007899	Perfect
ncbi	WP_279240767.1	ARO:3007900	Perfect
ncbi	WP_279240768.1	ARO:3007901	Perfect
ncbi	WP_279240769.1	ARO:3008009	Perfect
ncbi	WP_279240770.1	ARO:3008010	Perfect
ncbi	WP_279240771.1	ARO:3008176	Perfect
ncbi	WP_279240772.1	ARO:3008179	Perfect
ncbi	WP_279240773.1	ARO:3008185	Perfect
ncbi	WP_279240774.1	ARO:3008225	Perfect
ncbi	WP_279240775.1	ARO:3008262	Perfect
ncbi	WP_279240776.1	ARO:3008285	Perfect
ncbi	WP_279240777.1	ARO:3008286	Perfect
ncbi	WP_279240778.1	ARO:3008287	Perfect
ncbi	WP_279240779.1	ARO:3008288	Perfect
ncbi	WP_279240780.1	ARO:3008289	Perfect
ncbi	WP_279240781.1	ARO:3008290	Perfect
ncbi	WP_279240782.1	ARO:3008291	Perfect
ncbi	WP_279240783.1	ARO:3008292	Perfect
ncbi	WP_279240784.1	ARO:3008293	Perfect
ncbi	WP_279240785.1	ARO:3008399	Perfect
ncbi	WP_279240786.1	ARO:3008400	Perfect
ncbi	WP_279240787.1	ARO:3008401	Perfect
ncbi	WP_279240788.1	ARO:3008402	Perfect
ncbi	WP_279240789.1	ARO:3008403	Perfect
ncbi	WP_279240790.1	ARO:3008506	Perfect
ncbi	WP_279240791.1	ARO:3008527	Perfect
ncbi	WP_279240792.1	ARO:3008529	Perfect
ncbi	WP_279240793.1	ARO:3008531	Perfect
ncbi	WP_279240794.1	ARO:3008533	Perfect
ncbi	WP_279240795.1	ARO:3008534	Perfect
ncbi	WP_279240796.1	ARO:3008602	Perfect
ncbi	WP_279240797.1	ARO:3008603	Perfect
ncbi	WP_279240798.1	ARO:3008610	Perfect
ncbi	WP_279240799.1	ARO:3008860	Perfect
ncbi	WP_279240800.1	ARO:3008890	Perfect
ncbi	WP_279240801.1	ARO:3008891	Perfect
ncbi	WP_279240802.1	ARO:3008892	Perfect
ncbi	WP_279240803.1	ARO:3008895	Perfect
ncbi	WP_279240804.1	ARO:3008896	Perfect
ncbi	WP_279240805.1	ARO:3008897	Perfect
ncbi	WP_279240806.1	ARO:3008898	Perfect
ncbi	WP_279240807.1	ARO:3008899	Perfect
ncbi	WP_279240808.1	ARO:3009038	Perfect
ncbi	WP_279240809.1	ARO:3009069	Perfect
ncbi	WP_279383145.1	ARO:3008086	Perfect
ncbi	WP_279383146.1	ARO:3008087	Perfect
ncbi	WP_279383147.1	ARO:3008146	Strict
ncbi	WP_279984225.1	ARO:3008048	Perfect
ncbi	WP_280146998.1	ARO:3008405	Perfect
ncbi	WP_280147732.1	ARO:3007694	Perfect
ncbi	WP_280940591.1	ARO:3008404	Perfect
ncbi	WP_281052475.1	ARO:3004695	Strict
ncbi	WP_281441144.1	ARO:3008615	Perfect
ncbi	WP_281461078.1	ARO:3008122	Perfect
ncbi	WP_283624015.1	ARO:3008168	Perfect
ncbi	WP_284495840.1	ARO:3008618	Perfect
ncbi	WP_284957973.1	ARO:3002781	Strict
ncbi	WP_285798245.1	ARO:3008215	Perfect
ncbi	WP_289811733.1	ARO:3004036	Strict
ncbi	WP_289811734.1	ARO:3004035	Strict
ncbi	WP_290468344.1	ARO:3007456	Strict
ncbi	WP_290468345.1	ARO:3008045	Perfect
ncbi	WP_290468346.1	ARO:3008151	Perfect
ncbi	WP_290468347.1	ARO:3008152	Perfect
ncbi	WP_290468348.1	ARO:3008153	Perfect
ncbi	WP_290468349.1	ARO:3008154	Perfect
ncbi	WP_290468350.1	ARO:3008186	Perfect
ncbi	WP_290468351.1	ARO:3008253	Perfect
ncbi	WP_290468352.1	ARO:3008257	Perfect
ncbi	WP_290468353.1	ARO:3008304	Perfect
ncbi	WP_290468354.1	ARO:3008305	Perfect
ncbi	WP_290468355.1	ARO:3008306	Perfect
ncbi	WP_290468356.1	ARO:3008406	Perfect
ncbi	WP_290468357.1	ARO:3008407	Perfect
ncbi	WP_290468358.1	ARO:3008612	Perfect
ncbi	WP_290468359.1	ARO:3008613	Perfect
ncbi	WP_290468360.1	ARO:3008614	Perfect
ncbi	WP_290468361.1	ARO:3008617	Perfect
ncbi	WP_290468362.1	ARO:3008619	Perfect
ncbi	WP_290468363.1	ARO:3008620	Perfect
ncbi	WP_290468364.1	ARO:3008900	Perfect
ncbi	WP_290468365.1	ARO:3007648	Perfect
ncbi	WP_290468366.1	ARO:3003689	Strict
ncbi	WP_304486997.1	ARO:3008047	Perfect
ncbi	WP_304486998.1	ARO:3008080	Perfect
ncbi	WP_304486999.1	ARO:3008155	Perfect
ncbi	WP_304487000.1	ARO:3008284	Perfect
ncbi	WP_304487001.1	ARO:3008308	Perfect
ncbi	WP_304487002.1	ARO:3008309	Perfect
ncbi	WP_304487003.1	ARO:3008310	Perfect
ncbi	WP_304487004.1	ARO:3008621	Perfect
ncbi	WP_304487005.1	ARO:3008622	Perfect
ncbi	WP_304487006.1	ARO:3008623	Perfect
ncbi	WP_304487007.1	ARO:3008901	Perfect
ncbi	WP_304487008.1	ARO:3008902	Perfect
ncbi	WP_304487009.1	ARO:3008903	Perfect
ncbi	WP_304487010.1	ARO:3008904	Perfect
ncbi	WP_304487011.1	ARO:3008905	Perfect
ncbi	WP_304487012.1	ARO:3008906	Perfect
ncbi	WP_304487013.1	ARO:3008907	Perfect
ncbi	WP_304487014.1	ARO:3008908	Perfect
ncbi	WP_304487015.1	ARO:3008909	Perfect
ncbi	WP_304487016.1	ARO:3008910	Perfect
ncbi	WP_305449896.1	ARO:3008324	Perfect
ncbi	WP_308926360.1	ARO:3008098	Perfect
ncbi	WP_309258826.1	ARO:3008616	Perfect
ncbi	WP_309367897.1	ARO:3008280	Perfect
ncbi	WP_311033290.1	ARO:3002521	Strict
ncbi	WP_311033291.1	ARO:3002521	Strict
ncbi	WP_311033292.1	ARO:3002519	Strict
ncbi	WP_311033293.1	ARO:3002521	Strict
ncbi	WP_311033294.1	ARO:3002521	Strict
ncbi	WP_311033297.1	ARO:3007902	Perfect
ncbi	WP_311033298.1	ARO:3007903	Perfect
ncbi	WP_311033299.1	ARO:3007904	Perfect
ncbi	WP_311033300.1	ARO:3007905	Perfect
ncbi	WP_311033301.1	ARO:3007906	Perfect
ncbi	WP_311033302.1	ARO:3008049	Perfect
ncbi	WP_311033303.1	ARO:3008050	Perfect
ncbi	WP_311033304.1	ARO:3008051	Perfect
ncbi	WP_311033305.1	ARO:3008169	Perfect
ncbi	WP_311033306.1	ARO:3008217	Perfect
ncbi	WP_311033307.1	ARO:3008296	Perfect
ncbi	WP_311033308.1	ARO:3008311	Perfect
ncbi	WP_311033309.1	ARO:3008312	Perfect
ncbi	WP_311033310.1	ARO:3008313	Perfect
ncbi	WP_311033311.1	ARO:3008315	Perfect
ncbi	WP_311033312.1	ARO:3008316	Perfect
ncbi	WP_311033313.1	ARO:3008317	Perfect
ncbi	WP_311033314.1	ARO:3008318	Perfect
ncbi	WP_311033315.1	ARO:3008408	Perfect
ncbi	WP_311033316.1	ARO:3008624	Perfect
ncbi	WP_311033317.1	ARO:3008626	Perfect
ncbi	WP_311033318.1	ARO:3008627	Perfect
ncbi	WP_311033319.1	ARO:3008628	Perfect
ncbi	WP_311033320.1	ARO:3008629	Perfect
ncbi	WP_311033321.1	ARO:3008630	Perfect
ncbi	WP_311033322.1	ARO:3008911	Perfect
ncbi	WP_311033323.1	ARO:3008913	Perfect
ncbi	WP_311033324.1	ARO:3008914	Perfect
ncbi	WP_311033325.1	ARO:3008915	Perfect
ncbi	WP_311033326.1	ARO:3008916	Perfect
ncbi	WP_311033327.1	ARO:3008917	Perfect
ncbi	WP_311033328.1	ARO:3008918	Perfect
ncbi	WP_311033329.1	ARO:3008920	Perfect
ncbi	WP_311033330.1	ARO:3008921	Perfect
ncbi	WP_311033331.1	ARO:3008922	Perfect
ncbi	WP_311033332.1	ARO:3003689	Strict
ncbi	WP_311033333.1	ARO:3007231	Strict
ncbi	WP_311033334.1	ARO:3004332	Strict
ncbi	WP_311055936.1	ARO:3008657	Perfect
ncbi	WP_311917963.1	ARO:3008668	Perfect
ncbi	WP_316472302.1	ARO:3008323	Perfect
ncbi	WP_318245543.1	ARO:3008083	Perfect
ncbi	WP_318245544.1	ARO:3008157	Perfect
ncbi	WP_318245545.1	ARO:3008158	Perfect
ncbi	WP_318245546.1	ARO:3008171	Perfect
ncbi	WP_318245547.1	ARO:3008263	Perfect
ncbi	WP_318245548.1	ARO:3008294	Perfect
ncbi	WP_318245549.1	ARO:3008302	Perfect
ncbi	WP_318245550.1	ARO:3008319	Perfect
ncbi	WP_318245551.1	ARO:3008320	Perfect
ncbi	WP_318245552.1	ARO:3008321	Perfect
ncbi	WP_318245553.1	ARO:3008322	Perfect
ncbi	WP_318245554.1	ARO:3008633	Perfect
ncbi	WP_318245555.1	ARO:3007490	Perfect
ncbi	WP_319861626.1	ARO:3005470	Strict
ncbi	WP_319877346.1	ARO:3008208	Perfect
ncbi	WP_320700915.1	ARO:3007918	Strict
ncbi	WP_320724323.1	ARO:3007894	Strict
ncbi	WP_320734326.1	ARO:3008212	Perfect
ncbi	WP_320735136.1	ARO:3008213	Perfect
ncbi	WP_321088985.1	ARO:3008671	Perfect
ncbi	WP_321091447.1	ARO:3008673	Perfect
ncbi	WP_321093950.1	ARO:3008672	Perfect
ncbi	WP_321097101.1	ARO:3008670	Perfect
ncbi	WP_321140136.1	ARO:3008326	Perfect
ncbi	WP_321981483.1	ARO:3008054	Perfect
ncbi	WP_321993619.1	ARO:3008055	Perfect
ncbi	WP_322263690.1	ARO:3008159	Perfect
ncbi	WP_322881141.1	ARO:3009032	Perfect
ncbi	WP_322972495.1	ARO:3008328	Perfect
ncbi	WP_323579967.1	ARO:3008188	Perfect
ncbi	WP_328703054.1	ARO:3008056	Perfect
ncbi	WP_328703055.1	ARO:3008125	Perfect
ncbi	WP_328703056.1	ARO:3008137	Perfect
ncbi	WP_328703057.1	ARO:3008139	Perfect
ncbi	WP_328703058.1	ARO:3008216	Perfect
ncbi	WP_328703059.1	ARO:3008275	Perfect
ncbi	WP_328703060.1	ARO:3008276	Perfect
ncbi	WP_328703061.1	ARO:3008278	Perfect
ncbi	WP_328703062.1	ARO:3008325	Perfect
ncbi	WP_328703063.1	ARO:3008329	Perfect
ncbi	WP_328703064.1	ARO:3008330	Perfect
ncbi	WP_328703065.1	ARO:3008331	Perfect
ncbi	WP_328703066.1	ARO:3008585	Perfect
ncbi	WP_328703067.1	ARO:3008635	Perfect
ncbi	WP_328703068.1	ARO:3008924	Perfect
ncbi	WP_328703069.1	ARO:3008925	Perfect
ncbi	WP_328703070.1	ARO:3008926	Perfect
ncbi	WP_328703071.1	ARO:3008927	Perfect
ncbi	WP_328703072.1	ARO:3008928	Perfect
ncbi	WP_328703073.1	ARO:3009052	Perfect
ncbi	WP_328703074.1	ARO:3009053	Perfect
ncbi	WP_328703075.1	ARO:3009054	Perfect
ncbi	WP_328703076.1	ARO:3009055	Perfect
ncbi	WP_328703077.1	ARO:3009056	Perfect
ncbi	WP_328703078.1	ARO:3009057	Perfect
ncbi	WP_328703079.1	ARO:3009058	Perfect
ncbi	WP_328703080.1	ARO:3009060	Perfect
ncbi	WP_328703081.1	ARO:3009062	Perfect
ncbi	WP_328703082.1	ARO:3009085	Perfect
ncbi	WP_331706252.1	ARO:3008705	Perfect
ncbi	WP_333043301.1	ARO:3007928	Perfect
ncbi	WP_333169117.1	ARO:3007929	Perfect
ncbi	WP_334264835.1	ARO:3008059	Perfect
ncbi	WP_334377767.1	ARO:3008647	Perfect
ncbi	WP_336187019.1	ARO:3008411	Perfect
ncbi	WP_336433394.1	ARO:3008333	Perfect
ncbi	WP_336433450.1	ARO:3008336	Perfect
ncbi	WP_336433517.1	ARO:3008337	Perfect
ncbi	WP_336434105.1	ARO:3008334	Perfect
ncbi	WP_336464807.1	ARO:3008335	Perfect
ncbi	WP_338373280.1	ARO:3007861	Perfect
ncbi	WP_338424097.1	ARO:3008061	Perfect
ncbi	WP_338424098.1	ARO:3008062	Perfect
ncbi	WP_338424099.1	ARO:3008063	Perfect
ncbi	WP_338424100.1	ARO:3008123	Perfect
ncbi	WP_338424101.1	ARO:3008228	Perfect
ncbi	WP_338424102.1	ARO:3008295	Perfect
ncbi	WP_338424103.1	ARO:3008297	Perfect
ncbi	WP_338424104.1	ARO:3008298	Perfect
ncbi	WP_338424105.1	ARO:3008299	Perfect
ncbi	WP_338424106.1	ARO:3008300	Perfect
ncbi	WP_338424107.1	ARO:3008301	Perfect
ncbi	WP_338424108.1	ARO:3008303	Perfect
ncbi	WP_338424109.1	ARO:3008332	Perfect
ncbi	WP_338424110.1	ARO:3008338	Perfect
ncbi	WP_338424111.1	ARO:3008409	Perfect
ncbi	WP_338424112.1	ARO:3008410	Perfect
ncbi	WP_338424113.1	ARO:3008412	Perfect
ncbi	WP_338424114.1	ARO:3008413	Perfect
ncbi	WP_338424115.1	ARO:3008636	Perfect
ncbi	WP_338424116.1	ARO:3008637	Perfect
ncbi	WP_338424117.1	ARO:3008638	Perfect
ncbi	WP_338424118.1	ARO:3008639	Perfect
ncbi	WP_338424119.1	ARO:3008640	Perfect
ncbi	WP_338424120.1	ARO:3008641	Perfect
ncbi	WP_338424121.1	ARO:3008642	Perfect
ncbi	WP_338424122.1	ARO:3008643	Perfect
ncbi	WP_338424123.1	ARO:3008644	Perfect
ncbi	WP_338424124.1	ARO:3008645	Perfect
ncbi	WP_338424125.1	ARO:3008646	Perfect
ncbi	WP_338424126.1	ARO:3008648	Perfect
ncbi	WP_338424127.1	ARO:3008649	Perfect
ncbi	WP_338424128.1	ARO:3008650	Perfect
ncbi	WP_338424129.1	ARO:3008929	Perfect
ncbi	WP_338424130.1	ARO:3008930	Perfect
ncbi	WP_338424131.1	ARO:3008931	Perfect
ncbi	WP_338424132.1	ARO:3008932	Perfect
ncbi	WP_338424133.1	ARO:3008933	Perfect
ncbi	WP_338424134.1	ARO:3008934	Perfect
ncbi	WP_338424135.1	ARO:3008935	Perfect
ncbi	WP_338424136.1	ARO:3008936	Perfect
ncbi	WP_338424137.1	ARO:3008937	Perfect
ncbi	WP_338424138.1	ARO:3008938	Perfect
ncbi	WP_338424139.1	ARO:3008939	Perfect
ncbi	WP_338424140.1	ARO:3009044	Perfect
ncbi	WP_338424141.1	ARO:3009086	Perfect
ncbi	WP_338424142.1	ARO:3007824	Perfect
ncbi	WP_340638818.1	ARO:3008940	Perfect
ncbi	WP_340638819.1	ARO:3008941	Perfect
ncbi	WP_340638820.1	ARO:3008942	Perfect
ncbi	WP_340638821.1	ARO:3008943	Perfect
ncbi	WP_340638822.1	ARO:3008945	Perfect
ncbi	WP_340638823.1	ARO:3008946	Perfect
ncbi	WP_340638824.1	ARO:3008947	Perfect
ncbi	WP_346819020.1	ARO:3009090	Perfect
ncbi	WP_348866574.1	ARO:3008346	Perfect
ncbi	WP_353798104.1	ARO:3008089	Strict
ncbi	WP_355410643.1	ARO:3009071	Perfect
ncbi	WP_367086563.1	ARO:3008689	Perfect
ncbi	WP_367187910.1	ARO:3007908	Perfect
ncbi	WP_367187911.1	ARO:3007930	Perfect
ncbi	WP_367187912.1	ARO:3007931	Perfect
ncbi	WP_367187913.1	ARO:3007932	Perfect
ncbi	WP_367187914.1	ARO:3007933	Perfect
ncbi	WP_367187915.1	ARO:3007934	Perfect
ncbi	WP_367187916.1	ARO:3007935	Perfect
ncbi	WP_367187917.1	ARO:3007936	Perfect
ncbi	WP_367187918.1	ARO:3007937	Perfect
ncbi	WP_367187919.1	ARO:3007938	Perfect
ncbi	WP_367187920.1	ARO:3007939	Perfect
ncbi	WP_367187921.1	ARO:3007940	Perfect
ncbi	WP_367187922.1	ARO:3007941	Perfect
ncbi	WP_367187923.1	ARO:3007942	Perfect
ncbi	WP_367187924.1	ARO:3007943	Perfect
ncbi	WP_367187925.1	ARO:3007944	Perfect
ncbi	WP_367187926.1	ARO:3007945	Perfect
ncbi	WP_367187927.1	ARO:3007946	Perfect
ncbi	WP_367187928.1	ARO:3007947	Perfect
ncbi	WP_367187929.1	ARO:3007948	Perfect
ncbi	WP_367187930.1	ARO:3007949	Perfect
ncbi	WP_367187931.1	ARO:3007950	Perfect
ncbi	WP_367187932.1	ARO:3007951	Perfect
ncbi	WP_367187933.1	ARO:3007952	Perfect
ncbi	WP_367187934.1	ARO:3007953	Perfect
ncbi	WP_367187935.1	ARO:3007954	Perfect
ncbi	WP_367187936.1	ARO:3007955	Perfect
ncbi	WP_367187937.1	ARO:3007956	Perfect
ncbi	WP_367187938.1	ARO:3007957	Perfect
ncbi	WP_367187939.1	ARO:3008072	Perfect
ncbi	WP_367187940.1	ARO:3008089	Strict
ncbi	WP_367187941.1	ARO:3008090	Strict
ncbi	WP_367187942.1	ARO:3008102	Perfect
ncbi	WP_367187943.1	ARO:3008103	Perfect
ncbi	WP_367187944.1	ARO:3008104	Perfect
ncbi	WP_367187945.1	ARO:3008105	Perfect
ncbi	WP_367187946.1	ARO:3008106	Perfect
ncbi	WP_367187947.1	ARO:3008107	Perfect
ncbi	WP_367187948.1	ARO:3008187	Perfect
ncbi	WP_367187949.1	ARO:3008339	Perfect
ncbi	WP_367187950.1	ARO:3008340	Perfect
ncbi	WP_367187951.1	ARO:3008341	Perfect
ncbi	WP_367187952.1	ARO:3008342	Perfect
ncbi	WP_367187953.1	ARO:3008343	Perfect
ncbi	WP_367187954.1	ARO:3008344	Perfect
ncbi	WP_367187955.1	ARO:3008345	Perfect
ncbi	WP_367187956.1	ARO:3008347	Perfect
ncbi	WP_367187957.1	ARO:3008375	Perfect
ncbi	WP_367187958.1	ARO:3008378	Perfect
ncbi	WP_367187959.1	ARO:3008379	Perfect
ncbi	WP_367187960.1	ARO:3008380	Perfect
ncbi	WP_367187961.1	ARO:3008381	Perfect
ncbi	WP_367187962.1	ARO:3008382	Perfect
ncbi	WP_367187963.1	ARO:3008414	Perfect
ncbi	WP_367187964.1	ARO:3008415	Perfect
ncbi	WP_367187965.1	ARO:3008651	Perfect
ncbi	WP_367187966.1	ARO:3008652	Perfect
ncbi	WP_367187967.1	ARO:3008653	Perfect
ncbi	WP_367187968.1	ARO:3008654	Perfect
ncbi	WP_367187969.1	ARO:3008658	Perfect
ncbi	WP_367187970.1	ARO:3008659	Perfect
ncbi	WP_367187971.1	ARO:3008661	Perfect
ncbi	WP_367187972.1	ARO:3008666	Perfect
ncbi	WP_367187973.1	ARO:3008667	Perfect
ncbi	WP_367187974.1	ARO:3008948	Perfect
ncbi	WP_367187975.1	ARO:3009033	Perfect
ncbi	WP_367187976.1	ARO:3009034	Perfect
ncbi	WP_367187977.1	ARO:3001077	Perfect
ncbi	WP_367187978.1	ARO:3009064	Perfect
ncbi	WP_367187979.1	ARO:3001065	Perfect
ncbi	WP_367187980.1	ARO:3001138	Perfect
ncbi	WP_367187981.1	ARO:3002720	Strict
ncbi	WP_367187982.1	ARO:3004636	Strict
ncbi	WP_367187983.1	ARO:3004636	Strict
ncbi	WP_368038732.1	ARO:3008949	Perfect
ncbi	WP_368780598.1	ARO:3008191	Perfect
ncbi	WP_369462156.1	ARO:3002724	Strict
ncbi	WP_373610049.1	ARO:3009076	Perfect
ncbi	WP_373639220.1	ARO:3009074	Perfect
ncbi	WP_375516050.1	ARO:3008064	Perfect
ncbi	WP_375516051.1	ARO:3008065	Perfect
ncbi	WP_375516052.1	ARO:3008067	Perfect
ncbi	WP_375516053.1	ARO:3008068	Perfect
ncbi	WP_375516054.1	ARO:3008077	Perfect
ncbi	WP_375516055.1	ARO:3008160	Perfect
ncbi	WP_375516056.1	ARO:3008161	Perfect
ncbi	WP_375516057.1	ARO:3008189	Perfect
ncbi	WP_375516058.1	ARO:3008218	Perfect
ncbi	WP_375516059.1	ARO:3008314	Perfect
ncbi	WP_375516060.1	ARO:3008348	Perfect
ncbi	WP_375516061.1	ARO:3008349	Perfect
ncbi	WP_375516062.1	ARO:3008350	Perfect
ncbi	WP_375516063.1	ARO:3008416	Perfect
ncbi	WP_375516064.1	ARO:3008417	Perfect
ncbi	WP_375516065.1	ARO:3008631	Perfect
ncbi	WP_375516066.1	ARO:3008675	Perfect
ncbi	WP_375516067.1	ARO:3008676	Perfect
ncbi	WP_375516068.1	ARO:3008687	Perfect
ncbi	WP_375516069.1	ARO:3008690	Perfect
ncbi	WP_375516070.1	ARO:3008692	Perfect
ncbi	WP_375516071.1	ARO:3008693	Perfect
ncbi	WP_375516072.1	ARO:3008701	Perfect
ncbi	WP_375516073.1	ARO:3008706	Perfect
ncbi	WP_375516074.1	ARO:3008707	Perfect
ncbi	WP_375516075.1	ARO:3008709	Perfect
ncbi	WP_375516076.1	ARO:3008710	Perfect
ncbi	WP_375516077.1	ARO:3008711	Perfect
ncbi	WP_375516078.1	ARO:3008712	Perfect
ncbi	WP_375516079.1	ARO:3008713	Perfect
ncbi	WP_375516080.1	ARO:3001601	Perfect
ncbi	WP_375516081.1	ARO:3008950	Perfect
ncbi	WP_375516082.1	ARO:3008951	Perfect
ncbi	WP_375516083.1	ARO:3008952	Perfect
ncbi	WP_375516084.1	ARO:3008953	Perfect
ncbi	WP_375516085.1	ARO:3008954	Perfect
ncbi	WP_375516086.1	ARO:3008955	Perfect
ncbi	WP_375516087.1	ARO:3008957	Perfect
ncbi	WP_375516088.1	ARO:3008958	Perfect
ncbi	WP_375516089.1	ARO:3008959	Perfect
ncbi	WP_375516090.1	ARO:3008961	Perfect
ncbi	WP_375516091.1	ARO:3008962	Perfect
ncbi	WP_375516092.1	ARO:3008963	Perfect
ncbi	WP_375516093.1	ARO:3008964	Perfect
ncbi	WP_375516094.1	ARO:3008965	Perfect
ncbi	WP_375516095.1	ARO:3008966	Perfect
ncbi	WP_375516096.1	ARO:3008968	Perfect
ncbi	WP_375516097.1	ARO:3008969	Perfect
ncbi	WP_375516098.1	ARO:3008971	Perfect
ncbi	WP_375516099.1	ARO:3008972	Perfect
ncbi	WP_375516100.1	ARO:3008973	Perfect
ncbi	WP_375516101.1	ARO:3008974	Perfect
ncbi	WP_375516102.1	ARO:3008975	Perfect
ncbi	WP_375516103.1	ARO:3008976	Perfect
ncbi	WP_375516104.1	ARO:3008978	Perfect
ncbi	WP_375516105.1	ARO:3008979	Perfect
ncbi	WP_375516106.1	ARO:3008980	Perfect
ncbi	WP_375516107.1	ARO:3008982	Perfect
ncbi	WP_375516108.1	ARO:3008984	Perfect
ncbi	WP_375516109.1	ARO:3008985	Perfect
ncbi	WP_375516110.1	ARO:3008986	Perfect
ncbi	WP_375516111.1	ARO:3009072	Perfect
ncbi	WP_375516112.1	ARO:3009073	Perfect
ncbi	WP_376797688.1	ARO:3008351	Perfect
ncbi	WP_376797689.1	ARO:3008987	Perfect
ncbi	WP_377642835.1	ARO:3009095	Perfect
ncbi	WP_392713123.1	ARO:3008127	Perfect
ncbi	WP_394294888.1	ARO:3008128	Perfect
ncbi	WP_394294889.1	ARO:3008129	Perfect
ncbi	WP_394294890.1	ARO:3008130	Perfect
ncbi	WP_394294891.1	ARO:3008131	Perfect
ncbi	WP_394294892.1	ARO:3008132	Perfect
ncbi	WP_394294893.1	ARO:3008133	Perfect
ncbi	WP_394294894.1	ARO:3008163	Perfect
ncbi	WP_394294895.1	ARO:3008164	Perfect
ncbi	WP_394294896.1	ARO:3008165	Perfect
ncbi	WP_394294897.1	ARO:3008166	Perfect
ncbi	WP_394294898.1	ARO:3008167	Perfect
ncbi	WP_394294899.1	ARO:3008172	Perfect
ncbi	WP_394294900.1	ARO:3008190	Perfect
ncbi	WP_394294901.1	ARO:3008219	Perfect
ncbi	WP_394294902.1	ARO:3008352	Perfect
ncbi	WP_394294903.1	ARO:3008353	Perfect
ncbi	WP_394294904.1	ARO:3008354	Perfect
ncbi	WP_394294905.1	ARO:3008355	Perfect
ncbi	WP_394294906.1	ARO:3008356	Perfect
ncbi	WP_394294907.1	ARO:3008357	Perfect
ncbi	WP_394294908.1	ARO:3008358	Perfect
ncbi	WP_394294909.1	ARO:3008418	Perfect
ncbi	WP_394294910.1	ARO:3008419	Perfect
ncbi	WP_394294911.1	ARO:3008714	Perfect
ncbi	WP_394294912.1	ARO:3008715	Perfect
ncbi	WP_394294913.1	ARO:3008716	Perfect
ncbi	WP_394294914.1	ARO:3008717	Perfect
ncbi	WP_394294915.1	ARO:3008718	Perfect
ncbi	WP_394294916.1	ARO:3008719	Perfect
ncbi	WP_394294917.1	ARO:3009028	Perfect
ncbi	WP_394294918.1	ARO:3009077	Perfect
ncbi	WP_394294919.1	ARO:3009087	Perfect
ncbi	WP_394294920.1	ARO:3009088	Perfect
ncbi	WP_394294921.1	ARO:3009089	Perfect
ncbi	WP_394294922.1	ARO:3009091	Perfect
ncbi	WP_394294923.1	ARO:3009092	Perfect
ncbi	WP_394294924.1	ARO:3009093	Perfect
ncbi	WP_394294925.1	ARO:3009094	Perfect
ncbi	WP_395149790.1	ARO:3002272	Strict
ncbi	WP_405259240.1	ARO:3008260	Strict
ncbi	WP_408906769.1	ARO:3007859	Strict
ncbi	WP_408906770.1	ARO:3002230	Strict
ncbi	WP_408906771.1	ARO:3007102	Strict
ncbi	WP_408906772.1	ARO:3002312	Strict
ncbi	WP_408906773.1	ARO:3000467	Strict
ncbi	WP_408906774.1	ARO:3002357	Strict
ncbi	WP_408906775.1	ARO:3000589	Strict
ncbi	WP_408906776.1	ARO:3000467	Strict
ncbi	WP_408906777.1	ARO:3001558	Strict
ncbi	WP_408906778.1	ARO:3005730	Strict
ncbi	WP_408906779.1	ARO:3005732	Strict
ncbi	WP_408906780.1	ARO:3005730	Strict
ncbi	WP_408906781.1	ARO:3005788	Strict
ncbi	WP_408906782.1	ARO:3005736	Strict
ncbi	WP_408906783.1	ARO:3008757	Strict
ncbi	WP_408906784.1	ARO:3006123	Strict
ncbi	WP_408906785.1	ARO:3008769	Strict
ncbi	WP_408906786.1	ARO:3008756	Strict
ncbi	WP_408906787.1	ARO:3001419	Strict
ncbi	WP_408906788.1	ARO:3005150	Strict
ncbi	WP_408906789.1	ARO:3006908	Strict
ncbi	WP_408906790.1	ARO:3009100	Strict
ncbi	aac(2')-IIa	ARO:3004628	Perfect
ncbi	aac(2')-IIb	ARO:3003988	Perfect
ncbi	aac(2')-Ia	ARO:3002523	Perfect
ncbi	aac(2')-Ib	ARO:3002524	Perfect
ncbi	aac(2')-Ic	ARO:3002525	Perfect
ncbi	aac(2')-Id	ARO:3002526	Perfect
ncbi	aac(2')-Ie	ARO:3002527	Perfect
ncbi	aac(3)-I	ARO:3002528	Strict
ncbi	aac(3)-IIIa	ARO:3002536	Perfect
ncbi	aac(3)-IIIb	ARO:3002537	Perfect
ncbi	aac(3)-IIIc	ARO:3002538	Perfect
ncbi	aac(3)-IIa	ARO:3002533	Perfect
ncbi	aac(3)-IIb	ARO:3002534	Perfect
ncbi	aac(3)-IIc	ARO:3002535	Perfect
ncbi	aac(3)-IId	ARO:3004623	Perfect
ncbi	aac(3)-IIe	ARO:3004621	Perfect
ncbi	aac(3)-IIg	ARO:3005085	Perfect
ncbi	aac(3)-IVa	ARO:3002539	Perfect
ncbi	aac(3)-IXa	ARO:3002543	Perfect
ncbi	aac(3)-Ia	ARO:3002528	Perfect
ncbi	aac(3)-Ib	ARO:3002600	Perfect
ncbi	aac(3)-Ic	ARO:3002531	Perfect
ncbi	aac(3)-Id	ARO:3002529	Perfect
ncbi	aac(3)-VIII	ARO:3002542	Strict
ncbi	aac(3)-VIIIa	ARO:3002542	Perfect
ncbi	aac(3)-VIIa	ARO:3002541	Perfect
ncbi	aac(3)-VIa	ARO:3002540	Perfect
ncbi	aac(3)-Xa	ARO:3002544	Perfect
ncbi	aac(6')-29	ARO:3002584	Strict
ncbi	aac(6')-29a	ARO:3002583	Perfect
ncbi	aac(6')-29b	ARO:3002584	Perfect
ncbi	aac(6')-30	ARO:3002599	Perfect
ncbi	aac(6')-31	ARO:3002585	Strict
ncbi	aac(6')-32	ARO:3002586	Perfect
ncbi	aac(6')-33	ARO:3002587	Perfect
ncbi	aac(6')-I30	ARO:3002588	Perfect
ncbi	aac(6')-IIa	ARO:3002594	Perfect
ncbi	aac(6')-IIb	ARO:3002595	Perfect
ncbi	aac(6')-IIc	ARO:3002596	Perfect
ncbi	aac(6')-IId	ARO:3002598	Perfect
ncbi	aac(6')-Ia	ARO:3002545	Perfect
ncbi	aac(6')-Iaa	ARO:3002571	Perfect
ncbi	aac(6')-Iad	ARO:3002572	Perfect
ncbi	aac(6')-Iae	ARO:3002573	Perfect
ncbi	aac(6')-Iaf	ARO:3002574	Perfect
ncbi	aac(6')-Iag	ARO:3004638	Perfect
ncbi	aac(6')-Iai	ARO:3002575	Perfect
ncbi	aac(6')-Iaj	ARO:3003677	Perfect
ncbi	aac(6')-Iak	ARO:3003199	Perfect
ncbi	aac(6')-Ial	ARO:3002549	Strict
ncbi	aac(6')-Ian	ARO:3003200	Perfect
ncbi	aac(6')-Iap	ARO:3007204	Perfect
ncbi	aac(6')-Ib'	ARO:3002599	Perfect
ncbi	aac(6')-Ib''	ARO:3002600	Perfect
ncbi	aac(6')-Ib-AGKT	ARO:3003676	Strict
ncbi	aac(6')-Ib-AKT	ARO:3002576	Strict
ncbi	aac(6')-Ib-D181Y	ARO:3002576	Strict
ncbi	aac(6')-Ib-G	ARO:3002546	Perfect
ncbi	aac(6')-Ib-K	ARO:3003676	Strict
ncbi	aac(6')-Ib-W104R	ARO:3005115	Strict
ncbi	aac(6')-Ib-cr	ARO:3002547	Perfect
ncbi	aac(6')-Ib-cr10	ARO:3007770	Perfect
ncbi	aac(6')-Ib-cr11	ARO:3007771	Perfect
ncbi	aac(6')-Ib-cr3	ARO:3005112	Perfect
ncbi	aac(6')-Ib-cr4	ARO:3005114	Perfect
ncbi	aac(6')-Ib-cr5	ARO:3005115	Perfect
ncbi	aac(6')-Ib-cr6	ARO:3005116	Perfect
ncbi	aac(6')-Ib-cr7	ARO:3005117	Perfect
ncbi	aac(6')-Ib-cr8	ARO:3005118	Perfect
ncbi	aac(6')-Ib-cr9	ARO:3005119	Perfect
ncbi	aac(6')-Ib-generic	ARO:3002577	Strict
ncbi	aac(6')-Ib11	ARO:3002582	Perfect
ncbi	aac(6')-Ib3	ARO:3002576	Perfect
ncbi	aac(6')-Ib4	ARO:3002577	Perfect
ncbi	aac(6')-Ic	ARO:3002549	Perfect
ncbi	aac(6')-Ie	ARO:3002597	Perfect
ncbi	aac(6')-Ie2	ARO:3004191	Strict
ncbi	aac(6')-If	ARO:3002553	Strict
ncbi	aac(6')-Ig	ARO:3002554	Perfect
ncbi	aac(6')-Ih	ARO:3002555	Perfect
ncbi	aac(6')-Ii	ARO:3002556	Perfect
ncbi	aac(6')-Iid	ARO:3002589	Perfect
ncbi	aac(6')-Iih	ARO:3002590	Perfect
ncbi	aac(6')-Ij	ARO:3002557	Perfect
ncbi	aac(6')-Ik	ARO:3002558	Perfect
ncbi	aac(6')-Il	ARO:3004635	Perfect
ncbi	aac(6')-Im	ARO:3004629	Perfect
ncbi	aac(6')-Ip	ARO:3002559	Strict
ncbi	aac(6')-Iq	ARO:3002560	Perfect
ncbi	aac(6')-Ir	ARO:3002561	Perfect
ncbi	aac(6')-Is	ARO:3002562	Perfect
ncbi	aac(6')-Isa	ARO:3002563	Perfect
ncbi	aac(6')-It	ARO:3002564	Perfect
ncbi	aac(6')-Iu	ARO:3002565	Perfect
ncbi	aac(6')-Iv	ARO:3002566	Perfect
ncbi	aac(6')-Iw	ARO:3002567	Perfect
ncbi	aac(6')-Ix	ARO:3002568	Perfect
ncbi	aac(6')-Iy	ARO:3002569	Perfect
ncbi	aac(6')-Iz	ARO:3002570	Perfect
ncbi	aac(6')-set_A	ARO:3002596	Strict
ncbi	aac(6')-sk	ARO:3002593	Strict
ncbi	aac(6')_Entco	ARO:3002589	Strict
ncbi	aac(6')_Serra	ARO:3002549	Strict
ncbi	aac(6')_Steno	ARO:3007204	Strict
ncbi	aac(6')_Strep	ARO:3002563	Strict
ncbi	aacA-ACI1	ARO:3002554	Strict
ncbi	aacA-ACI2	ARO:3002555	Strict
ncbi	aacA-ACI3	ARO:3002557	Strict
ncbi	aacA-ACI4	ARO:3002558	Strict
ncbi	aacA-ACI5	ARO:3002561	Strict
ncbi	aacA-ACI6	ARO:3002565	Strict
ncbi	aacA-ACI7	ARO:3002567	Strict
ncbi	aacA-ENT1	ARO:3002556	Strict
ncbi	aacA-ENT2	ARO:3002589	Strict
ncbi	aacA-ENT3	ARO:3002590	Strict
ncbi	aacA16	ARO:3002574	Strict
ncbi	aacA32	ARO:3002586	Strict
ncbi	aacA35	ARO:3002594	Strict
ncbi	aacA38	ARO:3002586	Strict
ncbi	aacA40	ARO:3002594	Strict
ncbi	aacA43	ARO:3004641	Perfect
ncbi	aacA47	ARO:3002594	Strict
ncbi	aacA57-2	ARO:3003200	Strict
ncbi	aacA8	ARO:3002585	Strict
ncbi	aadA1	ARO:3002601	Perfect
ncbi	aadA10	ARO:3004692	Perfect
ncbi	aadA11	ARO:3002611	Perfect
ncbi	aadA12	ARO:3002612	Perfect
ncbi	aadA13	ARO:3002613	Perfect
ncbi	aadA14	ARO:3002614	Perfect
ncbi	aadA15	ARO:3002615	Perfect
ncbi	aadA16	ARO:3002616	Perfect
ncbi	aadA17	ARO:3002617	Perfect
ncbi	aadA1bt	ARO:3002601	Strict
ncbi	aadA2	ARO:3002603	Strict
ncbi	aadA21	ARO:3002618	Perfect
ncbi	aadA22	ARO:3002619	Perfect
ncbi	aadA25	ARO:3003197	Perfect
ncbi	aadA27	ARO:3004682	Perfect
ncbi	aadA3	ARO:3002603	Perfect
ncbi	aadA4	ARO:3002604	Perfect
ncbi	aadA5	ARO:3002605	Perfect
ncbi	aadA6	ARO:3002622	Perfect
ncbi	aadA7	ARO:3002607	Perfect
ncbi	aadA8	ARO:3004704	Perfect
ncbi	aadA9	ARO:3002609	Strict
ncbi	aadK	ARO:3002627	Perfect
ncbi	aadS	ARO:3004683	Perfect
ncbi	abaF	ARO:3004573	Perfect
ncbi	acrB	ARO:3000216	Strict
ncbi	acrF	ARO:3000502	Perfect
ncbi	acrR	ARO:3003807	Strict
ncbi	adeC	ARO:3003811	Perfect
ncbi	adeL	ARO:3000620	Strict
ncbi	adeR	ARO:3000553	Strict
ncbi	adeS	ARO:3000549	Strict
ncbi	almE	ARO:3007433	Perfect
ncbi	almF	ARO:3007431	Perfect
ncbi	almG	ARO:3004364	Perfect
ncbi	ampC_Asob-1	ARO:3008390	Strict
ncbi	ampC_Ecan	ARO:3007921	Strict
ncbi	ampC_Kaer	ARO:3008125	Strict
ncbi	ampC_Sliq-1	ARO:3009065	Strict
ncbi	ampR	ARO:3007491	Manual
ncbi	amvA	ARO:3004577	Perfect
ncbi	ant(2'')-Ia	ARO:3000230	Perfect
ncbi	ant(3'')-IIa	ARO:3004089	Perfect
ncbi	ant(3'')-IIb	ARO:3004090	Perfect
ncbi	ant(3'')-IIc	ARO:3004091	Perfect
ncbi	ant(3'')-Ia	ARO:3002617	Strict
ncbi	ant(3'')-Ib	ARO:3005062	Perfect
ncbi	ant(3'')-Ih	ARO:3002598	Perfect
ncbi	ant(3'')-Ij	ARO:3002616	Strict
ncbi	ant(4')-IIa	ARO:3002624	Perfect
ncbi	ant(4')-IIb	ARO:3002625	Perfect
ncbi	ant(4')-Ia	ARO:3002623	Perfect
ncbi	ant(4')-Ib	ARO:3003905	Perfect
ncbi	ant(6)-Ia	ARO:3002626	Perfect
ncbi	ant(6)-Ib	ARO:3002629	Perfect
ncbi	ant(9)-Ia	ARO:3002630	Perfect
ncbi	ant(9)-Ib	ARO:3007401	Perfect
ncbi	ant(9)-Ic	ARO:3007515	Perfect
ncbi	aph(2'')-IIIa	ARO:3002636	Perfect
ncbi	aph(2'')-IIa	ARO:3002635	Perfect
ncbi	aph(2'')-IVa	ARO:3002637	Perfect
ncbi	aph(2'')-Ia	ARO:3002597	Perfect
ncbi	aph(2'')-Ie	ARO:3002634	Perfect
ncbi	aph(2'')-If	ARO:3004191	Perfect
ncbi	aph(2'')-If2	ARO:3004191	Strict
ncbi	aph(2'')-Ig	ARO:3002669	Perfect
ncbi	aph(2'')-Ih	ARO:3004191	Strict
ncbi	aph(3'')-Ia	ARO:3002638	Perfect
ncbi	aph(3'')-Ib	ARO:3002639	Perfect
ncbi	aph(3'')-Ic	ARO:3002640	Perfect
ncbi	aph(3')-IIIa	ARO:3002647	Perfect
ncbi	aph(3')-IIa	ARO:3002644	Perfect
ncbi	aph(3')-IIb	ARO:3002645	Perfect
ncbi	aph(3')-IIc	ARO:3002646	Perfect
ncbi	aph(3')-IVa	ARO:3002648	Perfect
ncbi	aph(3')-IX	ARO:3004087	Perfect
ncbi	aph(3')-Ia	ARO:3002641	Perfect
ncbi	aph(3')-Ib	ARO:3002642	Perfect
ncbi	aph(3')-VI	ARO:3002652	Strict
ncbi	aph(3')-VIIIa	ARO:3004680	Perfect
ncbi	aph(3')-VIIIb	ARO:3004086	Perfect
ncbi	aph(3')-VIIa	ARO:3002654	Perfect
ncbi	aph(3')-VIa	ARO:3002652	Perfect
ncbi	aph(3')-VIb	ARO:3002653	Perfect
ncbi	aph(3')-Va	ARO:3002649	Perfect
ncbi	aph(3')-Vb	ARO:3002650	Perfect
ncbi	aph(3')-Vc	ARO:3002651	Perfect
ncbi	aph(3')-XV	ARO:3004675	Perfect
ncbi	aph(4)-Ia	ARO:3002655	Perfect
ncbi	aph(6)-Ia	ARO:3002657	Perfect
ncbi	aph(6)-Ib	ARO:3002658	Perfect
ncbi	aph(6)-Ic	ARO:3002659	Strict
ncbi	aph(6)-Id	ARO:3002660	Perfect
ncbi	aph(7'')-Ia	ARO:3002661	Perfect
ncbi	aph(9)-Ia	ARO:3002662	Perfect
ncbi	aph(9)-Ib	ARO:3002663	Perfect
ncbi	apmA	ARO:3003918	Perfect
ncbi	ariR	ARO:3000838	Manual
ncbi	armA	ARO:3000858	Perfect
ncbi	arnC	ARO:3003578	Strict
ncbi	arr	ARO:3002847	Strict
ncbi	arr-2	ARO:3002847	Perfect
ncbi	arr-3	ARO:3002848	Perfect
ncbi	arr-4	ARO:3002849	Perfect
ncbi	arr-5	ARO:3002850	Perfect
ncbi	arr-6	ARO:3002848	Strict
ncbi	arr-7	ARO:3002852	Perfect
ncbi	arr-8	ARO:3002853	Perfect
ncbi	arr-Msmeg	ARO:3002846	Perfect
ncbi	baeR	ARO:3000828	Manual
ncbi	baeS	ARO:3000829	Strict
ncbi	basR	ARO:3003582	Manual
ncbi	bepE	ARO:3000777	Strict
ncbi	bepG	ARO:3000777	Strict
ncbi	bla-A2	ARO:3007442	Perfect
ncbi	bla-C	ARO:3007919	Strict
ncbi	bla1	ARO:3002877	Perfect
ncbi	bla2a	ARO:3003564	Perfect
ncbi	blaAAK-1	ARO:3006863	Perfect
ncbi	blaACC-1	ARO:3006228	Strict
ncbi	blaACC-1a	ARO:3006228	Perfect
ncbi	blaACC-1b	ARO:3006229	Perfect
ncbi	blaACC-1c	ARO:3006230	Perfect
ncbi	blaACC-1d	ARO:3006231	Perfect
ncbi	blaACC-2	ARO:3001816	Perfect
ncbi	blaACC-4	ARO:3006228	Strict
ncbi	blaACC-7	ARO:3006232	Perfect
ncbi	blaACC-8	ARO:3006233	Perfect
ncbi	blaACI-1	ARO:3004359	Perfect
ncbi	blaACT-1	ARO:3001821	Perfect
ncbi	blaACT-10	ARO:3001832	Perfect
ncbi	blaACT-100	ARO:3007883	Perfect
ncbi	blaACT-101	ARO:3007884	Perfect
ncbi	blaACT-102	ARO:3007885	Perfect
ncbi	blaACT-103	ARO:3007886	Perfect
ncbi	blaACT-104	ARO:3007887	Perfect
ncbi	blaACT-105	ARO:3007888	Perfect
ncbi	blaACT-106	ARO:3007889	Perfect
ncbi	blaACT-107	ARO:3007890	Perfect
ncbi	blaACT-108	ARO:3007891	Perfect
ncbi	blaACT-109	ARO:3007892	Perfect
ncbi	blaACT-110	ARO:3007893	Perfect
ncbi	blaACT-111	ARO:3007894	Perfect
ncbi	blaACT-112	ARO:3007895	Perfect
ncbi	blaACT-113	ARO:3007896	Perfect
ncbi	blaACT-114	ARO:3006242	Strict
ncbi	blaACT-115	ARO:3007897	Perfect
ncbi	blaACT-116	ARO:3007898	Perfect
ncbi	blaACT-117	ARO:3007899	Perfect
ncbi	blaACT-118	ARO:3007900	Perfect
ncbi	blaACT-119	ARO:3007901	Perfect
ncbi	blaACT-12	ARO:3001834	Perfect
ncbi	blaACT-120	ARO:3007902	Perfect
ncbi	blaACT-121	ARO:3007903	Perfect
ncbi	blaACT-122	ARO:3007904	Perfect
ncbi	blaACT-123	ARO:3007905	Perfect
ncbi	blaACT-124	ARO:3007906	Perfect
ncbi	blaACT-13	ARO:3001835	Perfect
ncbi	blaACT-131	ARO:3007907	Perfect
ncbi	blaACT-14	ARO:3001836	Perfect
ncbi	blaACT-140	ARO:3007908	Perfect
ncbi	blaACT-141	ARO:3007909	Perfect
ncbi	blaACT-142	ARO:3007910	Perfect
ncbi	blaACT-143	ARO:3007911	Perfect
ncbi	blaACT-144	ARO:3007912	Perfect
ncbi	blaACT-145	ARO:3007913	Perfect
ncbi	blaACT-146	ARO:3007914	Perfect
ncbi	blaACT-147	ARO:3007952	Strict
ncbi	blaACT-148	ARO:3007915	Perfect
ncbi	blaACT-149	ARO:3006245	Strict
ncbi	blaACT-15	ARO:3001837	Perfect
ncbi	blaACT-150	ARO:3007916	Perfect
ncbi	blaACT-151	ARO:3007917	Perfect
ncbi	blaACT-152	ARO:3006244	Strict
ncbi	blaACT-153	ARO:3007918	Perfect
ncbi	blaACT-154	ARO:3007919	Perfect
ncbi	blaACT-155	ARO:3007920	Perfect
ncbi	blaACT-156	ARO:3007921	Perfect
ncbi	blaACT-157	ARO:3007922	Perfect
ncbi	blaACT-158	ARO:3007923	Perfect
ncbi	blaACT-159	ARO:3007924	Perfect
ncbi	blaACT-16	ARO:3007922	Strict
ncbi	blaACT-160	ARO:3007925	Perfect
ncbi	blaACT-161	ARO:3007926	Perfect
ncbi	blaACT-162	ARO:3007927	Perfect
ncbi	blaACT-163	ARO:3007918	Strict
ncbi	blaACT-164	ARO:3007894	Strict
ncbi	blaACT-165	ARO:3007928	Perfect
ncbi	blaACT-166	ARO:3007929	Perfect
ncbi	blaACT-167	ARO:3007930	Perfect
ncbi	blaACT-168	ARO:3007931	Perfect
ncbi	blaACT-169	ARO:3007932	Perfect
ncbi	blaACT-17	ARO:3001838	Perfect
ncbi	blaACT-170	ARO:3007933	Perfect
ncbi	blaACT-171	ARO:3007934	Perfect
ncbi	blaACT-172	ARO:3007935	Perfect
ncbi	blaACT-173	ARO:3007936	Perfect
ncbi	blaACT-174	ARO:3007937	Perfect
ncbi	blaACT-175	ARO:3007938	Perfect
ncbi	blaACT-176	ARO:3007939	Perfect
ncbi	blaACT-177	ARO:3007940	Perfect
ncbi	blaACT-178	ARO:3007941	Perfect
ncbi	blaACT-179	ARO:3007942	Perfect
ncbi	blaACT-18	ARO:3001839	Perfect
ncbi	blaACT-180	ARO:3007943	Perfect
ncbi	blaACT-181	ARO:3007944	Perfect
ncbi	blaACT-182	ARO:3007945	Perfect
ncbi	blaACT-183	ARO:3007946	Perfect
ncbi	blaACT-184	ARO:3007947	Perfect
ncbi	blaACT-185	ARO:3007948	Perfect
ncbi	blaACT-186	ARO:3007949	Perfect
ncbi	blaACT-187	ARO:3007950	Perfect
ncbi	blaACT-188	ARO:3007951	Perfect
ncbi	blaACT-189	ARO:3007952	Perfect
ncbi	blaACT-19	ARO:3001840	Perfect
ncbi	blaACT-190	ARO:3007953	Perfect
ncbi	blaACT-191	ARO:3007954	Perfect
ncbi	blaACT-192	ARO:3007955	Perfect
ncbi	blaACT-193	ARO:3007956	Perfect
ncbi	blaACT-194	ARO:3007957	Perfect
ncbi	blaACT-2	ARO:3001822	Perfect
ncbi	blaACT-20	ARO:3001841	Perfect
ncbi	blaACT-21	ARO:3001842	Perfect
ncbi	blaACT-22	ARO:3001843	Perfect
ncbi	blaACT-23	ARO:3001828	Perfect
ncbi	blaACT-24	ARO:3001844	Perfect
ncbi	blaACT-25	ARO:3001845	Perfect
ncbi	blaACT-27	ARO:3001847	Perfect
ncbi	blaACT-28	ARO:3001848	Perfect
ncbi	blaACT-29	ARO:3001849	Perfect
ncbi	blaACT-3	ARO:3001823	Perfect
ncbi	blaACT-30	ARO:3001850	Perfect
ncbi	blaACT-31	ARO:3001851	Perfect
ncbi	blaACT-32	ARO:3001852	Perfect
ncbi	blaACT-33	ARO:3001853	Perfect
ncbi	blaACT-34	ARO:3001854	Perfect
ncbi	blaACT-35	ARO:3001855	Perfect
ncbi	blaACT-36	ARO:3003171	Perfect
ncbi	blaACT-37	ARO:3003172	Perfect
ncbi	blaACT-38	ARO:3003655	Perfect
ncbi	blaACT-39	ARO:3006234	Perfect
ncbi	blaACT-4	ARO:3001829	Perfect
ncbi	blaACT-40	ARO:3006235	Perfect
ncbi	blaACT-41	ARO:3006236	Perfect
ncbi	blaACT-42	ARO:3006237	Perfect
ncbi	blaACT-43	ARO:3006238	Perfect
ncbi	blaACT-44	ARO:3006239	Perfect
ncbi	blaACT-45	ARO:3006240	Perfect
ncbi	blaACT-46	ARO:3006241	Perfect
ncbi	blaACT-47	ARO:3006242	Perfect
ncbi	blaACT-48	ARO:3006243	Perfect
ncbi	blaACT-49	ARO:3006244	Perfect
ncbi	blaACT-5	ARO:3001824	Perfect
ncbi	blaACT-50	ARO:3006245	Perfect
ncbi	blaACT-51	ARO:3006246	Perfect
ncbi	blaACT-52	ARO:3006247	Perfect
ncbi	blaACT-53	ARO:3006248	Perfect
ncbi	blaACT-54	ARO:3006249	Perfect
ncbi	blaACT-55	ARO:3006250	Perfect
ncbi	blaACT-56	ARO:3006251	Perfect
ncbi	blaACT-57	ARO:3006252	Perfect
ncbi	blaACT-58	ARO:3006253	Perfect
ncbi	blaACT-59	ARO:3006254	Perfect
ncbi	blaACT-6	ARO:3001825	Perfect
ncbi	blaACT-60	ARO:3006255	Perfect
ncbi	blaACT-61	ARO:3006256	Perfect
ncbi	blaACT-62	ARO:3006257	Perfect
ncbi	blaACT-63	ARO:3006258	Perfect
ncbi	blaACT-64	ARO:3006259	Perfect
ncbi	blaACT-65	ARO:3006260	Perfect
ncbi	blaACT-66	ARO:3006261	Perfect
ncbi	blaACT-67	ARO:3006262	Perfect
ncbi	blaACT-68	ARO:3006263	Perfect
ncbi	blaACT-69	ARO:3006264	Perfect
ncbi	blaACT-7	ARO:3001830	Perfect
ncbi	blaACT-70	ARO:3006265	Perfect
ncbi	blaACT-72	ARO:3006266	Perfect
ncbi	blaACT-73	ARO:3006267	Perfect
ncbi	blaACT-74	ARO:3006268	Perfect
ncbi	blaACT-75	ARO:3006269	Perfect
ncbi	blaACT-76	ARO:3006270	Perfect
ncbi	blaACT-77	ARO:3006271	Perfect
ncbi	blaACT-78	ARO:3006272	Perfect
ncbi	blaACT-79	ARO:3006273	Perfect
ncbi	blaACT-8	ARO:3001831	Perfect
ncbi	blaACT-80	ARO:3006274	Perfect
ncbi	blaACT-81	ARO:3006275	Perfect
ncbi	blaACT-82	ARO:3006276	Perfect
ncbi	blaACT-83	ARO:3006277	Perfect
ncbi	blaACT-84	ARO:3006278	Perfect
ncbi	blaACT-85	ARO:3007958	Perfect
ncbi	blaACT-86	ARO:3007959	Perfect
ncbi	blaACT-87	ARO:3006279	Perfect
ncbi	blaACT-88	ARO:3007960	Perfect
ncbi	blaACT-89	ARO:3007961	Perfect
ncbi	blaACT-9	ARO:3001826	Perfect
ncbi	blaACT-90	ARO:3007962	Perfect
ncbi	blaACT-91	ARO:3007963	Perfect
ncbi	blaACT-92	ARO:3007964	Perfect
ncbi	blaACT-93	ARO:3007965	Perfect
ncbi	blaACT-94	ARO:3007966	Perfect
ncbi	blaACT-95	ARO:3007967	Perfect
ncbi	blaACT-96	ARO:3007968	Perfect
ncbi	blaACT-97	ARO:3007969	Perfect
ncbi	blaACT-98	ARO:3007970	Perfect
ncbi	blaACT-99	ARO:3007971	Perfect
ncbi	blaACT-GC1	ARO:3007972	Perfect
ncbi	blaADC-1	ARO:3003847	Perfect
ncbi	blaADC-10	ARO:3003855	Perfect
ncbi	blaADC-100	ARO:3006280	Perfect
ncbi	blaADC-101	ARO:3006281	Perfect
ncbi	blaADC-102	ARO:3006282	Perfect
ncbi	blaADC-103	ARO:3006283	Perfect
ncbi	blaADC-104	ARO:3006284	Perfect
ncbi	blaADC-105	ARO:3006285	Perfect
ncbi	blaADC-106	ARO:3006286	Perfect
ncbi	blaADC-107	ARO:3006287	Perfect
ncbi	blaADC-109	ARO:3006288	Perfect
ncbi	blaADC-11	ARO:3004615	Perfect
ncbi	blaADC-110	ARO:3006289	Perfect
ncbi	blaADC-112	ARO:3006290	Perfect
ncbi	blaADC-113	ARO:3006291	Perfect
ncbi	blaADC-114	ARO:3006292	Perfect
ncbi	blaADC-115	ARO:3006293	Perfect
ncbi	blaADC-116	ARO:3006294	Perfect
ncbi	blaADC-117	ARO:3006295	Perfect
ncbi	blaADC-119	ARO:3006296	Perfect
ncbi	blaADC-12	ARO:3003856	Perfect
ncbi	blaADC-120	ARO:3006297	Perfect
ncbi	blaADC-121	ARO:3006298	Perfect
ncbi	blaADC-122	ARO:3006299	Perfect
ncbi	blaADC-123	ARO:3006300	Perfect
ncbi	blaADC-125	ARO:3006301	Perfect
ncbi	blaADC-127	ARO:3006302	Perfect
ncbi	blaADC-128	ARO:3006303	Perfect
ncbi	blaADC-129	ARO:3006304	Perfect
ncbi	blaADC-13	ARO:3003857	Perfect
ncbi	blaADC-130	ARO:3006305	Perfect
ncbi	blaADC-131	ARO:3006306	Perfect
ncbi	blaADC-132	ARO:3006307	Perfect
ncbi	blaADC-133	ARO:3006308	Perfect
ncbi	blaADC-134	ARO:3006309	Perfect
ncbi	blaADC-135	ARO:3006310	Perfect
ncbi	blaADC-136	ARO:3006311	Perfect
ncbi	blaADC-137	ARO:3006312	Perfect
ncbi	blaADC-138	ARO:3006313	Perfect
ncbi	blaADC-139	ARO:3006314	Perfect
ncbi	blaADC-14	ARO:3003858	Perfect
ncbi	blaADC-140	ARO:3006315	Perfect
ncbi	blaADC-141	ARO:3006316	Perfect
ncbi	blaADC-143	ARO:3006317	Perfect
ncbi	blaADC-144	ARO:3006318	Perfect
ncbi	blaADC-145	ARO:3006319	Perfect
ncbi	blaADC-146	ARO:3006320	Perfect
ncbi	blaADC-147	ARO:3006321	Perfect
ncbi	blaADC-148	ARO:3006322	Perfect
ncbi	blaADC-149	ARO:3006323	Perfect
ncbi	blaADC-15	ARO:3003859	Perfect
ncbi	blaADC-150	ARO:3006324	Perfect
ncbi	blaADC-151	ARO:3006325	Perfect
ncbi	blaADC-152	ARO:3006326	Perfect
ncbi	blaADC-153	ARO:3006327	Perfect
ncbi	blaADC-154	ARO:3006328	Perfect
ncbi	blaADC-155	ARO:3006329	Perfect
ncbi	blaADC-156	ARO:3006330	Perfect
ncbi	blaADC-157	ARO:3006331	Perfect
ncbi	blaADC-158	ARO:3006332	Perfect
ncbi	blaADC-159	ARO:3005037	Perfect
ncbi	blaADC-16	ARO:3003860	Perfect
ncbi	blaADC-160	ARO:3006333	Perfect
ncbi	blaADC-162	ARO:3006334	Perfect
ncbi	blaADC-163	ARO:3006335	Perfect
ncbi	blaADC-164	ARO:3006336	Perfect
ncbi	blaADC-165	ARO:3006337	Perfect
ncbi	blaADC-166	ARO:3006338	Perfect
ncbi	blaADC-167	ARO:3006339	Perfect
ncbi	blaADC-168	ARO:3006340	Perfect
ncbi	blaADC-169	ARO:3006341	Perfect
ncbi	blaADC-17	ARO:3003861	Perfect
ncbi	blaADC-170	ARO:3006342	Perfect
ncbi	blaADC-171	ARO:3006343	Perfect
ncbi	blaADC-172	ARO:3006344	Perfect
ncbi	blaADC-173	ARO:3006345	Perfect
ncbi	blaADC-174	ARO:3006346	Perfect
ncbi	blaADC-175	ARO:3006347	Perfect
ncbi	blaADC-176	ARO:3006348	Perfect
ncbi	blaADC-177	ARO:3006349	Perfect
ncbi	blaADC-178	ARO:3006350	Perfect
ncbi	blaADC-179	ARO:3006351	Perfect
ncbi	blaADC-18	ARO:3003862	Perfect
ncbi	blaADC-180	ARO:3006352	Perfect
ncbi	blaADC-181	ARO:3005244	Perfect
ncbi	blaADC-182	ARO:3005245	Perfect
ncbi	blaADC-183	ARO:3005246	Perfect
ncbi	blaADC-184	ARO:3006353	Perfect
ncbi	blaADC-185	ARO:3006354	Perfect
ncbi	blaADC-186	ARO:3006355	Perfect
ncbi	blaADC-187	ARO:3006356	Perfect
ncbi	blaADC-188	ARO:3006357	Perfect
ncbi	blaADC-189	ARO:3006358	Perfect
ncbi	blaADC-19	ARO:3003863	Perfect
ncbi	blaADC-190	ARO:3006359	Perfect
ncbi	blaADC-191	ARO:3006360	Perfect
ncbi	blaADC-192	ARO:3006361	Perfect
ncbi	blaADC-193	ARO:3006362	Perfect
ncbi	blaADC-194	ARO:3006363	Perfect
ncbi	blaADC-195	ARO:3006364	Perfect
ncbi	blaADC-196	ARO:3006365	Perfect
ncbi	blaADC-197	ARO:3006366	Perfect
ncbi	blaADC-198	ARO:3006367	Perfect
ncbi	blaADC-199	ARO:3006368	Perfect
ncbi	blaADC-2	ARO:3003848	Perfect
ncbi	blaADC-20	ARO:3003864	Perfect
ncbi	blaADC-200	ARO:3006369	Perfect
ncbi	blaADC-201	ARO:3006370	Perfect
ncbi	blaADC-202	ARO:3006371	Perfect
ncbi	blaADC-203	ARO:3006372	Perfect
ncbi	blaADC-204	ARO:3006373	Perfect
ncbi	blaADC-205	ARO:3006374	Perfect
ncbi	blaADC-206	ARO:3006375	Perfect
ncbi	blaADC-207	ARO:3006376	Perfect
ncbi	blaADC-208	ARO:3006377	Perfect
ncbi	blaADC-209	ARO:3006378	Perfect
ncbi	blaADC-21	ARO:3003865	Perfect
ncbi	blaADC-210	ARO:3006379	Perfect
ncbi	blaADC-211	ARO:3006380	Perfect
ncbi	blaADC-212	ARO:3006381	Perfect
ncbi	blaADC-213	ARO:3006382	Perfect
ncbi	blaADC-214	ARO:3006383	Perfect
ncbi	blaADC-215	ARO:3006384	Perfect
ncbi	blaADC-216	ARO:3006385	Perfect
ncbi	blaADC-217	ARO:3006386	Perfect
ncbi	blaADC-218	ARO:3006387	Perfect
ncbi	blaADC-219	ARO:3006388	Perfect
ncbi	blaADC-22	ARO:3003866	Perfect
ncbi	blaADC-220	ARO:3006389	Perfect
ncbi	blaADC-221	ARO:3006390	Perfect
ncbi	blaADC-222	ARO:3006391	Perfect
ncbi	blaADC-223	ARO:3006392	Perfect
ncbi	blaADC-224	ARO:3006393	Perfect
ncbi	blaADC-225	ARO:3006394	Perfect
ncbi	blaADC-226	ARO:3006395	Perfect
ncbi	blaADC-227	ARO:3006396	Perfect
ncbi	blaADC-228	ARO:3006397	Perfect
ncbi	blaADC-229	ARO:3006398	Perfect
ncbi	blaADC-23	ARO:3003867	Perfect
ncbi	blaADC-230	ARO:3006399	Perfect
ncbi	blaADC-231	ARO:3006400	Perfect
ncbi	blaADC-232	ARO:3006401	Perfect
ncbi	blaADC-233	ARO:3006402	Perfect
ncbi	blaADC-234	ARO:3006403	Perfect
ncbi	blaADC-235	ARO:3006404	Perfect
ncbi	blaADC-236	ARO:3006405	Perfect
ncbi	blaADC-237	ARO:3006406	Perfect
ncbi	blaADC-238	ARO:3006407	Perfect
ncbi	blaADC-239	ARO:3006408	Perfect
ncbi	blaADC-24	ARO:3006409	Perfect
ncbi	blaADC-240	ARO:3006410	Perfect
ncbi	blaADC-241	ARO:3006411	Perfect
ncbi	blaADC-242	ARO:3006412	Perfect
ncbi	blaADC-243	ARO:3006413	Perfect
ncbi	blaADC-244	ARO:3006414	Perfect
ncbi	blaADC-245	ARO:3006415	Perfect
ncbi	blaADC-246	ARO:3006416	Perfect
ncbi	blaADC-247	ARO:3006417	Perfect
ncbi	blaADC-248	ARO:3006418	Perfect
ncbi	blaADC-249	ARO:3006419	Perfect
ncbi	blaADC-25	ARO:3003868	Perfect
ncbi	blaADC-250	ARO:3006420	Perfect
ncbi	blaADC-251	ARO:3006421	Perfect
ncbi	blaADC-252	ARO:3006422	Perfect
ncbi	blaADC-253	ARO:3006423	Perfect
ncbi	blaADC-254	ARO:3006424	Perfect
ncbi	blaADC-255	ARO:3006425	Perfect
ncbi	blaADC-256	ARO:3006426	Perfect
ncbi	blaADC-257	ARO:3007973	Perfect
ncbi	blaADC-258	ARO:3007974	Perfect
ncbi	blaADC-259	ARO:3007975	Perfect
ncbi	blaADC-26	ARO:3008052	Strict
ncbi	blaADC-260	ARO:3007976	Perfect
ncbi	blaADC-261	ARO:3007977	Perfect
ncbi	blaADC-262	ARO:3007978	Perfect
ncbi	blaADC-263	ARO:3007979	Perfect
ncbi	blaADC-264	ARO:3007980	Perfect
ncbi	blaADC-265	ARO:3007981	Perfect
ncbi	blaADC-266	ARO:3007982	Perfect
ncbi	blaADC-267	ARO:3007983	Perfect
ncbi	blaADC-268	ARO:3007984	Perfect
ncbi	blaADC-269	ARO:3007985	Perfect
ncbi	blaADC-270	ARO:3007986	Perfect
ncbi	blaADC-271	ARO:3007987	Perfect
ncbi	blaADC-272	ARO:3007988	Perfect
ncbi	blaADC-273	ARO:3007989	Perfect
ncbi	blaADC-274	ARO:3007990	Perfect
ncbi	blaADC-275	ARO:3007991	Perfect
ncbi	blaADC-276	ARO:3007992	Perfect
ncbi	blaADC-277	ARO:3007993	Perfect
ncbi	blaADC-278	ARO:3007994	Perfect
ncbi	blaADC-279	ARO:3007995	Perfect
ncbi	blaADC-280	ARO:3007996	Perfect
ncbi	blaADC-281	ARO:3007997	Perfect
ncbi	blaADC-282	ARO:3007998	Perfect
ncbi	blaADC-283	ARO:3007999	Perfect
ncbi	blaADC-284	ARO:3008000	Perfect
ncbi	blaADC-285	ARO:3008001	Perfect
ncbi	blaADC-286	ARO:3008002	Perfect
ncbi	blaADC-287	ARO:3008003	Perfect
ncbi	blaADC-288	ARO:3008004	Perfect
ncbi	blaADC-289	ARO:3008005	Perfect
ncbi	blaADC-29	ARO:3006427	Perfect
ncbi	blaADC-290	ARO:3008006	Perfect
ncbi	blaADC-291	ARO:3008007	Perfect
ncbi	blaADC-292	ARO:3008008	Perfect
ncbi	blaADC-293	ARO:3008009	Perfect
ncbi	blaADC-294	ARO:3008010	Perfect
ncbi	blaADC-295	ARO:3008011	Perfect
ncbi	blaADC-3	ARO:3003849	Perfect
ncbi	blaADC-30	ARO:3004617	Perfect
ncbi	blaADC-302	ARO:3008012	Perfect
ncbi	blaADC-303	ARO:3008013	Perfect
ncbi	blaADC-304	ARO:3008014	Perfect
ncbi	blaADC-305	ARO:3008015	Perfect
ncbi	blaADC-306	ARO:3008016	Perfect
ncbi	blaADC-307	ARO:3008017	Perfect
ncbi	blaADC-308	ARO:3008018	Perfect
ncbi	blaADC-309	ARO:3008019	Perfect
ncbi	blaADC-31	ARO:3003870	Perfect
ncbi	blaADC-310	ARO:3008020	Perfect
ncbi	blaADC-311	ARO:3008021	Perfect
ncbi	blaADC-312	ARO:3008022	Perfect
ncbi	blaADC-313	ARO:3008023	Perfect
ncbi	blaADC-314	ARO:3008024	Perfect
ncbi	blaADC-315	ARO:3008025	Perfect
ncbi	blaADC-316	ARO:3008026	Perfect
ncbi	blaADC-317	ARO:3008027	Perfect
ncbi	blaADC-318	ARO:3008028	Perfect
ncbi	blaADC-319	ARO:3008029	Perfect
ncbi	blaADC-32	ARO:3006428	Perfect
ncbi	blaADC-320	ARO:3008030	Perfect
ncbi	blaADC-321	ARO:3008031	Perfect
ncbi	blaADC-322	ARO:3008032	Perfect
ncbi	blaADC-323	ARO:3008033	Perfect
ncbi	blaADC-324	ARO:3008034	Perfect
ncbi	blaADC-325	ARO:3008035	Perfect
ncbi	blaADC-326	ARO:3008036	Perfect
ncbi	blaADC-327	ARO:3008037	Perfect
ncbi	blaADC-328	ARO:3008038	Perfect
ncbi	blaADC-329	ARO:3008039	Perfect
ncbi	blaADC-33	ARO:3006429	Perfect
ncbi	blaADC-330	ARO:3008040	Perfect
ncbi	blaADC-331	ARO:3008041	Perfect
ncbi	blaADC-332	ARO:3008042	Perfect
ncbi	blaADC-333	ARO:3008043	Perfect
ncbi	blaADC-334	ARO:3008044	Perfect
ncbi	blaADC-335	ARO:3008045	Perfect
ncbi	blaADC-336	ARO:3008046	Perfect
ncbi	blaADC-337	ARO:3008047	Perfect
ncbi	blaADC-338	ARO:3008048	Perfect
ncbi	blaADC-339	ARO:3008049	Perfect
ncbi	blaADC-340	ARO:3008050	Perfect
ncbi	blaADC-341	ARO:3008051	Perfect
ncbi	blaADC-342	ARO:3008052	Perfect
ncbi	blaADC-343	ARO:3008053	Perfect
ncbi	blaADC-344	ARO:3008054	Perfect
ncbi	blaADC-345	ARO:3008055	Perfect
ncbi	blaADC-346	ARO:3008056	Perfect
ncbi	blaADC-347	ARO:3008057	Perfect
ncbi	blaADC-348	ARO:3008058	Perfect
ncbi	blaADC-349	ARO:3008059	Perfect
ncbi	blaADC-350	ARO:3008060	Perfect
ncbi	blaADC-351	ARO:3008061	Perfect
ncbi	blaADC-352	ARO:3008062	Perfect
ncbi	blaADC-353	ARO:3008063	Perfect
ncbi	blaADC-354	ARO:3008064	Perfect
ncbi	blaADC-355	ARO:3008065	Perfect
ncbi	blaADC-356	ARO:3008066	Perfect
ncbi	blaADC-357	ARO:3008067	Perfect
ncbi	blaADC-358	ARO:3008068	Perfect
ncbi	blaADC-359	ARO:3008069	Perfect
ncbi	blaADC-38	ARO:3006430	Perfect
ncbi	blaADC-39	ARO:3003871	Perfect
ncbi	blaADC-4	ARO:3003850	Perfect
ncbi	blaADC-41	ARO:3003872	Perfect
ncbi	blaADC-42	ARO:3003873	Perfect
ncbi	blaADC-43	ARO:3003874	Perfect
ncbi	blaADC-44	ARO:3003876	Perfect
ncbi	blaADC-5	ARO:3003851	Perfect
ncbi	blaADC-50	ARO:3007987	Strict
ncbi	blaADC-51	ARO:3006431	Perfect
ncbi	blaADC-52	ARO:3006432	Perfect
ncbi	blaADC-53	ARO:3006433	Perfect
ncbi	blaADC-54	ARO:3006434	Perfect
ncbi	blaADC-56	ARO:3003878	Perfect
ncbi	blaADC-57	ARO:3006435	Perfect
ncbi	blaADC-58	ARO:3004618	Perfect
ncbi	blaADC-59	ARO:3004619	Perfect
ncbi	blaADC-6	ARO:3003852	Perfect
ncbi	blaADC-60	ARO:3004620	Perfect
ncbi	blaADC-61	ARO:3003879	Perfect
ncbi	blaADC-62	ARO:3004632	Perfect
ncbi	blaADC-63	ARO:3006436	Perfect
ncbi	blaADC-65	ARO:3006437	Perfect
ncbi	blaADC-66	ARO:3006438	Perfect
ncbi	blaADC-67	ARO:3004633	Perfect
ncbi	blaADC-68	ARO:3004493	Perfect
ncbi	blaADC-7	ARO:3003853	Perfect
ncbi	blaADC-70	ARO:3006439	Perfect
ncbi	blaADC-73	ARO:3004634	Perfect
ncbi	blaADC-74	ARO:3003880	Perfect
ncbi	blaADC-75	ARO:3003881	Perfect
ncbi	blaADC-76	ARO:3003882	Perfect
ncbi	blaADC-77	ARO:3003883	Perfect
ncbi	blaADC-78	ARO:3003884	Perfect
ncbi	blaADC-79	ARO:3003885	Perfect
ncbi	blaADC-8	ARO:3003854	Perfect
ncbi	blaADC-80	ARO:3003886	Perfect
ncbi	blaADC-81	ARO:3003887	Perfect
ncbi	blaADC-82	ARO:3003888	Perfect
ncbi	blaADC-83	ARO:3006440	Perfect
ncbi	blaADC-84	ARO:3006441	Perfect
ncbi	blaADC-85	ARO:3006442	Perfect
ncbi	blaADC-86	ARO:3006443	Perfect
ncbi	blaADC-87	ARO:3006444	Perfect
ncbi	blaADC-88	ARO:3006445	Perfect
ncbi	blaADC-89	ARO:3006446	Perfect
ncbi	blaADC-90	ARO:3006447	Perfect
ncbi	blaADC-91	ARO:3006448	Perfect
ncbi	blaADC-92	ARO:3006449	Perfect
ncbi	blaADC-93	ARO:3006450	Perfect
ncbi	blaADC-94	ARO:3006451	Perfect
ncbi	blaADC-95	ARO:3006452	Perfect
ncbi	blaADC-96	ARO:3006453	Perfect
ncbi	blaADC-97	ARO:3006454	Perfect
ncbi	blaADC-98	ARO:3006455	Perfect
ncbi	blaADC-99	ARO:3006456	Perfect
ncbi	blaAER-1	ARO:3002481	Perfect
ncbi	blaAFM-1	ARO:3006890	Perfect
ncbi	blaAFM-2	ARO:3006891	Perfect
ncbi	blaAFM-3	ARO:3008070	Perfect
ncbi	blaAFM-4	ARO:3008071	Perfect
ncbi	blaAFM-5	ARO:3008072	Perfect
ncbi	blaAIM-1	ARO:3000853	Perfect
ncbi	blaAIM-2	ARO:3008073	Perfect
ncbi	blaALG11-1	ARO:3006892	Perfect
ncbi	blaALG6-1	ARO:3006893	Perfect
ncbi	blaALI-1	ARO:3006894	Perfect
ncbi	blaALI-2	ARO:3006895	Perfect
ncbi	blaAMZ-1	ARO:3007694	Perfect
ncbi	blaANA-1	ARO:3006896	Perfect
ncbi	blaAQU	ARO:3002993	Perfect
ncbi	blaAQU-1	ARO:3004647	Strict
ncbi	blaARL-1	ARO:3004734	Perfect
ncbi	blaARL-2	ARO:3004735	Perfect
ncbi	blaARL-3	ARO:3004736	Perfect
ncbi	blaARL-4	ARO:3004737	Perfect
ncbi	blaARL-5	ARO:3004738	Perfect
ncbi	blaARL-6	ARO:3004739	Perfect
ncbi	blaAST-1	ARO:3004740	Perfect
ncbi	blaASU1-1	ARO:3008074	Perfect
ncbi	blaAXC-1	ARO:3006897	Perfect
ncbi	blaAXC-2	ARO:3006898	Perfect
ncbi	blaAXC-3	ARO:3006899	Perfect
ncbi	blaAXC-4	ARO:3006900	Perfect
ncbi	blaAXC-5	ARO:3006901	Perfect
ncbi	blaAXC-6	ARO:3008075	Perfect
ncbi	blaAXC-7	ARO:3008076	Perfect
ncbi	blaAXC-8	ARO:3008077	Perfect
ncbi	blaA_Yent	ARO:3003558	Perfect
ncbi	blaB-1	ARO:3005522	Perfect
ncbi	blaB-10	ARO:3005523	Strict
ncbi	blaB-11	ARO:3005524	Perfect
ncbi	blaB-12	ARO:3005525	Perfect
ncbi	blaB-13	ARO:3005526	Perfect
ncbi	blaB-14	ARO:3005534	Strict
ncbi	blaB-15	ARO:3005528	Perfect
ncbi	blaB-16	ARO:3005529	Perfect
ncbi	blaB-17	ARO:3005530	Perfect
ncbi	blaB-18	ARO:3005531	Perfect
ncbi	blaB-19	ARO:3005532	Perfect
ncbi	blaB-2	ARO:3005533	Perfect
ncbi	blaB-20	ARO:3005534	Perfect
ncbi	blaB-21	ARO:3000579	Perfect
ncbi	blaB-22	ARO:3005535	Perfect
ncbi	blaB-23	ARO:3005536	Perfect
ncbi	blaB-24	ARO:3005537	Perfect
ncbi	blaB-25	ARO:3005538	Perfect
ncbi	blaB-26	ARO:3005539	Perfect
ncbi	blaB-27	ARO:3005540	Perfect
ncbi	blaB-28	ARO:3005541	Perfect
ncbi	blaB-29	ARO:3005542	Perfect
ncbi	blaB-3	ARO:3005543	Perfect
ncbi	blaB-30	ARO:3005544	Perfect
ncbi	blaB-31	ARO:3005545	Perfect
ncbi	blaB-32	ARO:3005546	Perfect
ncbi	blaB-33	ARO:3005547	Perfect
ncbi	blaB-34	ARO:3005548	Perfect
ncbi	blaB-35	ARO:3005549	Perfect
ncbi	blaB-36	ARO:3005550	Perfect
ncbi	blaB-37	ARO:3005554	Strict
ncbi	blaB-38	ARO:3005551	Perfect
ncbi	blaB-39	ARO:3005552	Perfect
ncbi	blaB-5	ARO:3005553	Perfect
ncbi	blaB-6	ARO:3005554	Perfect
ncbi	blaB-7	ARO:3005555	Strict
ncbi	blaB-8	ARO:3005540	Strict
ncbi	blaB-9	ARO:3005557	Strict
ncbi	blaB3SU1-1	ARO:3008078	Perfect
ncbi	blaB3SU2-1	ARO:3008079	Perfect
ncbi	blaBAT-1	ARO:3004747	Perfect
ncbi	blaBBI	ARO:3002877	Strict
ncbi	blaBCL-1	ARO:3004749	Strict
ncbi	blaBEL-1	ARO:3002385	Perfect
ncbi	blaBEL-2	ARO:3002386	Perfect
ncbi	blaBEL-3	ARO:3002387	Perfect
ncbi	blaBEL-4	ARO:3006154	Perfect
ncbi	blaBES-1	ARO:3004751	Perfect
ncbi	blaBIC-1	ARO:3004753	Perfect
ncbi	blaBIC-2	ARO:3008080	Perfect
ncbi	blaBIL-1	ARO:3004755	Perfect
ncbi	blaBIM-1	ARO:3007859	Perfect
ncbi	blaBIM-2	ARO:3007859	Strict
ncbi	blaBJP	ARO:3000856	Strict
ncbi	blaBJP-1	ARO:3000856	Perfect
ncbi	blaBKC-1	ARO:3004757	Perfect
ncbi	blaBKC-2	ARO:3006223	Perfect
ncbi	blaBMHC-1	ARO:3008081	Perfect
ncbi	blaBOR-1	ARO:3008082	Perfect
ncbi	blaBPU-1	ARO:3004759	Perfect
ncbi	blaBRO-1	ARO:3004761	Perfect
ncbi	blaBRO-2	ARO:3004761	Strict
ncbi	blaBSU-1	ARO:3006902	Perfect
ncbi	blaBUT-1	ARO:3004294	Strict
ncbi	blaBUT-2	ARO:3005558	Perfect
ncbi	blaC	ARO:3007182	Perfect
ncbi	blaCAE-1	ARO:3007635	Perfect
ncbi	blaCAM-1	ARO:3004559	Perfect
ncbi	blaCAM-2	ARO:3008083	Perfect
ncbi	blaCAR-1	ARO:3006903	Perfect
ncbi	blaCARB-1	ARO:3002240	Perfect
ncbi	blaCARB-10	ARO:3002249	Perfect
ncbi	blaCARB-11	ARO:3005559	Perfect
ncbi	blaCARB-12	ARO:3002250	Perfect
ncbi	blaCARB-14	ARO:3002252	Perfect
ncbi	blaCARB-16	ARO:3002255	Perfect
ncbi	blaCARB-17	ARO:3002254	Perfect
ncbi	blaCARB-18	ARO:3003174	Perfect
ncbi	blaCARB-19	ARO:3003175	Perfect
ncbi	blaCARB-2	ARO:3002241	Perfect
ncbi	blaCARB-20	ARO:3003150	Perfect
ncbi	blaCARB-21	ARO:3003176	Strict
ncbi	blaCARB-22	ARO:3003151	Perfect
ncbi	blaCARB-23	ARO:3003186	Strict
ncbi	blaCARB-24	ARO:3005560	Perfect
ncbi	blaCARB-25	ARO:3005561	Perfect
ncbi	blaCARB-26	ARO:3005562	Perfect
ncbi	blaCARB-27	ARO:3005563	Perfect
ncbi	blaCARB-28	ARO:3005564	Perfect
ncbi	blaCARB-29	ARO:3005565	Perfect
ncbi	blaCARB-3	ARO:3002242	Strict
ncbi	blaCARB-30	ARO:3005566	Perfect
ncbi	blaCARB-31	ARO:3005567	Perfect
ncbi	blaCARB-32	ARO:3005568	Perfect
ncbi	blaCARB-33	ARO:3005569	Perfect
ncbi	blaCARB-34	ARO:3005570	Perfect
ncbi	blaCARB-35	ARO:3005571	Perfect
ncbi	blaCARB-36	ARO:3005572	Perfect
ncbi	blaCARB-38	ARO:3005573	Perfect
ncbi	blaCARB-4	ARO:3002243	Perfect
ncbi	blaCARB-40	ARO:3005574	Perfect
ncbi	blaCARB-41	ARO:3005575	Perfect
ncbi	blaCARB-42	ARO:3005576	Perfect
ncbi	blaCARB-43	ARO:3005577	Perfect
ncbi	blaCARB-44	ARO:3005578	Perfect
ncbi	blaCARB-45	ARO:3005579	Perfect
ncbi	blaCARB-46	ARO:3005580	Perfect
ncbi	blaCARB-47	ARO:3005581	Perfect
ncbi	blaCARB-48	ARO:3005582	Perfect
ncbi	blaCARB-49	ARO:3005583	Perfect
ncbi	blaCARB-5	ARO:3002244	Perfect
ncbi	blaCARB-50	ARO:3005584	Perfect
ncbi	blaCARB-51	ARO:3005585	Perfect
ncbi	blaCARB-52	ARO:3005586	Perfect
ncbi	blaCARB-53	ARO:3005587	Perfect
ncbi	blaCARB-54	ARO:3005588	Perfect
ncbi	blaCARB-55	ARO:3005589	Perfect
ncbi	blaCARB-56	ARO:3007803	Perfect
ncbi	blaCARB-57	ARO:3007836	Perfect
ncbi	blaCARB-58	ARO:3002241	Strict
ncbi	blaCARB-6	ARO:3002245	Perfect
ncbi	blaCARB-7	ARO:3002246	Perfect
ncbi	blaCARB-8	ARO:3002247	Perfect
ncbi	blaCARB-9	ARO:3002248	Perfect
ncbi	blaCAU-1	ARO:3000855	Perfect
ncbi	blaCBP-1	ARO:3004764	Perfect
ncbi	blaCDA-1	ARO:3007650	Perfect
ncbi	blaCDD-1	ARO:3006904	Perfect
ncbi	blaCDD-2	ARO:3006905	Perfect
ncbi	blaCFE-1	ARO:3001856	Perfect
ncbi	blaCFE-2	ARO:3004464	Perfect
ncbi	blaCGA-1	ARO:3004766	Perfect
ncbi	blaCGB-1	ARO:3000841	Perfect
ncbi	blaCHM-1	ARO:3007855	Perfect
ncbi	blaCIA-1	ARO:3004768	Perfect
ncbi	blaCIA-2	ARO:3004769	Perfect
ncbi	blaCIA-3	ARO:3004770	Perfect
ncbi	blaCIA-4	ARO:3004771	Perfect
ncbi	blaCIM-1	ARO:3007840	Perfect
ncbi	blaCKO-1	ARO:3004773	Perfect
ncbi	blaCMA-1	ARO:3006922	Perfect
ncbi	blaCMA-2	ARO:3006923	Perfect
ncbi	blaCME-1	ARO:3004775	Perfect
ncbi	blaCME-2	ARO:3006155	Perfect
ncbi	blaCME-3	ARO:3008084	Perfect
ncbi	blaCMH-1	ARO:3004777	Perfect
ncbi	blaCMH-10	ARO:3008085	Perfect
ncbi	blaCMH-11	ARO:3008086	Perfect
ncbi	blaCMH-12	ARO:3008087	Perfect
ncbi	blaCMH-13	ARO:3008088	Perfect
ncbi	blaCMH-14	ARO:3008089	Perfect
ncbi	blaCMH-15	ARO:3008090	Perfect
ncbi	blaCMH-16	ARO:3008091	Perfect
ncbi	blaCMH-17	ARO:3008092	Perfect
ncbi	blaCMH-18	ARO:3008093	Perfect
ncbi	blaCMH-19	ARO:3008094	Perfect
ncbi	blaCMH-2	ARO:3006854	Perfect
ncbi	blaCMH-20	ARO:3008095	Perfect
ncbi	blaCMH-21	ARO:3008096	Perfect
ncbi	blaCMH-22	ARO:3008089	Strict
ncbi	blaCMH-23	ARO:3008107	Strict
ncbi	blaCMH-24	ARO:3008097	Perfect
ncbi	blaCMH-25	ARO:3008098	Perfect
ncbi	blaCMH-26	ARO:3008089	Strict
ncbi	blaCMH-27	ARO:3008089	Strict
ncbi	blaCMH-28	ARO:3008090	Strict
ncbi	blaCMH-29	ARO:3008102	Perfect
ncbi	blaCMH-3	ARO:3006855	Perfect
ncbi	blaCMH-30	ARO:3008103	Perfect
ncbi	blaCMH-31	ARO:3008104	Perfect
ncbi	blaCMH-32	ARO:3008105	Perfect
ncbi	blaCMH-33	ARO:3008106	Perfect
ncbi	blaCMH-34	ARO:3008107	Perfect
ncbi	blaCMH-4	ARO:3006856	Perfect
ncbi	blaCMH-5	ARO:3006857	Perfect
ncbi	blaCMH-6	ARO:3006858	Perfect
ncbi	blaCMH-7	ARO:3008108	Perfect
ncbi	blaCMH-8	ARO:3008109	Perfect
ncbi	blaCMH-9	ARO:3008110	Perfect
ncbi	blaCMY-1	ARO:3002012	Perfect
ncbi	blaCMY-10	ARO:3002021	Perfect
ncbi	blaCMY-100	ARO:3002112	Perfect
ncbi	blaCMY-101	ARO:3002113	Perfect
ncbi	blaCMY-102	ARO:3002114	Perfect
ncbi	blaCMY-103	ARO:3002115	Perfect
ncbi	blaCMY-104	ARO:3002116	Perfect
ncbi	blaCMY-105	ARO:3002117	Perfect
ncbi	blaCMY-106	ARO:3002118	Perfect
ncbi	blaCMY-107	ARO:3002119	Perfect
ncbi	blaCMY-108	ARO:3002120	Perfect
ncbi	blaCMY-109	ARO:3002121	Perfect
ncbi	blaCMY-11	ARO:3002022	Perfect
ncbi	blaCMY-110	ARO:3002071	Perfect
ncbi	blaCMY-111	ARO:3002122	Perfect
ncbi	blaCMY-112	ARO:3002123	Perfect
ncbi	blaCMY-113	ARO:3002124	Perfect
ncbi	blaCMY-114	ARO:3002125	Perfect
ncbi	blaCMY-115	ARO:3002126	Perfect
ncbi	blaCMY-116	ARO:3002127	Perfect
ncbi	blaCMY-117	ARO:3002128	Perfect
ncbi	blaCMY-118	ARO:3002129	Perfect
ncbi	blaCMY-119	ARO:3002130	Perfect
ncbi	blaCMY-12	ARO:3002023	Perfect
ncbi	blaCMY-121	ARO:3003129	Perfect
ncbi	blaCMY-122	ARO:3003130	Perfect
ncbi	blaCMY-124	ARO:3003132	Perfect
ncbi	blaCMY-125	ARO:3003133	Perfect
ncbi	blaCMY-127	ARO:3003135	Perfect
ncbi	blaCMY-128	ARO:3003136	Perfect
ncbi	blaCMY-129	ARO:3003137	Perfect
ncbi	blaCMY-13	ARO:3002024	Perfect
ncbi	blaCMY-130	ARO:3003138	Perfect
ncbi	blaCMY-131	ARO:3003170	Perfect
ncbi	blaCMY-132	ARO:3003652	Perfect
ncbi	blaCMY-133	ARO:3003653	Perfect
ncbi	blaCMY-134	ARO:3003654	Perfect
ncbi	blaCMY-135	ARO:3004778	Perfect
ncbi	blaCMY-136	ARO:3004854	Perfect
ncbi	blaCMY-137	ARO:3006457	Perfect
ncbi	blaCMY-138	ARO:3005220	Perfect
ncbi	blaCMY-139	ARO:3005191	Perfect
ncbi	blaCMY-14	ARO:3002025	Perfect
ncbi	blaCMY-140	ARO:3005185	Perfect
ncbi	blaCMY-141	ARO:3005196	Perfect
ncbi	blaCMY-142	ARO:3005195	Perfect
ncbi	blaCMY-143	ARO:3005204	Perfect
ncbi	blaCMY-144	ARO:3005219	Perfect
ncbi	blaCMY-145	ARO:3005197	Perfect
ncbi	blaCMY-146	ARO:3005181	Perfect
ncbi	blaCMY-147	ARO:3005180	Perfect
ncbi	blaCMY-148	ARO:3005192	Perfect
ncbi	blaCMY-149	ARO:3005190	Perfect
ncbi	blaCMY-15	ARO:3002026	Perfect
ncbi	blaCMY-150	ARO:3005016	Perfect
ncbi	blaCMY-151	ARO:3005217	Perfect
ncbi	blaCMY-152	ARO:3005216	Perfect
ncbi	blaCMY-153	ARO:3005218	Perfect
ncbi	blaCMY-154	ARO:3005194	Perfect
ncbi	blaCMY-155	ARO:3005200	Perfect
ncbi	blaCMY-156	ARO:3005182	Perfect
ncbi	blaCMY-157	ARO:3005198	Perfect
ncbi	blaCMY-158	ARO:3005176	Perfect
ncbi	blaCMY-159	ARO:3006458	Perfect
ncbi	blaCMY-16	ARO:3002027	Perfect
ncbi	blaCMY-160	ARO:3005183	Perfect
ncbi	blaCMY-161	ARO:3005187	Perfect
ncbi	blaCMY-162	ARO:3005184	Perfect
ncbi	blaCMY-163	ARO:3005193	Perfect
ncbi	blaCMY-164	ARO:3005186	Perfect
ncbi	blaCMY-165	ARO:3005188	Perfect
ncbi	blaCMY-166	ARO:3005189	Perfect
ncbi	blaCMY-167	ARO:3006459	Perfect
ncbi	blaCMY-168	ARO:3006460	Perfect
ncbi	blaCMY-169	ARO:3006461	Perfect
ncbi	blaCMY-17	ARO:3002028	Perfect
ncbi	blaCMY-170	ARO:3006462	Perfect
ncbi	blaCMY-171	ARO:3005199	Perfect
ncbi	blaCMY-172	ARO:3008111	Perfect
ncbi	blaCMY-173	ARO:3005177	Perfect
ncbi	blaCMY-174	ARO:3006463	Perfect
ncbi	blaCMY-175	ARO:3008112	Perfect
ncbi	blaCMY-176	ARO:3008113	Perfect
ncbi	blaCMY-177	ARO:3008114	Perfect
ncbi	blaCMY-178	ARO:3008115	Perfect
ncbi	blaCMY-179	ARO:3008116	Perfect
ncbi	blaCMY-18	ARO:3002029	Perfect
ncbi	blaCMY-180	ARO:3008117	Perfect
ncbi	blaCMY-181	ARO:3008118	Perfect
ncbi	blaCMY-182	ARO:3008119	Perfect
ncbi	blaCMY-183	ARO:3008120	Perfect
ncbi	blaCMY-184	ARO:3008121	Perfect
ncbi	blaCMY-185	ARO:3007695	Perfect
ncbi	blaCMY-186	ARO:3008122	Perfect
ncbi	blaCMY-188	ARO:3008123	Perfect
ncbi	blaCMY-189	ARO:3008124	Perfect
ncbi	blaCMY-19	ARO:3002030	Perfect
ncbi	blaCMY-190	ARO:3008125	Perfect
ncbi	blaCMY-191	ARO:3008126	Perfect
ncbi	blaCMY-192	ARO:3008127	Perfect
ncbi	blaCMY-194	ARO:3008128	Perfect
ncbi	blaCMY-195	ARO:3008129	Perfect
ncbi	blaCMY-196	ARO:3008130	Perfect
ncbi	blaCMY-197	ARO:3008131	Perfect
ncbi	blaCMY-198	ARO:3008132	Perfect
ncbi	blaCMY-199	ARO:3008133	Perfect
ncbi	blaCMY-2	ARO:3002013	Perfect
ncbi	blaCMY-20	ARO:3002031	Perfect
ncbi	blaCMY-21	ARO:3002032	Perfect
ncbi	blaCMY-22	ARO:3002033	Perfect
ncbi	blaCMY-23	ARO:3002034	Perfect
ncbi	blaCMY-24	ARO:3002035	Perfect
ncbi	blaCMY-25	ARO:3002036	Perfect
ncbi	blaCMY-26	ARO:3002037	Perfect
ncbi	blaCMY-27	ARO:3002038	Perfect
ncbi	blaCMY-28	ARO:3002039	Perfect
ncbi	blaCMY-29	ARO:3002040	Perfect
ncbi	blaCMY-30	ARO:3002041	Perfect
ncbi	blaCMY-31	ARO:3002042	Perfect
ncbi	blaCMY-32	ARO:3002043	Perfect
ncbi	blaCMY-33	ARO:3002044	Perfect
ncbi	blaCMY-34	ARO:3002045	Perfect
ncbi	blaCMY-35	ARO:3002046	Perfect
ncbi	blaCMY-36	ARO:3002047	Perfect
ncbi	blaCMY-37	ARO:3002048	Perfect
ncbi	blaCMY-38	ARO:3002049	Perfect
ncbi	blaCMY-39	ARO:3002050	Perfect
ncbi	blaCMY-4	ARO:3002015	Perfect
ncbi	blaCMY-40	ARO:3002051	Perfect
ncbi	blaCMY-41	ARO:3002052	Perfect
ncbi	blaCMY-42	ARO:3002053	Perfect
ncbi	blaCMY-43	ARO:3002054	Perfect
ncbi	blaCMY-44	ARO:3002055	Perfect
ncbi	blaCMY-45	ARO:3002056	Perfect
ncbi	blaCMY-46	ARO:3002057	Perfect
ncbi	blaCMY-47	ARO:3002058	Perfect
ncbi	blaCMY-48	ARO:3002059	Perfect
ncbi	blaCMY-49	ARO:3002060	Perfect
ncbi	blaCMY-5	ARO:3002016	Perfect
ncbi	blaCMY-50	ARO:3002061	Perfect
ncbi	blaCMY-51	ARO:3002062	Perfect
ncbi	blaCMY-53	ARO:3002064	Perfect
ncbi	blaCMY-54	ARO:3002065	Perfect
ncbi	blaCMY-55	ARO:3002066	Perfect
ncbi	blaCMY-56	ARO:3002067	Perfect
ncbi	blaCMY-57	ARO:3002068	Perfect
ncbi	blaCMY-58	ARO:3002072	Perfect
ncbi	blaCMY-59	ARO:3002069	Strict
ncbi	blaCMY-6	ARO:3002017	Perfect
ncbi	blaCMY-60	ARO:3002073	Perfect
ncbi	blaCMY-61	ARO:3002074	Perfect
ncbi	blaCMY-62	ARO:3002075	Perfect
ncbi	blaCMY-63	ARO:3002076	Perfect
ncbi	blaCMY-64	ARO:3002077	Perfect
ncbi	blaCMY-65	ARO:3002078	Perfect
ncbi	blaCMY-66	ARO:3002079	Perfect
ncbi	blaCMY-67	ARO:3002080	Perfect
ncbi	blaCMY-68	ARO:3002081	Perfect
ncbi	blaCMY-69	ARO:3002082	Perfect
ncbi	blaCMY-7	ARO:3002018	Perfect
ncbi	blaCMY-70	ARO:3002083	Perfect
ncbi	blaCMY-71	ARO:3002084	Perfect
ncbi	blaCMY-72	ARO:3002085	Perfect
ncbi	blaCMY-73	ARO:3002086	Perfect
ncbi	blaCMY-74	ARO:3002087	Perfect
ncbi	blaCMY-75	ARO:3002088	Perfect
ncbi	blaCMY-76	ARO:3002089	Perfect
ncbi	blaCMY-77	ARO:3002090	Perfect
ncbi	blaCMY-78	ARO:3002091	Perfect
ncbi	blaCMY-79	ARO:3002092	Perfect
ncbi	blaCMY-8	ARO:3002019	Perfect
ncbi	blaCMY-80	ARO:3002093	Perfect
ncbi	blaCMY-81	ARO:3002094	Perfect
ncbi	blaCMY-82	ARO:3002095	Perfect
ncbi	blaCMY-83	ARO:3002096	Perfect
ncbi	blaCMY-84	ARO:3002097	Perfect
ncbi	blaCMY-85	ARO:3002098	Perfect
ncbi	blaCMY-86	ARO:3002099	Perfect
ncbi	blaCMY-87	ARO:3002100	Perfect
ncbi	blaCMY-89	ARO:3002102	Perfect
ncbi	blaCMY-8b	ARO:3006464	Perfect
ncbi	blaCMY-9	ARO:3002020	Perfect
ncbi	blaCMY-90	ARO:3002103	Perfect
ncbi	blaCMY-93	ARO:3002106	Perfect
ncbi	blaCMY-94	ARO:3002107	Perfect
ncbi	blaCMY-95	ARO:3002108	Perfect
ncbi	blaCMY-96	ARO:3002109	Perfect
ncbi	blaCMY-97	ARO:3002110	Perfect
ncbi	blaCMY-99	ARO:3002070	Perfect
ncbi	blaCPS-1	ARO:3003716	Perfect
ncbi	blaCRD3-1	ARO:3006864	Perfect
ncbi	blaCRH-1	ARO:3006865	Perfect
ncbi	blaCRH-2	ARO:3006866	Perfect
ncbi	blaCRH-3	ARO:3006867	Perfect
ncbi	blaCRP-1	ARO:3006868	Perfect
ncbi	blaCSA-1	ARO:3006869	Perfect
ncbi	blaCSA-2	ARO:3006870	Perfect
ncbi	blaCSP-1	ARO:3006871	Perfect
ncbi	blaCTX-M-1	ARO:3001864	Perfect
ncbi	blaCTX-M-10	ARO:3001873	Perfect
ncbi	blaCTX-M-100	ARO:3001959	Perfect
ncbi	blaCTX-M-101	ARO:3001960	Perfect
ncbi	blaCTX-M-102	ARO:3001961	Perfect
ncbi	blaCTX-M-103	ARO:3001962	Perfect
ncbi	blaCTX-M-104	ARO:3001963	Perfect
ncbi	blaCTX-M-105	ARO:3001965	Perfect
ncbi	blaCTX-M-110	ARO:3001970	Perfect
ncbi	blaCTX-M-111	ARO:3001971	Perfect
ncbi	blaCTX-M-112	ARO:3001972	Perfect
ncbi	blaCTX-M-113	ARO:3001973	Perfect
ncbi	blaCTX-M-114	ARO:3001974	Perfect
ncbi	blaCTX-M-115	ARO:3001975	Perfect
ncbi	blaCTX-M-116	ARO:3001976	Perfect
ncbi	blaCTX-M-117	ARO:3001977	Perfect
ncbi	blaCTX-M-12	ARO:3001875	Perfect
ncbi	blaCTX-M-121	ARO:3001980	Perfect
ncbi	blaCTX-M-122	ARO:3001981	Perfect
ncbi	blaCTX-M-123	ARO:3001982	Perfect
ncbi	blaCTX-M-124	ARO:3001983	Perfect
ncbi	blaCTX-M-125	ARO:3001984	Perfect
ncbi	blaCTX-M-126	ARO:3001985	Perfect
ncbi	blaCTX-M-127	ARO:3001986	Perfect
ncbi	blaCTX-M-129	ARO:3001988	Perfect
ncbi	blaCTX-M-13	ARO:3001876	Perfect
ncbi	blaCTX-M-130	ARO:3001989	Perfect
ncbi	blaCTX-M-131	ARO:3001990	Perfect
ncbi	blaCTX-M-132	ARO:3001991	Perfect
ncbi	blaCTX-M-134	ARO:3001992	Perfect
ncbi	blaCTX-M-136	ARO:3001995	Perfect
ncbi	blaCTX-M-137	ARO:3001994	Perfect
ncbi	blaCTX-M-138	ARO:3001996	Perfect
ncbi	blaCTX-M-139	ARO:3001997	Perfect
ncbi	blaCTX-M-14	ARO:3001877	Perfect
ncbi	blaCTX-M-140	ARO:3001998	Perfect
ncbi	blaCTX-M-141	ARO:3001999	Perfect
ncbi	blaCTX-M-142	ARO:3002000	Perfect
ncbi	blaCTX-M-143	ARO:3002001	Perfect
ncbi	blaCTX-M-144	ARO:3002002	Perfect
ncbi	blaCTX-M-146	ARO:3002004	Perfect
ncbi	blaCTX-M-147	ARO:3002005	Perfect
ncbi	blaCTX-M-148	ARO:3002006	Perfect
ncbi	blaCTX-M-15	ARO:3001878	Perfect
ncbi	blaCTX-M-150	ARO:3002007	Perfect
ncbi	blaCTX-M-151	ARO:3002008	Perfect
ncbi	blaCTX-M-152	ARO:3002009	Strict
ncbi	blaCTX-M-153	ARO:3002010	Perfect
ncbi	blaCTX-M-154	ARO:3002011	Perfect
ncbi	blaCTX-M-155	ARO:3003163	Perfect
ncbi	blaCTX-M-156	ARO:3003164	Perfect
ncbi	blaCTX-M-157	ARO:3003165	Perfect
ncbi	blaCTX-M-158	ARO:3003166	Perfect
ncbi	blaCTX-M-159	ARO:3003167	Perfect
ncbi	blaCTX-M-16	ARO:3001879	Perfect
ncbi	blaCTX-M-160	ARO:3003168	Perfect
ncbi	blaCTX-M-161	ARO:3003169	Perfect
ncbi	blaCTX-M-162	ARO:3003646	Perfect
ncbi	blaCTX-M-163	ARO:3003647	Perfect
ncbi	blaCTX-M-164	ARO:3003648	Perfect
ncbi	blaCTX-M-165	ARO:3003649	Perfect
ncbi	blaCTX-M-166	ARO:3003650	Perfect
ncbi	blaCTX-M-167	ARO:3005590	Perfect
ncbi	blaCTX-M-168	ARO:3005591	Perfect
ncbi	blaCTX-M-169	ARO:3005592	Perfect
ncbi	blaCTX-M-17	ARO:3001880	Perfect
ncbi	blaCTX-M-170	ARO:3005593	Perfect
ncbi	blaCTX-M-171	ARO:3005594	Perfect
ncbi	blaCTX-M-172	ARO:3005595	Perfect
ncbi	blaCTX-M-173	ARO:3005596	Perfect
ncbi	blaCTX-M-174	ARO:3005597	Perfect
ncbi	blaCTX-M-175	ARO:3005598	Perfect
ncbi	blaCTX-M-176	ARO:3005599	Perfect
ncbi	blaCTX-M-177	ARO:3005600	Perfect
ncbi	blaCTX-M-178	ARO:3005601	Perfect
ncbi	blaCTX-M-179	ARO:3005602	Perfect
ncbi	blaCTX-M-180	ARO:3005603	Perfect
ncbi	blaCTX-M-181	ARO:3005604	Perfect
ncbi	blaCTX-M-182	ARO:3005605	Perfect
ncbi	blaCTX-M-183	ARO:3005606	Perfect
ncbi	blaCTX-M-184	ARO:3005607	Perfect
ncbi	blaCTX-M-185	ARO:3005608	Perfect
ncbi	blaCTX-M-186	ARO:3005609	Perfect
ncbi	blaCTX-M-187	ARO:3005610	Perfect
ncbi	blaCTX-M-188	ARO:3005611	Perfect
ncbi	blaCTX-M-189	ARO:3005612	Perfect
ncbi	blaCTX-M-19	ARO:3001881	Perfect
ncbi	blaCTX-M-190	ARO:3005613	Perfect
ncbi	blaCTX-M-191	ARO:3005614	Perfect
ncbi	blaCTX-M-192	ARO:3005615	Perfect
ncbi	blaCTX-M-193	ARO:3005616	Perfect
ncbi	blaCTX-M-194	ARO:3005617	Perfect
ncbi	blaCTX-M-195	ARO:3005618	Perfect
ncbi	blaCTX-M-196	ARO:3005619	Perfect
ncbi	blaCTX-M-197	ARO:3005620	Perfect
ncbi	blaCTX-M-198	ARO:3005621	Perfect
ncbi	blaCTX-M-199	ARO:3005622	Perfect
ncbi	blaCTX-M-2	ARO:3001865	Perfect
ncbi	blaCTX-M-20	ARO:3001882	Perfect
ncbi	blaCTX-M-200	ARO:3005623	Perfect
ncbi	blaCTX-M-201	ARO:3005624	Perfect
ncbi	blaCTX-M-202	ARO:3005625	Perfect
ncbi	blaCTX-M-203	ARO:3005626	Perfect
ncbi	blaCTX-M-204	ARO:3005627	Perfect
ncbi	blaCTX-M-205	ARO:3005628	Perfect
ncbi	blaCTX-M-206	ARO:3005629	Perfect
ncbi	blaCTX-M-207	ARO:3005630	Perfect
ncbi	blaCTX-M-208	ARO:3005631	Perfect
ncbi	blaCTX-M-209	ARO:3005632	Perfect
ncbi	blaCTX-M-21	ARO:3001883	Perfect
ncbi	blaCTX-M-210	ARO:3005633	Perfect
ncbi	blaCTX-M-211	ARO:3005634	Perfect
ncbi	blaCTX-M-212	ARO:3005635	Perfect
ncbi	blaCTX-M-213	ARO:3005636	Perfect
ncbi	blaCTX-M-214	ARO:3005637	Perfect
ncbi	blaCTX-M-215	ARO:3005638	Perfect
ncbi	blaCTX-M-216	ARO:3005639	Perfect
ncbi	blaCTX-M-217	ARO:3005640	Perfect
ncbi	blaCTX-M-218	ARO:3005641	Perfect
ncbi	blaCTX-M-219	ARO:3005642	Perfect
ncbi	blaCTX-M-22	ARO:3001884	Perfect
ncbi	blaCTX-M-220	ARO:3005643	Perfect
ncbi	blaCTX-M-221	ARO:3005644	Perfect
ncbi	blaCTX-M-222	ARO:3005645	Perfect
ncbi	blaCTX-M-223	ARO:3005646	Perfect
ncbi	blaCTX-M-224	ARO:3005647	Perfect
ncbi	blaCTX-M-225	ARO:3005648	Perfect
ncbi	blaCTX-M-226	ARO:3005649	Perfect
ncbi	blaCTX-M-227	ARO:3005650	Perfect
ncbi	blaCTX-M-228	ARO:3005651	Perfect
ncbi	blaCTX-M-229	ARO:3005652	Perfect
ncbi	blaCTX-M-23	ARO:3001885	Perfect
ncbi	blaCTX-M-230	ARO:3005653	Perfect
ncbi	blaCTX-M-231	ARO:3005654	Perfect
ncbi	blaCTX-M-232	ARO:3005655	Perfect
ncbi	blaCTX-M-233	ARO:3005656	Perfect
ncbi	blaCTX-M-234	ARO:3005657	Perfect
ncbi	blaCTX-M-235	ARO:3005658	Perfect
ncbi	blaCTX-M-236	ARO:3005659	Perfect
ncbi	blaCTX-M-237	ARO:3005660	Perfect
ncbi	blaCTX-M-238	ARO:3005661	Perfect
ncbi	blaCTX-M-239	ARO:3005662	Perfect
ncbi	blaCTX-M-24	ARO:3001886	Perfect
ncbi	blaCTX-M-240	ARO:3005663	Perfect
ncbi	blaCTX-M-241	ARO:3005664	Perfect
ncbi	blaCTX-M-242	ARO:3005665	Perfect
ncbi	blaCTX-M-243	ARO:3008134	Perfect
ncbi	blaCTX-M-244	ARO:3005666	Perfect
ncbi	blaCTX-M-245	ARO:3008135	Perfect
ncbi	blaCTX-M-246	ARO:3008136	Perfect
ncbi	blaCTX-M-247	ARO:3008137	Perfect
ncbi	blaCTX-M-248	ARO:3008138	Perfect
ncbi	blaCTX-M-249	ARO:3008139	Perfect
ncbi	blaCTX-M-25	ARO:3001887	Perfect
ncbi	blaCTX-M-251	ARO:3008140	Perfect
ncbi	blaCTX-M-252	ARO:3008141	Perfect
ncbi	blaCTX-M-253	ARO:3008142	Perfect
ncbi	blaCTX-M-254	ARO:3008143	Perfect
ncbi	blaCTX-M-255	ARO:3008144	Perfect
ncbi	blaCTX-M-256	ARO:3008145	Perfect
ncbi	blaCTX-M-257	ARO:3008146	Perfect
ncbi	blaCTX-M-258	ARO:3008147	Perfect
ncbi	blaCTX-M-259	ARO:3008148	Perfect
ncbi	blaCTX-M-26	ARO:3001888	Perfect
ncbi	blaCTX-M-260	ARO:3008146	Strict
ncbi	blaCTX-M-261	ARO:3008150	Perfect
ncbi	blaCTX-M-262	ARO:3008151	Perfect
ncbi	blaCTX-M-263	ARO:3008152	Perfect
ncbi	blaCTX-M-264	ARO:3008153	Perfect
ncbi	blaCTX-M-265	ARO:3008154	Perfect
ncbi	blaCTX-M-266	ARO:3008155	Perfect
ncbi	blaCTX-M-267	ARO:3008156	Perfect
ncbi	blaCTX-M-268	ARO:3008157	Perfect
ncbi	blaCTX-M-269	ARO:3008158	Perfect
ncbi	blaCTX-M-27	ARO:3001889	Perfect
ncbi	blaCTX-M-270	ARO:3008159	Perfect
ncbi	blaCTX-M-271	ARO:3008160	Perfect
ncbi	blaCTX-M-272	ARO:3008161	Perfect
ncbi	blaCTX-M-273	ARO:3008162	Perfect
ncbi	blaCTX-M-274	ARO:3008163	Perfect
ncbi	blaCTX-M-275	ARO:3008164	Perfect
ncbi	blaCTX-M-276	ARO:3008165	Perfect
ncbi	blaCTX-M-277	ARO:3008166	Perfect
ncbi	blaCTX-M-278	ARO:3008167	Perfect
ncbi	blaCTX-M-28	ARO:3001890	Perfect
ncbi	blaCTX-M-29	ARO:3001891	Perfect
ncbi	blaCTX-M-3	ARO:3001866	Perfect
ncbi	blaCTX-M-30	ARO:3001892	Perfect
ncbi	blaCTX-M-31	ARO:3001893	Perfect
ncbi	blaCTX-M-32	ARO:3001894	Perfect
ncbi	blaCTX-M-33	ARO:3001895	Perfect
ncbi	blaCTX-M-34	ARO:3001896	Perfect
ncbi	blaCTX-M-35	ARO:3001897	Perfect
ncbi	blaCTX-M-36	ARO:3001898	Perfect
ncbi	blaCTX-M-37	ARO:3001899	Perfect
ncbi	blaCTX-M-38	ARO:3001900	Perfect
ncbi	blaCTX-M-39	ARO:3001901	Perfect
ncbi	blaCTX-M-4	ARO:3001867	Perfect
ncbi	blaCTX-M-40	ARO:3001902	Perfect
ncbi	blaCTX-M-41	ARO:3001903	Perfect
ncbi	blaCTX-M-42	ARO:3001904	Perfect
ncbi	blaCTX-M-43	ARO:3001905	Perfect
ncbi	blaCTX-M-44	ARO:3001906	Perfect
ncbi	blaCTX-M-46	ARO:3001908	Perfect
ncbi	blaCTX-M-47	ARO:3001909	Perfect
ncbi	blaCTX-M-48	ARO:3001910	Perfect
ncbi	blaCTX-M-49	ARO:3001911	Perfect
ncbi	blaCTX-M-5	ARO:3001868	Perfect
ncbi	blaCTX-M-50	ARO:3001912	Perfect
ncbi	blaCTX-M-51	ARO:3001913	Perfect
ncbi	blaCTX-M-52	ARO:3001914	Perfect
ncbi	blaCTX-M-53	ARO:3001915	Perfect
ncbi	blaCTX-M-54	ARO:3001916	Perfect
ncbi	blaCTX-M-55	ARO:3001917	Perfect
ncbi	blaCTX-M-56	ARO:3001918	Perfect
ncbi	blaCTX-M-58	ARO:3001919	Perfect
ncbi	blaCTX-M-59	ARO:3001920	Perfect
ncbi	blaCTX-M-6	ARO:3001869	Perfect
ncbi	blaCTX-M-60	ARO:3001921	Perfect
ncbi	blaCTX-M-61	ARO:3001922	Perfect
ncbi	blaCTX-M-62	ARO:3001923	Perfect
ncbi	blaCTX-M-63	ARO:3001924	Perfect
ncbi	blaCTX-M-64	ARO:3001925	Perfect
ncbi	blaCTX-M-65	ARO:3001926	Perfect
ncbi	blaCTX-M-66	ARO:3001927	Perfect
ncbi	blaCTX-M-67	ARO:3001928	Perfect
ncbi	blaCTX-M-68	ARO:3001929	Perfect
ncbi	blaCTX-M-69	ARO:3001930	Perfect
ncbi	blaCTX-M-7	ARO:3001870	Perfect
ncbi	blaCTX-M-70	ARO:3001894	Strict
ncbi	blaCTX-M-71	ARO:3001932	Perfect
ncbi	blaCTX-M-72	ARO:3001933	Perfect
ncbi	blaCTX-M-73	ARO:3001934	Perfect
ncbi	blaCTX-M-74	ARO:3001935	Perfect
ncbi	blaCTX-M-75	ARO:3001936	Perfect
ncbi	blaCTX-M-76	ARO:3001937	Perfect
ncbi	blaCTX-M-77	ARO:3001938	Perfect
ncbi	blaCTX-M-78	ARO:3001939	Perfect
ncbi	blaCTX-M-79	ARO:3001940	Perfect
ncbi	blaCTX-M-8	ARO:3001871	Perfect
ncbi	blaCTX-M-80	ARO:3001941	Perfect
ncbi	blaCTX-M-81	ARO:3001942	Perfect
ncbi	blaCTX-M-82	ARO:3001943	Perfect
ncbi	blaCTX-M-83	ARO:3001944	Perfect
ncbi	blaCTX-M-84	ARO:3001945	Perfect
ncbi	blaCTX-M-85	ARO:3002495	Perfect
ncbi	blaCTX-M-86	ARO:3001946	Perfect
ncbi	blaCTX-M-87	ARO:3001947	Perfect
ncbi	blaCTX-M-88	ARO:3001948	Perfect
ncbi	blaCTX-M-89	ARO:3001949	Perfect
ncbi	blaCTX-M-9	ARO:3001872	Perfect
ncbi	blaCTX-M-90	ARO:3001950	Perfect
ncbi	blaCTX-M-91	ARO:3001951	Perfect
ncbi	blaCTX-M-92	ARO:3001952	Perfect
ncbi	blaCTX-M-93	ARO:3001953	Perfect
ncbi	blaCTX-M-94	ARO:3001954	Perfect
ncbi	blaCTX-M-95	ARO:3001955	Perfect
ncbi	blaCTX-M-96	ARO:3001956	Perfect
ncbi	blaCTX-M-97	ARO:3005667	Perfect
ncbi	blaCTX-M-98	ARO:3001957	Perfect
ncbi	blaCTX-M-99	ARO:3001958	Perfect
ncbi	blaCVI-1	ARO:3006924	Perfect
ncbi	blaDES-1	ARO:3004780	Perfect
ncbi	blaDHA-1	ARO:3002132	Perfect
ncbi	blaDHA-10	ARO:3002141	Perfect
ncbi	blaDHA-12	ARO:3002143	Perfect
ncbi	blaDHA-13	ARO:3002144	Perfect
ncbi	blaDHA-14	ARO:3002145	Perfect
ncbi	blaDHA-15	ARO:3002146	Perfect
ncbi	blaDHA-16	ARO:3002147	Perfect
ncbi	blaDHA-17	ARO:3002148	Perfect
ncbi	blaDHA-18	ARO:3002149	Perfect
ncbi	blaDHA-19	ARO:3002150	Perfect
ncbi	blaDHA-2	ARO:3002133	Perfect
ncbi	blaDHA-20	ARO:3002151	Perfect
ncbi	blaDHA-21	ARO:3002152	Perfect
ncbi	blaDHA-22	ARO:3002153	Perfect
ncbi	blaDHA-23	ARO:3002154	Perfect
ncbi	blaDHA-24	ARO:3006465	Perfect
ncbi	blaDHA-25	ARO:3006466	Perfect
ncbi	blaDHA-26	ARO:3006467	Perfect
ncbi	blaDHA-27	ARO:3006468	Perfect
ncbi	blaDHA-28	ARO:3006469	Perfect
ncbi	blaDHA-29	ARO:3006470	Perfect
ncbi	blaDHA-3	ARO:3002134	Perfect
ncbi	blaDHA-30	ARO:3008168	Perfect
ncbi	blaDHA-31	ARO:3008169	Perfect
ncbi	blaDHA-32	ARO:3008170	Perfect
ncbi	blaDHA-33	ARO:3008171	Perfect
ncbi	blaDHA-34	ARO:3008172	Perfect
ncbi	blaDHA-4	ARO:3002137	Perfect
ncbi	blaDHA-5	ARO:3002138	Perfect
ncbi	blaDHA-6	ARO:3002135	Perfect
ncbi	blaDHA-7	ARO:3002136	Perfect
ncbi	blaDHA-9	ARO:3002140	Perfect
ncbi	blaDHT2-1	ARO:3006872	Perfect
ncbi	blaDIM-1	ARO:3000848	Perfect
ncbi	blaDYB-1	ARO:3007861	Perfect
ncbi	blaEAM-1	ARO:3006873	Perfect
ncbi	blaEBR-1	ARO:3000842	Perfect
ncbi	blaEBR-2	ARO:3004463	Perfect
ncbi	blaEBR-3	ARO:3005461	Perfect
ncbi	blaEBR-4	ARO:3005462	Perfect
ncbi	blaEBR-5	ARO:3007437	Perfect
ncbi	blaEC	ARO:3004290	Perfect
ncbi	blaEC-13	ARO:3006874	Perfect
ncbi	blaEC-14	ARO:3006875	Perfect
ncbi	blaEC-15	ARO:3006876	Perfect
ncbi	blaEC-16	ARO:3006877	Perfect
ncbi	blaEC-18	ARO:3006878	Perfect
ncbi	blaEC-19	ARO:3006879	Perfect
ncbi	blaEC-5	ARO:3006880	Perfect
ncbi	blaEC-8	ARO:3006881	Perfect
ncbi	blaECM-1	ARO:3006882	Perfect
ncbi	blaECV-1	ARO:3006883	Perfect
ncbi	blaEFM-1	ARO:3006884	Perfect
ncbi	blaELM-1	ARO:3006885	Perfect
ncbi	blaERP-1	ARO:3004782	Perfect
ncbi	blaESP-1	ARO:3003717	Perfect
ncbi	blaEVM-1	ARO:3006886	Perfect
ncbi	blaF	ARO:3003562	Perfect
ncbi	blaFAR-1	ARO:3004784	Strict
ncbi	blaFEZ-1	ARO:3000606	Perfect
ncbi	blaFIA-1	ARO:3006887	Perfect
ncbi	blaFIM-1	ARO:3004786	Perfect
ncbi	blaFLC-1	ARO:3005033	Perfect
ncbi	blaFONA-1	ARO:3004788	Perfect
ncbi	blaFONA-10	ARO:3008173	Perfect
ncbi	blaFONA-11	ARO:3008174	Perfect
ncbi	blaFONA-12	ARO:3008175	Perfect
ncbi	blaFONA-13	ARO:3008176	Perfect
ncbi	blaFONA-2	ARO:3004789	Perfect
ncbi	blaFONA-3	ARO:3004790	Perfect
ncbi	blaFONA-4	ARO:3004791	Perfect
ncbi	blaFONA-5	ARO:3004792	Perfect
ncbi	blaFONA-6	ARO:3004793	Perfect
ncbi	blaFONA-7	ARO:3008177	Perfect
ncbi	blaFONA-8	ARO:3008178	Perfect
ncbi	blaFONA-9	ARO:3008179	Perfect
ncbi	blaFOX-1	ARO:3002155	Perfect
ncbi	blaFOX-10	ARO:3002162	Perfect
ncbi	blaFOX-12	ARO:3002165	Perfect
ncbi	blaFOX-13	ARO:3006471	Perfect
ncbi	blaFOX-14	ARO:3006472	Perfect
ncbi	blaFOX-15	ARO:3006473	Perfect
ncbi	blaFOX-16	ARO:3006474	Perfect
ncbi	blaFOX-17	ARO:3006475	Perfect
ncbi	blaFOX-18	ARO:3008180	Perfect
ncbi	blaFOX-19	ARO:3008181	Perfect
ncbi	blaFOX-2	ARO:3002156	Perfect
ncbi	blaFOX-20	ARO:3008182	Perfect
ncbi	blaFOX-21	ARO:3008183	Perfect
ncbi	blaFOX-3	ARO:3002157	Perfect
ncbi	blaFOX-4	ARO:3002158	Perfect
ncbi	blaFOX-5	ARO:3002159	Perfect
ncbi	blaFOX-7	ARO:3002160	Perfect
ncbi	blaFOX-8	ARO:3002161	Perfect
ncbi	blaFOX-9	ARO:3002163	Perfect
ncbi	blaFPH-1	ARO:3004795	Perfect
ncbi	blaFRI-1	ARO:3004797	Perfect
ncbi	blaFRI-10	ARO:3006227	Perfect
ncbi	blaFRI-11	ARO:3007632	Perfect
ncbi	blaFRI-12	ARO:3008184	Perfect
ncbi	blaFRI-2	ARO:3004798	Perfect
ncbi	blaFRI-3	ARO:3004799	Perfect
ncbi	blaFRI-4	ARO:3005027	Perfect
ncbi	blaFRI-5	ARO:3005028	Perfect
ncbi	blaFRI-6	ARO:3005029	Perfect
ncbi	blaFRI-7	ARO:3005030	Perfect
ncbi	blaFRI-8	ARO:3005031	Perfect
ncbi	blaFRI-9	ARO:3005032	Perfect
ncbi	blaFTU-1	ARO:3004801	Perfect
ncbi	blaGES-1	ARO:3002330	Perfect
ncbi	blaGES-10	ARO:3002339	Perfect
ncbi	blaGES-11	ARO:3002340	Perfect
ncbi	blaGES-12	ARO:3002341	Perfect
ncbi	blaGES-13	ARO:3002342	Perfect
ncbi	blaGES-14	ARO:3002343	Perfect
ncbi	blaGES-15	ARO:3002344	Perfect
ncbi	blaGES-16	ARO:3002345	Perfect
ncbi	blaGES-17	ARO:3002346	Perfect
ncbi	blaGES-18	ARO:3002347	Perfect
ncbi	blaGES-19	ARO:3002348	Perfect
ncbi	blaGES-2	ARO:3002331	Perfect
ncbi	blaGES-20	ARO:3002349	Perfect
ncbi	blaGES-21	ARO:3002350	Perfect
ncbi	blaGES-22	ARO:3002351	Perfect
ncbi	blaGES-23	ARO:3002352	Perfect
ncbi	blaGES-24	ARO:3002353	Perfect
ncbi	blaGES-25	ARO:3003185	Perfect
ncbi	blaGES-26	ARO:3003181	Perfect
ncbi	blaGES-27	ARO:3006156	Perfect
ncbi	blaGES-28	ARO:3006157	Perfect
ncbi	blaGES-29	ARO:3006158	Perfect
ncbi	blaGES-3	ARO:3002332	Perfect
ncbi	blaGES-30	ARO:3006159	Perfect
ncbi	blaGES-31	ARO:3006160	Perfect
ncbi	blaGES-32	ARO:3006161	Perfect
ncbi	blaGES-33	ARO:3006162	Perfect
ncbi	blaGES-34	ARO:3006163	Perfect
ncbi	blaGES-35	ARO:3006164	Perfect
ncbi	blaGES-36	ARO:3006165	Perfect
ncbi	blaGES-37	ARO:3006166	Perfect
ncbi	blaGES-38	ARO:3006167	Perfect
ncbi	blaGES-39	ARO:3006168	Perfect
ncbi	blaGES-4	ARO:3002333	Perfect
ncbi	blaGES-40	ARO:3006169	Perfect
ncbi	blaGES-41	ARO:3006170	Perfect
ncbi	blaGES-42	ARO:3006171	Perfect
ncbi	blaGES-43	ARO:3006172	Perfect
ncbi	blaGES-44	ARO:3006173	Perfect
ncbi	blaGES-45	ARO:3006174	Perfect
ncbi	blaGES-46	ARO:3006175	Perfect
ncbi	blaGES-47	ARO:3007825	Perfect
ncbi	blaGES-48	ARO:3007826	Perfect
ncbi	blaGES-49	ARO:3007827	Perfect
ncbi	blaGES-5	ARO:3002334	Perfect
ncbi	blaGES-50	ARO:3007828	Perfect
ncbi	blaGES-51	ARO:3007829	Perfect
ncbi	blaGES-52	ARO:3007830	Perfect
ncbi	blaGES-53	ARO:3007831	Perfect
ncbi	blaGES-54	ARO:3007832	Perfect
ncbi	blaGES-55	ARO:3007833	Perfect
ncbi	blaGES-56	ARO:3007834	Perfect
ncbi	blaGES-57	ARO:3007835	Perfect
ncbi	blaGES-58	ARO:3008185	Perfect
ncbi	blaGES-59	ARO:3008186	Perfect
ncbi	blaGES-6	ARO:3002335	Perfect
ncbi	blaGES-60	ARO:3008187	Perfect
ncbi	blaGES-61	ARO:3008188	Perfect
ncbi	blaGES-62	ARO:3008189	Perfect
ncbi	blaGES-65	ARO:3008190	Perfect
ncbi	blaGES-66	ARO:3008191	Perfect
ncbi	blaGES-7	ARO:3002336	Perfect
ncbi	blaGES-8	ARO:3002337	Perfect
ncbi	blaGES-9	ARO:3002338	Perfect
ncbi	blaGIL-1	ARO:3006888	Perfect
ncbi	blaGIM-1	ARO:3000845	Perfect
ncbi	blaGIM-2	ARO:3003194	Perfect
ncbi	blaGIM-3	ARO:3008192	Perfect
ncbi	blaGMA-1	ARO:3008193	Perfect
ncbi	blaGMA-2	ARO:3008194	Perfect
ncbi	blaGMB-1	ARO:3006889	Perfect
ncbi	blaGOB-1	ARO:3000850	Perfect
ncbi	blaGOB-10	ARO:3004802	Perfect
ncbi	blaGOB-11	ARO:3004803	Perfect
ncbi	blaGOB-12	ARO:3004804	Perfect
ncbi	blaGOB-13	ARO:3004805	Perfect
ncbi	blaGOB-14	ARO:3004806	Perfect
ncbi	blaGOB-15	ARO:3004807	Perfect
ncbi	blaGOB-16	ARO:3004808	Perfect
ncbi	blaGOB-17	ARO:3008195	Perfect
ncbi	blaGOB-18	ARO:3004213	Perfect
ncbi	blaGOB-19	ARO:3005668	Perfect
ncbi	blaGOB-20	ARO:3005669	Perfect
ncbi	blaGOB-21	ARO:3005670	Perfect
ncbi	blaGOB-22	ARO:3005671	Perfect
ncbi	blaGOB-23	ARO:3005672	Perfect
ncbi	blaGOB-24	ARO:3005673	Perfect
ncbi	blaGOB-25	ARO:3005674	Perfect
ncbi	blaGOB-26	ARO:3005675	Perfect
ncbi	blaGOB-27	ARO:3005676	Perfect
ncbi	blaGOB-28	ARO:3005677	Perfect
ncbi	blaGOB-29	ARO:3005678	Perfect
ncbi	blaGOB-3	ARO:3005696	Strict
ncbi	blaGOB-30	ARO:3005679	Perfect
ncbi	blaGOB-31	ARO:3005680	Perfect
ncbi	blaGOB-32	ARO:3005681	Perfect
ncbi	blaGOB-33	ARO:3005682	Perfect
ncbi	blaGOB-34	ARO:3005683	Perfect
ncbi	blaGOB-35	ARO:3005684	Perfect
ncbi	blaGOB-36	ARO:3005685	Perfect
ncbi	blaGOB-37	ARO:3005686	Perfect
ncbi	blaGOB-38	ARO:3005687	Perfect
ncbi	blaGOB-39	ARO:3005688	Perfect
ncbi	blaGOB-4	ARO:3005696	Strict
ncbi	blaGOB-40	ARO:3005689	Perfect
ncbi	blaGOB-41	ARO:3005690	Perfect
ncbi	blaGOB-42	ARO:3005691	Perfect
ncbi	blaGOB-43	ARO:3005692	Perfect
ncbi	blaGOB-44	ARO:3005693	Perfect
ncbi	blaGOB-45	ARO:3005694	Perfect
ncbi	blaGOB-46	ARO:3005695	Perfect
ncbi	blaGOB-47	ARO:3008196	Perfect
ncbi	blaGOB-48	ARO:3005696	Perfect
ncbi	blaGOB-49	ARO:3005697	Perfect
ncbi	blaGOB-5	ARO:3005669	Strict
ncbi	blaGOB-50	ARO:3005698	Perfect
ncbi	blaGOB-51	ARO:3005699	Perfect
ncbi	blaGOB-52	ARO:3008197	Perfect
ncbi	blaGOB-53	ARO:3008198	Perfect
ncbi	blaGOB-6	ARO:3005670	Strict
ncbi	blaGOB-7	ARO:3005678	Strict
ncbi	blaGOB-8	ARO:3004815	Perfect
ncbi	blaGOB-9	ARO:3004816	Perfect
ncbi	blaGPC-1	ARO:3005096	Perfect
ncbi	blaGRD23-1	ARO:3006925	Perfect
ncbi	blaGRD33-1	ARO:3006926	Perfect
ncbi	blaHBL-1	ARO:3008199	Perfect
ncbi	blaHER-1	ARO:3008200	Perfect
ncbi	blaHER-2	ARO:3008201	Perfect
ncbi	blaHER-3	ARO:3008202	Perfect
ncbi	blaHER-4	ARO:3008203	Perfect
ncbi	blaHER-5	ARO:3008204	Perfect
ncbi	blaHER-6	ARO:3008205	Perfect
ncbi	blaHER-8	ARO:3008206	Perfect
ncbi	blaHMB-1	ARO:3004092	Perfect
ncbi	blaHMB-2	ARO:3008207	Perfect
ncbi	blaIDC-1	ARO:3005012	Perfect
ncbi	blaIDC-2	ARO:3005013	Perfect
ncbi	blaIII	ARO:3007101	Perfect
ncbi	blaIMI-1	ARO:3001858	Perfect
ncbi	blaIMI-10	ARO:3008208	Perfect
ncbi	blaIMI-12	ARO:3006176	Perfect
ncbi	blaIMI-13	ARO:3006177	Perfect
ncbi	blaIMI-14	ARO:3006178	Perfect
ncbi	blaIMI-15	ARO:3006179	Perfect
ncbi	blaIMI-16	ARO:3006180	Perfect
ncbi	blaIMI-17	ARO:3006181	Perfect
ncbi	blaIMI-18	ARO:3006182	Perfect
ncbi	blaIMI-19	ARO:3006183	Perfect
ncbi	blaIMI-2	ARO:3001859	Perfect
ncbi	blaIMI-20	ARO:3006184	Perfect
ncbi	blaIMI-21	ARO:3006185	Perfect
ncbi	blaIMI-22	ARO:3008209	Perfect
ncbi	blaIMI-23	ARO:3008210	Perfect
ncbi	blaIMI-24	ARO:3008211	Perfect
ncbi	blaIMI-25	ARO:3008212	Perfect
ncbi	blaIMI-26	ARO:3008213	Perfect
ncbi	blaIMI-27	ARO:3008214	Perfect
ncbi	blaIMI-3	ARO:3001860	Perfect
ncbi	blaIMI-4	ARO:3001861	Perfect
ncbi	blaIMI-5	ARO:3001862	Perfect
ncbi	blaIMI-6	ARO:3001863	Perfect
ncbi	blaIMI-7	ARO:3003177	Perfect
ncbi	blaIMI-8	ARO:3003142	Perfect
ncbi	blaIMI-9	ARO:3003143	Perfect
ncbi	blaIMP-1	ARO:3002192	Perfect
ncbi	blaIMP-10	ARO:3002201	Perfect
ncbi	blaIMP-100	ARO:3008215	Perfect
ncbi	blaIMP-101	ARO:3008216	Perfect
ncbi	blaIMP-102	ARO:3008217	Perfect
ncbi	blaIMP-104	ARO:3008218	Perfect
ncbi	blaIMP-105	ARO:3008219	Perfect
ncbi	blaIMP-106	ARO:3002230	Strict
ncbi	blaIMP-11	ARO:3002202	Perfect
ncbi	blaIMP-12	ARO:3002203	Perfect
ncbi	blaIMP-13	ARO:3002204	Perfect
ncbi	blaIMP-14	ARO:3002205	Perfect
ncbi	blaIMP-15	ARO:3002206	Perfect
ncbi	blaIMP-16	ARO:3002207	Perfect
ncbi	blaIMP-17	ARO:3002208	Perfect
ncbi	blaIMP-18	ARO:3002209	Perfect
ncbi	blaIMP-19	ARO:3002210	Perfect
ncbi	blaIMP-2	ARO:3002193	Perfect
ncbi	blaIMP-20	ARO:3002211	Perfect
ncbi	blaIMP-21	ARO:3002212	Perfect
ncbi	blaIMP-22	ARO:3002213	Perfect
ncbi	blaIMP-23	ARO:3002214	Perfect
ncbi	blaIMP-24	ARO:3002215	Perfect
ncbi	blaIMP-25	ARO:3002216	Perfect
ncbi	blaIMP-26	ARO:3002217	Perfect
ncbi	blaIMP-27	ARO:3002218	Perfect
ncbi	blaIMP-28	ARO:3002219	Perfect
ncbi	blaIMP-29	ARO:3002220	Perfect
ncbi	blaIMP-3	ARO:3002194	Perfect
ncbi	blaIMP-30	ARO:3002221	Perfect
ncbi	blaIMP-31	ARO:3002222	Perfect
ncbi	blaIMP-32	ARO:3002223	Perfect
ncbi	blaIMP-33	ARO:3002224	Perfect
ncbi	blaIMP-34	ARO:3002225	Perfect
ncbi	blaIMP-35	ARO:3002226	Perfect
ncbi	blaIMP-37	ARO:3002228	Perfect
ncbi	blaIMP-38	ARO:3002229	Perfect
ncbi	blaIMP-39	ARO:3002230	Perfect
ncbi	blaIMP-4	ARO:3002195	Perfect
ncbi	blaIMP-40	ARO:3002231	Perfect
ncbi	blaIMP-41	ARO:3002232	Perfect
ncbi	blaIMP-42	ARO:3002233	Perfect
ncbi	blaIMP-43	ARO:3002234	Perfect
ncbi	blaIMP-44	ARO:3002235	Perfect
ncbi	blaIMP-45	ARO:3002236	Perfect
ncbi	blaIMP-46	ARO:3002237	Perfect
ncbi	blaIMP-48	ARO:3002239	Perfect
ncbi	blaIMP-49	ARO:3003657	Perfect
ncbi	blaIMP-5	ARO:3002196	Perfect
ncbi	blaIMP-50	ARO:3005470	Strict
ncbi	blaIMP-51	ARO:3003659	Perfect
ncbi	blaIMP-52	ARO:3004823	Perfect
ncbi	blaIMP-53	ARO:3005463	Perfect
ncbi	blaIMP-54	ARO:3005464	Perfect
ncbi	blaIMP-55	ARO:3004494	Perfect
ncbi	blaIMP-56	ARO:3004495	Perfect
ncbi	blaIMP-58	ARO:3005465	Perfect
ncbi	blaIMP-59	ARO:3005466	Perfect
ncbi	blaIMP-6	ARO:3002197	Perfect
ncbi	blaIMP-60	ARO:3005467	Perfect
ncbi	blaIMP-61	ARO:3005468	Perfect
ncbi	blaIMP-62	ARO:3005469	Perfect
ncbi	blaIMP-63	ARO:3005470	Perfect
ncbi	blaIMP-64	ARO:3005471	Perfect
ncbi	blaIMP-65	ARO:3005472	Perfect
ncbi	blaIMP-66	ARO:3005473	Perfect
ncbi	blaIMP-67	ARO:3005474	Perfect
ncbi	blaIMP-68	ARO:3005019	Perfect
ncbi	blaIMP-69	ARO:3005475	Perfect
ncbi	blaIMP-7	ARO:3002198	Perfect
ncbi	blaIMP-70	ARO:3005476	Perfect
ncbi	blaIMP-71	ARO:3005477	Perfect
ncbi	blaIMP-73	ARO:3005478	Perfect
ncbi	blaIMP-74	ARO:3005479	Perfect
ncbi	blaIMP-75	ARO:3005480	Perfect
ncbi	blaIMP-76	ARO:3005481	Perfect
ncbi	blaIMP-77	ARO:3005482	Perfect
ncbi	blaIMP-78	ARO:3005483	Perfect
ncbi	blaIMP-79	ARO:3005484	Perfect
ncbi	blaIMP-8	ARO:3002199	Perfect
ncbi	blaIMP-80	ARO:3005485	Perfect
ncbi	blaIMP-81	ARO:3005486	Perfect
ncbi	blaIMP-82	ARO:3005487	Perfect
ncbi	blaIMP-83	ARO:3005488	Perfect
ncbi	blaIMP-84	ARO:3005489	Perfect
ncbi	blaIMP-85	ARO:3005490	Perfect
ncbi	blaIMP-86	ARO:3008220	Perfect
ncbi	blaIMP-87	ARO:3008221	Perfect
ncbi	blaIMP-88	ARO:3005491	Perfect
ncbi	blaIMP-89	ARO:3005492	Perfect
ncbi	blaIMP-9	ARO:3002200	Perfect
ncbi	blaIMP-90	ARO:3008222	Perfect
ncbi	blaIMP-91	ARO:3007460	Perfect
ncbi	blaIMP-92	ARO:3007462	Perfect
ncbi	blaIMP-93	ARO:3007463	Perfect
ncbi	blaIMP-94	ARO:3007464	Perfect
ncbi	blaIMP-95	ARO:3007465	Perfect
ncbi	blaIMP-96	ARO:3007461	Perfect
ncbi	blaIMP-97	ARO:3008223	Perfect
ncbi	blaIMP-98	ARO:3008224	Perfect
ncbi	blaIMP-99	ARO:3008225	Perfect
ncbi	blaIND-1	ARO:3002256	Perfect
ncbi	blaIND-10	ARO:3002266	Perfect
ncbi	blaIND-11	ARO:3002267	Perfect
ncbi	blaIND-12	ARO:3002268	Perfect
ncbi	blaIND-14	ARO:3002269	Perfect
ncbi	blaIND-15	ARO:3002270	Perfect
ncbi	blaIND-16	ARO:3005493	Perfect
ncbi	blaIND-17	ARO:3007470	Perfect
ncbi	blaIND-18	ARO:3008226	Perfect
ncbi	blaIND-19	ARO:3008227	Perfect
ncbi	blaIND-2	ARO:3002257	Perfect
ncbi	blaIND-2a	ARO:3002258	Perfect
ncbi	blaIND-3	ARO:3002259	Perfect
ncbi	blaIND-4	ARO:3002260	Perfect
ncbi	blaIND-5	ARO:3002261	Perfect
ncbi	blaIND-6	ARO:3002262	Perfect
ncbi	blaIND-7	ARO:3002263	Perfect
ncbi	blaIND-8	ARO:3002264	Perfect
ncbi	blaIND-9	ARO:3002265	Perfect
ncbi	blaJOHN-1	ARO:3000840	Perfect
ncbi	blaKBL-1	ARO:3007206	Perfect
ncbi	blaKHM-1	ARO:3000847	Perfect
ncbi	blaKHM-2	ARO:3008228	Perfect
ncbi	blaKLUC-1	ARO:3006927	Perfect
ncbi	blaKLUC-2	ARO:3006928	Perfect
ncbi	blaKLUC-3	ARO:3006929	Perfect
ncbi	blaKLUC-4	ARO:3006930	Perfect
ncbi	blaKLUC-5	ARO:3006931	Perfect
ncbi	blaKLUC-6	ARO:3008229	Perfect
ncbi	blaKLUG-1	ARO:3008230	Perfect
ncbi	blaKPC-10	ARO:3002320	Perfect
ncbi	blaKPC-100	ARO:3007446	Perfect
ncbi	blaKPC-101	ARO:3008231	Perfect
ncbi	blaKPC-102	ARO:3008232	Perfect
ncbi	blaKPC-103	ARO:3008233	Perfect
ncbi	blaKPC-104	ARO:3008234	Perfect
ncbi	blaKPC-105	ARO:3008235	Perfect
ncbi	blaKPC-106	ARO:3008236	Perfect
ncbi	blaKPC-107	ARO:3008237	Perfect
ncbi	blaKPC-108	ARO:3008238	Perfect
ncbi	blaKPC-109	ARO:3008239	Perfect
ncbi	blaKPC-11	ARO:3002321	Perfect
ncbi	blaKPC-110	ARO:3008240	Perfect
ncbi	blaKPC-111	ARO:3008241	Perfect
ncbi	blaKPC-112	ARO:3008242	Perfect
ncbi	blaKPC-113	ARO:3008243	Perfect
ncbi	blaKPC-114	ARO:3008244	Perfect
ncbi	blaKPC-115	ARO:3008245	Perfect
ncbi	blaKPC-116	ARO:3008246	Perfect
ncbi	blaKPC-117	ARO:3008247	Perfect
ncbi	blaKPC-118	ARO:3008248	Perfect
ncbi	blaKPC-119	ARO:3008249	Perfect
ncbi	blaKPC-12	ARO:3002322	Perfect
ncbi	blaKPC-120	ARO:3008250	Perfect
ncbi	blaKPC-121	ARO:3008251	Perfect
ncbi	blaKPC-122	ARO:3008252	Perfect
ncbi	blaKPC-123	ARO:3007196	Perfect
ncbi	blaKPC-124	ARO:3008253	Perfect
ncbi	blaKPC-125	ARO:3007633	Perfect
ncbi	blaKPC-126	ARO:3008254	Perfect
ncbi	blaKPC-127	ARO:3008255	Perfect
ncbi	blaKPC-128	ARO:3008256	Perfect
ncbi	blaKPC-129	ARO:3008257	Perfect
ncbi	blaKPC-13	ARO:3002323	Perfect
ncbi	blaKPC-130	ARO:3008258	Perfect
ncbi	blaKPC-131	ARO:3008259	Perfect
ncbi	blaKPC-132	ARO:3008260	Perfect
ncbi	blaKPC-133	ARO:3008261	Perfect
ncbi	blaKPC-134	ARO:3007857	Perfect
ncbi	blaKPC-135	ARO:3007844	Perfect
ncbi	blaKPC-136	ARO:3008262	Perfect
ncbi	blaKPC-137	ARO:3008263	Perfect
ncbi	blaKPC-138	ARO:3008264	Perfect
ncbi	blaKPC-139	ARO:3008265	Perfect
ncbi	blaKPC-14	ARO:3002324	Perfect
ncbi	blaKPC-140	ARO:3008266	Perfect
ncbi	blaKPC-141	ARO:3008267	Perfect
ncbi	blaKPC-142	ARO:3008268	Perfect
ncbi	blaKPC-143	ARO:3008269	Perfect
ncbi	blaKPC-144	ARO:3008270	Perfect
ncbi	blaKPC-145	ARO:3008271	Perfect
ncbi	blaKPC-146	ARO:3008272	Perfect
ncbi	blaKPC-147	ARO:3008273	Perfect
ncbi	blaKPC-148	ARO:3008274	Perfect
ncbi	blaKPC-149	ARO:3008275	Perfect
ncbi	blaKPC-15	ARO:3002325	Perfect
ncbi	blaKPC-150	ARO:3008276	Perfect
ncbi	blaKPC-151	ARO:3008277	Perfect
ncbi	blaKPC-152	ARO:3008278	Perfect
ncbi	blaKPC-153	ARO:3008279	Perfect
ncbi	blaKPC-154	ARO:3008280	Perfect
ncbi	blaKPC-155	ARO:3008281	Perfect
ncbi	blaKPC-156	ARO:3008282	Perfect
ncbi	blaKPC-157	ARO:3008283	Perfect
ncbi	blaKPC-158	ARO:3008284	Perfect
ncbi	blaKPC-159	ARO:3008285	Perfect
ncbi	blaKPC-16	ARO:3002326	Perfect
ncbi	blaKPC-160	ARO:3008286	Perfect
ncbi	blaKPC-161	ARO:3008287	Perfect
ncbi	blaKPC-162	ARO:3008288	Perfect
ncbi	blaKPC-163	ARO:3008289	Perfect
ncbi	blaKPC-164	ARO:3008290	Perfect
ncbi	blaKPC-165	ARO:3008291	Perfect
ncbi	blaKPC-166	ARO:3008292	Perfect
ncbi	blaKPC-167	ARO:3008293	Perfect
ncbi	blaKPC-168	ARO:3008294	Perfect
ncbi	blaKPC-169	ARO:3008295	Perfect
ncbi	blaKPC-17	ARO:3002327	Perfect
ncbi	blaKPC-170	ARO:3008296	Perfect
ncbi	blaKPC-171	ARO:3008297	Perfect
ncbi	blaKPC-172	ARO:3008298	Perfect
ncbi	blaKPC-173	ARO:3008299	Perfect
ncbi	blaKPC-174	ARO:3008300	Perfect
ncbi	blaKPC-175	ARO:3008301	Perfect
ncbi	blaKPC-176	ARO:3008302	Perfect
ncbi	blaKPC-177	ARO:3008303	Perfect
ncbi	blaKPC-178	ARO:3008304	Perfect
ncbi	blaKPC-179	ARO:3008305	Perfect
ncbi	blaKPC-18	ARO:3002328	Perfect
ncbi	blaKPC-180	ARO:3008306	Perfect
ncbi	blaKPC-181	ARO:3008307	Perfect
ncbi	blaKPC-182	ARO:3008308	Perfect
ncbi	blaKPC-183	ARO:3008309	Perfect
ncbi	blaKPC-184	ARO:3008310	Perfect
ncbi	blaKPC-185	ARO:3008311	Perfect
ncbi	blaKPC-186	ARO:3008312	Perfect
ncbi	blaKPC-187	ARO:3008313	Perfect
ncbi	blaKPC-188	ARO:3008314	Perfect
ncbi	blaKPC-189	ARO:3008315	Perfect
ncbi	blaKPC-19	ARO:3002329	Perfect
ncbi	blaKPC-190	ARO:3008316	Perfect
ncbi	blaKPC-191	ARO:3008317	Perfect
ncbi	blaKPC-192	ARO:3008318	Perfect
ncbi	blaKPC-193	ARO:3008319	Perfect
ncbi	blaKPC-194	ARO:3008320	Perfect
ncbi	blaKPC-195	ARO:3008321	Perfect
ncbi	blaKPC-196	ARO:3008322	Perfect
ncbi	blaKPC-197	ARO:3008323	Perfect
ncbi	blaKPC-2	ARO:3002312	Perfect
ncbi	blaKPC-201	ARO:3008324	Perfect
ncbi	blaKPC-202	ARO:3008325	Perfect
ncbi	blaKPC-203	ARO:3008326	Perfect
ncbi	blaKPC-204	ARO:3008327	Perfect
ncbi	blaKPC-205	ARO:3008328	Perfect
ncbi	blaKPC-206	ARO:3008329	Perfect
ncbi	blaKPC-207	ARO:3008330	Perfect
ncbi	blaKPC-208	ARO:3008331	Perfect
ncbi	blaKPC-209	ARO:3008332	Perfect
ncbi	blaKPC-21	ARO:3003145	Perfect
ncbi	blaKPC-211	ARO:3008333	Perfect
ncbi	blaKPC-212	ARO:3008334	Perfect
ncbi	blaKPC-213	ARO:3008335	Perfect
ncbi	blaKPC-214	ARO:3008336	Perfect
ncbi	blaKPC-215	ARO:3008337	Perfect
ncbi	blaKPC-216	ARO:3008338	Perfect
ncbi	blaKPC-217	ARO:3008339	Perfect
ncbi	blaKPC-218	ARO:3008340	Perfect
ncbi	blaKPC-22	ARO:3003180	Perfect
ncbi	blaKPC-223	ARO:3008341	Perfect
ncbi	blaKPC-224	ARO:3008342	Perfect
ncbi	blaKPC-225	ARO:3008343	Perfect
ncbi	blaKPC-226	ARO:3008344	Perfect
ncbi	blaKPC-227	ARO:3008345	Perfect
ncbi	blaKPC-228	ARO:3008346	Perfect
ncbi	blaKPC-23	ARO:3005356	Perfect
ncbi	blaKPC-230	ARO:3008347	Perfect
ncbi	blaKPC-231	ARO:3008348	Perfect
ncbi	blaKPC-232	ARO:3008349	Perfect
ncbi	blaKPC-233	ARO:3008350	Perfect
ncbi	blaKPC-234	ARO:3008351	Perfect
ncbi	blaKPC-236	ARO:3008352	Perfect
ncbi	blaKPC-237	ARO:3008353	Perfect
ncbi	blaKPC-238	ARO:3008354	Perfect
ncbi	blaKPC-239	ARO:3008355	Perfect
ncbi	blaKPC-24	ARO:3004496	Perfect
ncbi	blaKPC-240	ARO:3008356	Perfect
ncbi	blaKPC-241	ARO:3008357	Perfect
ncbi	blaKPC-242	ARO:3008358	Perfect
ncbi	blaKPC-243	ARO:3007102	Strict
ncbi	blaKPC-244	ARO:3002312	Strict
ncbi	blaKPC-245	ARO:3008260	Strict
ncbi	blaKPC-25	ARO:3005357	Perfect
ncbi	blaKPC-26	ARO:3005358	Perfect
ncbi	blaKPC-27	ARO:3005359	Perfect
ncbi	blaKPC-28	ARO:3005361	Perfect
ncbi	blaKPC-29	ARO:3005360	Perfect
ncbi	blaKPC-3	ARO:3002313	Perfect
ncbi	blaKPC-30	ARO:3005364	Perfect
ncbi	blaKPC-31	ARO:3005362	Perfect
ncbi	blaKPC-32	ARO:3005363	Perfect
ncbi	blaKPC-33	ARO:3005365	Perfect
ncbi	blaKPC-34	ARO:3005366	Perfect
ncbi	blaKPC-35	ARO:3005367	Perfect
ncbi	blaKPC-36	ARO:3005368	Perfect
ncbi	blaKPC-37	ARO:3005369	Perfect
ncbi	blaKPC-38	ARO:3005370	Perfect
ncbi	blaKPC-39	ARO:3005371	Perfect
ncbi	blaKPC-4	ARO:3002314	Perfect
ncbi	blaKPC-40	ARO:3005372	Perfect
ncbi	blaKPC-41	ARO:3005373	Perfect
ncbi	blaKPC-42	ARO:3005374	Perfect
ncbi	blaKPC-43	ARO:3005375	Perfect
ncbi	blaKPC-44	ARO:3006186	Perfect
ncbi	blaKPC-45	ARO:3005376	Perfect
ncbi	blaKPC-46	ARO:3005377	Perfect
ncbi	blaKPC-47	ARO:3008359	Perfect
ncbi	blaKPC-48	ARO:3008360	Perfect
ncbi	blaKPC-49	ARO:3005378	Perfect
ncbi	blaKPC-5	ARO:3002315	Perfect
ncbi	blaKPC-50	ARO:3005379	Perfect
ncbi	blaKPC-51	ARO:3005380	Perfect
ncbi	blaKPC-52	ARO:3005381	Perfect
ncbi	blaKPC-53	ARO:3008361	Perfect
ncbi	blaKPC-54	ARO:3005382	Perfect
ncbi	blaKPC-55	ARO:3005383	Perfect
ncbi	blaKPC-56	ARO:3005384	Perfect
ncbi	blaKPC-57	ARO:3005385	Perfect
ncbi	blaKPC-58	ARO:3006187	Perfect
ncbi	blaKPC-59	ARO:3006188	Perfect
ncbi	blaKPC-6	ARO:3002316	Perfect
ncbi	blaKPC-60	ARO:3006189	Perfect
ncbi	blaKPC-61	ARO:3006190	Perfect
ncbi	blaKPC-62	ARO:3006191	Perfect
ncbi	blaKPC-63	ARO:3006192	Perfect
ncbi	blaKPC-64	ARO:3006193	Perfect
ncbi	blaKPC-65	ARO:3006194	Perfect
ncbi	blaKPC-66	ARO:3006195	Perfect
ncbi	blaKPC-67	ARO:3008362	Perfect
ncbi	blaKPC-68	ARO:3008363	Perfect
ncbi	blaKPC-69	ARO:3008364	Perfect
ncbi	blaKPC-7	ARO:3002317	Perfect
ncbi	blaKPC-70	ARO:3008365	Perfect
ncbi	blaKPC-71	ARO:3006196	Perfect
ncbi	blaKPC-72	ARO:3006197	Perfect
ncbi	blaKPC-73	ARO:3006198	Perfect
ncbi	blaKPC-74	ARO:3006199	Perfect
ncbi	blaKPC-75	ARO:3006200	Perfect
ncbi	blaKPC-76	ARO:3006201	Perfect
ncbi	blaKPC-77	ARO:3006202	Perfect
ncbi	blaKPC-78	ARO:3006203	Perfect
ncbi	blaKPC-79	ARO:3006204	Perfect
ncbi	blaKPC-8	ARO:3002318	Perfect
ncbi	blaKPC-80	ARO:3006205	Perfect
ncbi	blaKPC-81	ARO:3006206	Perfect
ncbi	blaKPC-82	ARO:3006207	Perfect
ncbi	blaKPC-83	ARO:3007089	Perfect
ncbi	blaKPC-84	ARO:3008366	Perfect
ncbi	blaKPC-85	ARO:3008367	Perfect
ncbi	blaKPC-86	ARO:3007381	Perfect
ncbi	blaKPC-87	ARO:3007375	Perfect
ncbi	blaKPC-88	ARO:3008368	Perfect
ncbi	blaKPC-89	ARO:3008369	Perfect
ncbi	blaKPC-90	ARO:3007087	Perfect
ncbi	blaKPC-91	ARO:3008370	Perfect
ncbi	blaKPC-92	ARO:3008371	Perfect
ncbi	blaKPC-93	ARO:3007102	Perfect
ncbi	blaKPC-94	ARO:3007402	Perfect
ncbi	blaKPC-95	ARO:3007383	Perfect
ncbi	blaKPC-96	ARO:3007436	Perfect
ncbi	blaKPC-97	ARO:3007449	Perfect
ncbi	blaKPC-98	ARO:3007450	Perfect
ncbi	blaKPC-99	ARO:3007452	Perfect
ncbi	blaL1	ARO:3000582	Perfect
ncbi	blaLAP-1	ARO:3004825	Perfect
ncbi	blaLAP-2	ARO:3004826	Perfect
ncbi	blaLAQ-1	ARO:3007438	Perfect
ncbi	blaLAT-1	ARO:3001857	Perfect
ncbi	blaLAT-3	ARO:3002013	Strict
ncbi	blaLCR-1	ARO:3002997	Perfect
ncbi	blaLEN-1	ARO:3002454	Perfect
ncbi	blaLEN-10	ARO:3002460	Perfect
ncbi	blaLEN-11	ARO:3002461	Perfect
ncbi	blaLEN-12	ARO:3002462	Perfect
ncbi	blaLEN-13	ARO:3002463	Perfect
ncbi	blaLEN-15	ARO:3002478	Perfect
ncbi	blaLEN-16	ARO:3002464	Perfect
ncbi	blaLEN-17	ARO:3002473	Perfect
ncbi	blaLEN-18	ARO:3002465	Perfect
ncbi	blaLEN-19	ARO:3002466	Perfect
ncbi	blaLEN-2	ARO:3002455	Perfect
ncbi	blaLEN-20	ARO:3002467	Perfect
ncbi	blaLEN-21	ARO:3002468	Perfect
ncbi	blaLEN-22	ARO:3002469	Perfect
ncbi	blaLEN-23	ARO:3002470	Perfect
ncbi	blaLEN-24	ARO:3002471	Perfect
ncbi	blaLEN-25	ARO:3002479	Perfect
ncbi	blaLEN-26	ARO:3002474	Perfect
ncbi	blaLEN-27	ARO:3006932	Perfect
ncbi	blaLEN-28	ARO:3006933	Perfect
ncbi	blaLEN-30	ARO:3004838	Perfect
ncbi	blaLEN-31	ARO:3006934	Perfect
ncbi	blaLEN-32	ARO:3004839	Perfect
ncbi	blaLEN-34	ARO:3004840	Perfect
ncbi	blaLEN-35	ARO:3004827	Perfect
ncbi	blaLEN-36	ARO:3004828	Perfect
ncbi	blaLEN-37	ARO:3004829	Perfect
ncbi	blaLEN-38	ARO:3004841	Perfect
ncbi	blaLEN-39	ARO:3004842	Perfect
ncbi	blaLEN-40	ARO:3004843	Perfect
ncbi	blaLEN-41	ARO:3004844	Perfect
ncbi	blaLEN-42	ARO:3004845	Perfect
ncbi	blaLEN-43	ARO:3004846	Perfect
ncbi	blaLEN-5	ARO:3002456	Perfect
ncbi	blaLEN-51	ARO:3004847	Perfect
ncbi	blaLEN-55	ARO:3004848	Perfect
ncbi	blaLEN-58	ARO:3004849	Perfect
ncbi	blaLEN-7	ARO:3002457	Perfect
ncbi	blaLEN-8	ARO:3002458	Perfect
ncbi	blaLEN-9	ARO:3002459	Perfect
ncbi	blaLHK-1	ARO:3006935	Perfect
ncbi	blaLHK-2	ARO:3006936	Perfect
ncbi	blaLHK-3	ARO:3006937	Perfect
ncbi	blaLHK-4	ARO:3006938	Perfect
ncbi	blaLHK-5	ARO:3006939	Perfect
ncbi	blaLHK-6	ARO:3006940	Perfect
ncbi	blaLHK-7	ARO:3008372	Perfect
ncbi	blaLMB-1	ARO:3005018	Perfect
ncbi	blaLRA-1	ARO:3002482	Perfect
ncbi	blaLRA-10_fam	ARO:3002489	Perfect
ncbi	blaLRA-12	ARO:3002511	Perfect
ncbi	blaLRA-13	ARO:3002484	Perfect
ncbi	blaLRA-17	ARO:3002512	Perfect
ncbi	blaLRA-18_fam	ARO:3002492	Perfect
ncbi	blaLRA-19	ARO:3002513	Perfect
ncbi	blaLRA-2	ARO:3002485	Perfect
ncbi	blaLRA-3	ARO:3002510	Perfect
ncbi	blaLRA-5	ARO:3002483	Perfect
ncbi	blaLRA-7	ARO:3002486	Perfect
ncbi	blaLRA-8	ARO:3002487	Perfect
ncbi	blaLRA-9	ARO:3002488	Perfect
ncbi	blaLRG-1	ARO:3006941	Perfect
ncbi	blaLUS-1	ARO:3006942	Perfect
ncbi	blaLUT-1	ARO:3006943	Perfect
ncbi	blaLUT-2	ARO:3006944	Perfect
ncbi	blaLUT-3	ARO:3006945	Perfect
ncbi	blaLUT-4	ARO:3006946	Perfect
ncbi	blaLUT-5	ARO:3006947	Perfect
ncbi	blaLUT-6	ARO:3006948	Perfect
ncbi	blaMAB	ARO:3007180	Perfect
ncbi	blaMAL-1	ARO:3006949	Perfect
ncbi	blaMAL-2	ARO:3006950	Perfect
ncbi	blaMBL1b	ARO:3006951	Perfect
ncbi	blaMIR-1	ARO:3002166	Perfect
ncbi	blaMIR-10	ARO:3002175	Perfect
ncbi	blaMIR-11	ARO:3002176	Perfect
ncbi	blaMIR-12	ARO:3002177	Perfect
ncbi	blaMIR-13	ARO:3002178	Perfect
ncbi	blaMIR-14	ARO:3002179	Perfect
ncbi	blaMIR-15	ARO:3002180	Perfect
ncbi	blaMIR-16	ARO:3002181	Perfect
ncbi	blaMIR-17	ARO:3003173	Perfect
ncbi	blaMIR-18	ARO:3003139	Perfect
ncbi	blaMIR-19	ARO:3006859	Perfect
ncbi	blaMIR-2	ARO:3002168	Perfect
ncbi	blaMIR-20	ARO:3006860	Perfect
ncbi	blaMIR-21	ARO:3006861	Perfect
ncbi	blaMIR-22	ARO:3006862	Perfect
ncbi	blaMIR-23	ARO:3004745	Perfect
ncbi	blaMIR-24	ARO:3008373	Perfect
ncbi	blaMIR-25	ARO:3008374	Perfect
ncbi	blaMIR-27	ARO:3008375	Perfect
ncbi	blaMIR-28	ARO:3008376	Perfect
ncbi	blaMIR-29	ARO:3002175	Strict
ncbi	blaMIR-3	ARO:3002169	Perfect
ncbi	blaMIR-30	ARO:3008377	Perfect
ncbi	blaMIR-31	ARO:3008378	Perfect
ncbi	blaMIR-32	ARO:3008379	Perfect
ncbi	blaMIR-33	ARO:3008380	Perfect
ncbi	blaMIR-34	ARO:3008381	Perfect
ncbi	blaMIR-35	ARO:3008382	Perfect
ncbi	blaMIR-4	ARO:3002167	Perfect
ncbi	blaMIR-5	ARO:3002170	Perfect
ncbi	blaMIR-6	ARO:3002171	Perfect
ncbi	blaMIR-7	ARO:3002172	Perfect
ncbi	blaMIR-9	ARO:3002174	Perfect
ncbi	blaMOC-1	ARO:3006952	Perfect
ncbi	blaMOR-2	ARO:3006953	Perfect
ncbi	blaMOX-1	ARO:3002182	Perfect
ncbi	blaMOX-10	ARO:3003140	Perfect
ncbi	blaMOX-11	ARO:3003141	Perfect
ncbi	blaMOX-12	ARO:3006477	Perfect
ncbi	blaMOX-13	ARO:3006478	Perfect
ncbi	blaMOX-14	ARO:3006479	Perfect
ncbi	blaMOX-15	ARO:3008383	Perfect
ncbi	blaMOX-16	ARO:3008384	Perfect
ncbi	blaMOX-17	ARO:3008385	Perfect
ncbi	blaMOX-18	ARO:3008386	Perfect
ncbi	blaMOX-19	ARO:3008387	Perfect
ncbi	blaMOX-2	ARO:3002183	Perfect
ncbi	blaMOX-20	ARO:3008388	Perfect
ncbi	blaMOX-21	ARO:3008389	Perfect
ncbi	blaMOX-22	ARO:3008390	Perfect
ncbi	blaMOX-23	ARO:3008391	Perfect
ncbi	blaMOX-24	ARO:3008392	Perfect
ncbi	blaMOX-25	ARO:3008393	Perfect
ncbi	blaMOX-3	ARO:3002186	Perfect
ncbi	blaMOX-4	ARO:3002184	Perfect
ncbi	blaMOX-5	ARO:3002188	Perfect
ncbi	blaMOX-6	ARO:3002185	Perfect
ncbi	blaMOX-7	ARO:3002189	Perfect
ncbi	blaMOX-8	ARO:3002190	Perfect
ncbi	blaMOX-9	ARO:3002191	Perfect
ncbi	blaMUN-1	ARO:3008394	Perfect
ncbi	blaMUN-2	ARO:3008394	Strict
ncbi	blaMUN-3	ARO:3008394	Strict
ncbi	blaMUN-4	ARO:3008395	Strict
ncbi	blaMUN-5	ARO:3008394	Strict
ncbi	blaMUN-6	ARO:3008395	Perfect
ncbi	blaMUS-1	ARO:3000843	Perfect
ncbi	blaMUS-2	ARO:3003842	Perfect
ncbi	blaMYO-1	ARO:3006954	Perfect
ncbi	blaMYX-1	ARO:3006955	Perfect
ncbi	blaNDM-1	ARO:3000589	Perfect
ncbi	blaNDM-10	ARO:3002360	Perfect
ncbi	blaNDM-11	ARO:3002361	Perfect
ncbi	blaNDM-12	ARO:3002362	Perfect
ncbi	blaNDM-13	ARO:3003182	Perfect
ncbi	blaNDM-14	ARO:3003183	Perfect
ncbi	blaNDM-15	ARO:3003663	Perfect
ncbi	blaNDM-16a	ARO:3003664	Perfect
ncbi	blaNDM-16b	ARO:3007202	Perfect
ncbi	blaNDM-17	ARO:3004093	Perfect
ncbi	blaNDM-18	ARO:3004861	Perfect
ncbi	blaNDM-19	ARO:3004862	Perfect
ncbi	blaNDM-2	ARO:3000590	Perfect
ncbi	blaNDM-20	ARO:3004863	Perfect
ncbi	blaNDM-21	ARO:3004864	Perfect
ncbi	blaNDM-22	ARO:3004865	Perfect
ncbi	blaNDM-23	ARO:3004866	Perfect
ncbi	blaNDM-24	ARO:3004867	Perfect
ncbi	blaNDM-25	ARO:3004868	Perfect
ncbi	blaNDM-26	ARO:3004869	Perfect
ncbi	blaNDM-27	ARO:3004870	Perfect
ncbi	blaNDM-28	ARO:3004871	Perfect
ncbi	blaNDM-29	ARO:3005131	Perfect
ncbi	blaNDM-3	ARO:3002354	Perfect
ncbi	blaNDM-30	ARO:3005700	Perfect
ncbi	blaNDM-31	ARO:3005701	Perfect
ncbi	blaNDM-33	ARO:3007023	Perfect
ncbi	blaNDM-34	ARO:3007211	Perfect
ncbi	blaNDM-35	ARO:3007212	Perfect
ncbi	blaNDM-36	ARO:3007213	Perfect
ncbi	blaNDM-37	ARO:3007214	Perfect
ncbi	blaNDM-38	ARO:3007215	Perfect
ncbi	blaNDM-39	ARO:3007216	Perfect
ncbi	blaNDM-4	ARO:3002355	Perfect
ncbi	blaNDM-40	ARO:3007217	Perfect
ncbi	blaNDM-41	ARO:3007218	Perfect
ncbi	blaNDM-42	ARO:3007219	Perfect
ncbi	blaNDM-43	ARO:3007220	Perfect
ncbi	blaNDM-44	ARO:3007443	Perfect
ncbi	blaNDM-45	ARO:3007444	Perfect
ncbi	blaNDM-46	ARO:3007445	Perfect
ncbi	blaNDM-47	ARO:3007447	Perfect
ncbi	blaNDM-48	ARO:3008396	Perfect
ncbi	blaNDM-49	ARO:3008397	Perfect
ncbi	blaNDM-5	ARO:3000467	Perfect
ncbi	blaNDM-50	ARO:3008398	Perfect
ncbi	blaNDM-51	ARO:3008399	Perfect
ncbi	blaNDM-52	ARO:3008400	Perfect
ncbi	blaNDM-53	ARO:3008401	Perfect
ncbi	blaNDM-54	ARO:3008402	Perfect
ncbi	blaNDM-55	ARO:3008403	Perfect
ncbi	blaNDM-56	ARO:3008404	Perfect
ncbi	blaNDM-57	ARO:3008405	Perfect
ncbi	blaNDM-58	ARO:3008406	Perfect
ncbi	blaNDM-6	ARO:3002356	Perfect
ncbi	blaNDM-60	ARO:3008407	Perfect
ncbi	blaNDM-61	ARO:3008408	Perfect
ncbi	blaNDM-64	ARO:3008409	Perfect
ncbi	blaNDM-65	ARO:3008410	Perfect
ncbi	blaNDM-66	ARO:3008411	Perfect
ncbi	blaNDM-67	ARO:3008412	Perfect
ncbi	blaNDM-68	ARO:3008413	Perfect
ncbi	blaNDM-69	ARO:3008414	Perfect
ncbi	blaNDM-7	ARO:3002357	Perfect
ncbi	blaNDM-70	ARO:3008415	Perfect
ncbi	blaNDM-71	ARO:3008416	Perfect
ncbi	blaNDM-72	ARO:3008417	Perfect
ncbi	blaNDM-73	ARO:3008418	Perfect
ncbi	blaNDM-74	ARO:3008419	Perfect
ncbi	blaNDM-75	ARO:3000467	Strict
ncbi	blaNDM-76	ARO:3002357	Strict
ncbi	blaNDM-77	ARO:3000589	Strict
ncbi	blaNDM-78	ARO:3000467	Strict
ncbi	blaNDM-8	ARO:3002358	Perfect
ncbi	blaNDM-9	ARO:3002359	Perfect
ncbi	blaNMC-A	ARO:3003589	Perfect
ncbi	blaNPS-1	ARO:3004239	Perfect
ncbi	blaNWM-1	ARO:3007848	Perfect
ncbi	blaOCH	ARO:3002519	Strict
ncbi	blaOCH-1	ARO:3002514	Perfect
ncbi	blaOCH-2	ARO:3002515	Perfect
ncbi	blaOCH-3	ARO:3002516	Perfect
ncbi	blaOCH-4	ARO:3002517	Perfect
ncbi	blaOCH-5	ARO:3002518	Perfect
ncbi	blaOCH-6	ARO:3002519	Perfect
ncbi	blaOCH-7	ARO:3002520	Perfect
ncbi	blaOCH-8	ARO:3002521	Perfect
ncbi	blaOHIO-1	ARO:3006956	Perfect
ncbi	blaOKP-A-1	ARO:3002418	Perfect
ncbi	blaOKP-A-10	ARO:3002427	Perfect
ncbi	blaOKP-A-11	ARO:3002428	Perfect
ncbi	blaOKP-A-12	ARO:3002429	Perfect
ncbi	blaOKP-A-13	ARO:3002430	Perfect
ncbi	blaOKP-A-14	ARO:3002431	Perfect
ncbi	blaOKP-A-15	ARO:3002432	Perfect
ncbi	blaOKP-A-16	ARO:3002433	Perfect
ncbi	blaOKP-A-17	ARO:3006141	Perfect
ncbi	blaOKP-A-2	ARO:3002419	Perfect
ncbi	blaOKP-A-3	ARO:3002420	Perfect
ncbi	blaOKP-A-4	ARO:3002421	Perfect
ncbi	blaOKP-A-5	ARO:3002422	Perfect
ncbi	blaOKP-A-6	ARO:3002423	Perfect
ncbi	blaOKP-A-7	ARO:3002424	Perfect
ncbi	blaOKP-A-8	ARO:3002425	Perfect
ncbi	blaOKP-A-9	ARO:3002426	Perfect
ncbi	blaOKP-B	ARO:3002437	Strict
ncbi	blaOKP-B-1	ARO:3002434	Perfect
ncbi	blaOKP-B-10	ARO:3002443	Perfect
ncbi	blaOKP-B-11	ARO:3002444	Perfect
ncbi	blaOKP-B-13	ARO:3002446	Perfect
ncbi	blaOKP-B-16	ARO:3006142	Perfect
ncbi	blaOKP-B-17	ARO:3002450	Perfect
ncbi	blaOKP-B-18	ARO:3002451	Perfect
ncbi	blaOKP-B-19	ARO:3002452	Perfect
ncbi	blaOKP-B-2	ARO:3002435	Perfect
ncbi	blaOKP-B-20	ARO:3002453	Perfect
ncbi	blaOKP-B-21	ARO:3006143	Perfect
ncbi	blaOKP-B-22	ARO:3006144	Perfect
ncbi	blaOKP-B-23	ARO:3006145	Perfect
ncbi	blaOKP-B-24	ARO:3006146	Perfect
ncbi	blaOKP-B-3	ARO:3002436	Perfect
ncbi	blaOKP-B-34	ARO:3006147	Perfect
ncbi	blaOKP-B-36	ARO:3006148	Perfect
ncbi	blaOKP-B-4	ARO:3002437	Perfect
ncbi	blaOKP-B-40	ARO:3006149	Perfect
ncbi	blaOKP-B-41	ARO:3006150	Perfect
ncbi	blaOKP-B-45	ARO:3006151	Perfect
ncbi	blaOKP-B-5	ARO:3002438	Perfect
ncbi	blaOKP-B-6	ARO:3002439	Perfect
ncbi	blaOKP-B-7	ARO:3002440	Perfect
ncbi	blaOKP-B-8	ARO:3002441	Perfect
ncbi	blaOKP-B-9	ARO:3002442	Perfect
ncbi	blaOKP-C-1	ARO:3006152	Perfect
ncbi	blaOKP-D-1	ARO:3006153	Perfect
ncbi	blaORN-1	ARO:3006957	Perfect
ncbi	blaORN-2	ARO:3006958	Perfect
ncbi	blaORN-3	ARO:3006959	Perfect
ncbi	blaORN-4	ARO:3006960	Perfect
ncbi	blaORN-5	ARO:3006961	Perfect
ncbi	blaORN-6	ARO:3006962	Perfect
ncbi	blaORR-1	ARO:3006963	Perfect
ncbi	blaOXA-1	ARO:3001396	Perfect
ncbi	blaOXA-10	ARO:3001405	Perfect
ncbi	blaOXA-100	ARO:3001438	Perfect
ncbi	blaOXA-1000	ARO:3008421	Perfect
ncbi	blaOXA-1001	ARO:3008422	Perfect
ncbi	blaOXA-1002	ARO:3008423	Perfect
ncbi	blaOXA-1003	ARO:3008424	Perfect
ncbi	blaOXA-1004	ARO:3008425	Perfect
ncbi	blaOXA-1005	ARO:3008426	Perfect
ncbi	blaOXA-1006	ARO:3008427	Perfect
ncbi	blaOXA-1007	ARO:3008428	Perfect
ncbi	blaOXA-1008	ARO:3008429	Perfect
ncbi	blaOXA-1009	ARO:3008430	Perfect
ncbi	blaOXA-101	ARO:3001439	Perfect
ncbi	blaOXA-1010	ARO:3008431	Perfect
ncbi	blaOXA-1011	ARO:3005937	Strict
ncbi	blaOXA-1012	ARO:3008433	Perfect
ncbi	blaOXA-1013	ARO:3008434	Perfect
ncbi	blaOXA-1014	ARO:3008435	Perfect
ncbi	blaOXA-1015	ARO:3008436	Perfect
ncbi	blaOXA-1016	ARO:3008437	Perfect
ncbi	blaOXA-1017	ARO:3008438	Perfect
ncbi	blaOXA-1018	ARO:3008439	Perfect
ncbi	blaOXA-1019	ARO:3008440	Perfect
ncbi	blaOXA-1020	ARO:3008441	Perfect
ncbi	blaOXA-1021	ARO:3008442	Perfect
ncbi	blaOXA-1022	ARO:3008443	Perfect
ncbi	blaOXA-1023	ARO:3008444	Perfect
ncbi	blaOXA-1024	ARO:3008445	Perfect
ncbi	blaOXA-1025	ARO:3008446	Perfect
ncbi	blaOXA-1026	ARO:3008447	Perfect
ncbi	blaOXA-1027	ARO:3008448	Perfect
ncbi	blaOXA-1028	ARO:3008449	Perfect
ncbi	blaOXA-1029	ARO:3008450	Perfect
ncbi	blaOXA-103	ARO:3001707	Perfect
ncbi	blaOXA-1030	ARO:3008451	Perfect
ncbi	blaOXA-1031	ARO:3008452	Perfect
ncbi	blaOXA-1032	ARO:3008453	Perfect
ncbi	blaOXA-1033	ARO:3008454	Perfect
ncbi	blaOXA-1034	ARO:3008455	Perfect
ncbi	blaOXA-1035	ARO:3008456	Perfect
ncbi	blaOXA-1036	ARO:3008457	Perfect
ncbi	blaOXA-1037	ARO:3008458	Perfect
ncbi	blaOXA-1038	ARO:3007561	Perfect
ncbi	blaOXA-1039	ARO:3007562	Perfect
ncbi	blaOXA-104	ARO:3001636	Perfect
ncbi	blaOXA-1040	ARO:3008459	Perfect
ncbi	blaOXA-1041	ARO:3008460	Perfect
ncbi	blaOXA-1042	ARO:3008461	Perfect
ncbi	blaOXA-1043	ARO:3008462	Perfect
ncbi	blaOXA-1044	ARO:3008463	Perfect
ncbi	blaOXA-1045	ARO:3008464	Perfect
ncbi	blaOXA-1046	ARO:3008465	Perfect
ncbi	blaOXA-1047	ARO:3008466	Perfect
ncbi	blaOXA-1048	ARO:3008467	Perfect
ncbi	blaOXA-1049	ARO:3008468	Perfect
ncbi	blaOXA-105	ARO:3001708	Perfect
ncbi	blaOXA-1050	ARO:3008469	Perfect
ncbi	blaOXA-1051	ARO:3008470	Perfect
ncbi	blaOXA-1052	ARO:3008471	Perfect
ncbi	blaOXA-1053	ARO:3008472	Perfect
ncbi	blaOXA-1054	ARO:3001558	Strict
ncbi	blaOXA-1055	ARO:3008473	Perfect
ncbi	blaOXA-1056	ARO:3008474	Perfect
ncbi	blaOXA-1057	ARO:3008475	Perfect
ncbi	blaOXA-1058	ARO:3008476	Perfect
ncbi	blaOXA-1059	ARO:3008477	Perfect
ncbi	blaOXA-106	ARO:3001637	Perfect
ncbi	blaOXA-1060	ARO:3008478	Perfect
ncbi	blaOXA-1061	ARO:3008479	Perfect
ncbi	blaOXA-1062	ARO:3008480	Perfect
ncbi	blaOXA-1063	ARO:3008481	Perfect
ncbi	blaOXA-1064	ARO:3008482	Perfect
ncbi	blaOXA-1065	ARO:3008483	Perfect
ncbi	blaOXA-1066	ARO:3008484	Perfect
ncbi	blaOXA-1067	ARO:3008485	Perfect
ncbi	blaOXA-1068	ARO:3008486	Perfect
ncbi	blaOXA-1069	ARO:3008487	Perfect
ncbi	blaOXA-107	ARO:3001638	Perfect
ncbi	blaOXA-1070	ARO:3008488	Perfect
ncbi	blaOXA-1071	ARO:3008489	Perfect
ncbi	blaOXA-1072	ARO:3008490	Perfect
ncbi	blaOXA-1073	ARO:3008491	Perfect
ncbi	blaOXA-1074	ARO:3008492	Perfect
ncbi	blaOXA-1075	ARO:3008493	Perfect
ncbi	blaOXA-1076	ARO:3008494	Perfect
ncbi	blaOXA-1077	ARO:3008495	Perfect
ncbi	blaOXA-1078	ARO:3008496	Perfect
ncbi	blaOXA-1079	ARO:3008497	Perfect
ncbi	blaOXA-108	ARO:3001639	Perfect
ncbi	blaOXA-1080	ARO:3008498	Perfect
ncbi	blaOXA-1081	ARO:3008499	Perfect
ncbi	blaOXA-1082	ARO:3008500	Perfect
ncbi	blaOXA-1083	ARO:3008501	Perfect
ncbi	blaOXA-1084	ARO:3008502	Perfect
ncbi	blaOXA-1085	ARO:3008503	Perfect
ncbi	blaOXA-1086	ARO:3008504	Perfect
ncbi	blaOXA-1087	ARO:3008505	Perfect
ncbi	blaOXA-1088	ARO:3008506	Perfect
ncbi	blaOXA-1089	ARO:3008507	Perfect
ncbi	blaOXA-109	ARO:3001640	Perfect
ncbi	blaOXA-1090	ARO:3008508	Perfect
ncbi	blaOXA-1091	ARO:3008509	Perfect
ncbi	blaOXA-1092	ARO:3008510	Perfect
ncbi	blaOXA-1093	ARO:3008511	Perfect
ncbi	blaOXA-1094	ARO:3008512	Perfect
ncbi	blaOXA-1095	ARO:3008513	Perfect
ncbi	blaOXA-1096	ARO:3008514	Perfect
ncbi	blaOXA-1097	ARO:3008515	Perfect
ncbi	blaOXA-1098	ARO:3008516	Perfect
ncbi	blaOXA-1099	ARO:3008517	Perfect
ncbi	blaOXA-11	ARO:3001406	Perfect
ncbi	blaOXA-110	ARO:3001641	Perfect
ncbi	blaOXA-1100	ARO:3008518	Perfect
ncbi	blaOXA-1101	ARO:3008519	Perfect
ncbi	blaOXA-1102	ARO:3008520	Perfect
ncbi	blaOXA-1103	ARO:3008521	Perfect
ncbi	blaOXA-1104	ARO:3008522	Perfect
ncbi	blaOXA-1105	ARO:3008523	Perfect
ncbi	blaOXA-1106	ARO:3008524	Perfect
ncbi	blaOXA-1107	ARO:3008525	Perfect
ncbi	blaOXA-1108	ARO:3008526	Perfect
ncbi	blaOXA-1109	ARO:3008527	Perfect
ncbi	blaOXA-111	ARO:3001642	Perfect
ncbi	blaOXA-1110	ARO:3008528	Perfect
ncbi	blaOXA-1111	ARO:3008529	Perfect
ncbi	blaOXA-1112	ARO:3008530	Perfect
ncbi	blaOXA-1113	ARO:3008531	Perfect
ncbi	blaOXA-1114	ARO:3008532	Perfect
ncbi	blaOXA-1115	ARO:3008533	Perfect
ncbi	blaOXA-1116	ARO:3008534	Perfect
ncbi	blaOXA-1117	ARO:3008535	Perfect
ncbi	blaOXA-1118	ARO:3008536	Perfect
ncbi	blaOXA-1119	ARO:3008537	Perfect
ncbi	blaOXA-112	ARO:3001643	Perfect
ncbi	blaOXA-1120	ARO:3008538	Perfect
ncbi	blaOXA-1121	ARO:3008539	Perfect
ncbi	blaOXA-1122	ARO:3008540	Perfect
ncbi	blaOXA-1123	ARO:3008541	Perfect
ncbi	blaOXA-1124	ARO:3008542	Perfect
ncbi	blaOXA-1125	ARO:3008543	Perfect
ncbi	blaOXA-1126	ARO:3008544	Perfect
ncbi	blaOXA-1127	ARO:3008545	Perfect
ncbi	blaOXA-1128	ARO:3008546	Perfect
ncbi	blaOXA-1129	ARO:3008547	Perfect
ncbi	blaOXA-113	ARO:3001644	Perfect
ncbi	blaOXA-1130	ARO:3008548	Perfect
ncbi	blaOXA-1131	ARO:3008549	Perfect
ncbi	blaOXA-1132	ARO:3008550	Perfect
ncbi	blaOXA-1133	ARO:3008551	Perfect
ncbi	blaOXA-1134	ARO:3008552	Perfect
ncbi	blaOXA-1135	ARO:3008553	Perfect
ncbi	blaOXA-1136	ARO:3008554	Perfect
ncbi	blaOXA-1137	ARO:3008555	Perfect
ncbi	blaOXA-1138	ARO:3008556	Perfect
ncbi	blaOXA-1139	ARO:3008557	Perfect
ncbi	blaOXA-1140	ARO:3008558	Perfect
ncbi	blaOXA-1141	ARO:3008559	Perfect
ncbi	blaOXA-1142	ARO:3008560	Perfect
ncbi	blaOXA-1143	ARO:3008561	Perfect
ncbi	blaOXA-1144	ARO:3008562	Perfect
ncbi	blaOXA-1145	ARO:3008563	Perfect
ncbi	blaOXA-1146	ARO:3008564	Perfect
ncbi	blaOXA-1147	ARO:3008565	Perfect
ncbi	blaOXA-1148	ARO:3008566	Perfect
ncbi	blaOXA-1149	ARO:3008567	Perfect
ncbi	blaOXA-114a	ARO:3001609	Perfect
ncbi	blaOXA-114b	ARO:3005702	Perfect
ncbi	blaOXA-114c	ARO:3005703	Perfect
ncbi	blaOXA-114d	ARO:3005704	Perfect
ncbi	blaOXA-114e	ARO:3005705	Perfect
ncbi	blaOXA-114f	ARO:3005706	Perfect
ncbi	blaOXA-114g	ARO:3005707	Perfect
ncbi	blaOXA-114h	ARO:3005708	Perfect
ncbi	blaOXA-114i	ARO:3005709	Perfect
ncbi	blaOXA-114j	ARO:3005710	Perfect
ncbi	blaOXA-114k	ARO:3005711	Perfect
ncbi	blaOXA-114l	ARO:3005712	Perfect
ncbi	blaOXA-114m	ARO:3005713	Perfect
ncbi	blaOXA-114n	ARO:3005714	Perfect
ncbi	blaOXA-114p	ARO:3005715	Perfect
ncbi	blaOXA-114q	ARO:3005716	Perfect
ncbi	blaOXA-114r	ARO:3005717	Perfect
ncbi	blaOXA-114s	ARO:3005718	Perfect
ncbi	blaOXA-114t	ARO:3005719	Perfect
ncbi	blaOXA-114u	ARO:3005720	Perfect
ncbi	blaOXA-114v	ARO:3005721	Perfect
ncbi	blaOXA-114w	ARO:3005722	Perfect
ncbi	blaOXA-114x	ARO:3005723	Perfect
ncbi	blaOXA-115	ARO:3001440	Perfect
ncbi	blaOXA-1150	ARO:3008568	Perfect
ncbi	blaOXA-1151	ARO:3008569	Perfect
ncbi	blaOXA-1152	ARO:3008570	Perfect
ncbi	blaOXA-1153	ARO:3008571	Perfect
ncbi	blaOXA-1154	ARO:3008572	Perfect
ncbi	blaOXA-1155	ARO:3008573	Perfect
ncbi	blaOXA-1156	ARO:3008574	Perfect
ncbi	blaOXA-1157	ARO:3008575	Perfect
ncbi	blaOXA-1158	ARO:3008576	Perfect
ncbi	blaOXA-1159	ARO:3008577	Perfect
ncbi	blaOXA-1160	ARO:3008578	Perfect
ncbi	blaOXA-1161	ARO:3008579	Perfect
ncbi	blaOXA-1162	ARO:3008580	Perfect
ncbi	blaOXA-1163	ARO:3008581	Perfect
ncbi	blaOXA-1164	ARO:3008582	Perfect
ncbi	blaOXA-1165	ARO:3008583	Perfect
ncbi	blaOXA-1166	ARO:3008584	Perfect
ncbi	blaOXA-1167	ARO:3008585	Perfect
ncbi	blaOXA-1168	ARO:3008586	Perfect
ncbi	blaOXA-1169	ARO:3008587	Perfect
ncbi	blaOXA-117	ARO:3001442	Perfect
ncbi	blaOXA-1170	ARO:3008588	Perfect
ncbi	blaOXA-1171	ARO:3008589	Perfect
ncbi	blaOXA-1172	ARO:3008590	Perfect
ncbi	blaOXA-1173	ARO:3008591	Perfect
ncbi	blaOXA-1174	ARO:3008592	Perfect
ncbi	blaOXA-1175	ARO:3008593	Perfect
ncbi	blaOXA-1176	ARO:3008594	Perfect
ncbi	blaOXA-1177	ARO:3008595	Perfect
ncbi	blaOXA-1178	ARO:3008596	Perfect
ncbi	blaOXA-118	ARO:3001768	Perfect
ncbi	blaOXA-1181	ARO:3008597	Perfect
ncbi	blaOXA-1182	ARO:3008598	Perfect
ncbi	blaOXA-1183	ARO:3008599	Perfect
ncbi	blaOXA-1184	ARO:3008600	Perfect
ncbi	blaOXA-1185	ARO:3008601	Perfect
ncbi	blaOXA-1186	ARO:3008602	Perfect
ncbi	blaOXA-1187	ARO:3008603	Perfect
ncbi	blaOXA-1188	ARO:3008604	Perfect
ncbi	blaOXA-1189	ARO:3008605	Perfect
ncbi	blaOXA-119	ARO:3001775	Perfect
ncbi	blaOXA-1190	ARO:3008606	Perfect
ncbi	blaOXA-1191	ARO:3008607	Perfect
ncbi	blaOXA-1192	ARO:3001692	Strict
ncbi	blaOXA-1193	ARO:3008608	Perfect
ncbi	blaOXA-1194	ARO:3008609	Perfect
ncbi	blaOXA-1195	ARO:3008608	Strict
ncbi	blaOXA-1196	ARO:3005332	Strict
ncbi	blaOXA-1197	ARO:3008422	Strict
ncbi	blaOXA-1198	ARO:3008610	Perfect
ncbi	blaOXA-1199	ARO:3008611	Perfect
ncbi	blaOXA-12	ARO:3001407	Perfect
ncbi	blaOXA-120	ARO:3001672	Perfect
ncbi	blaOXA-1200	ARO:3008612	Perfect
ncbi	blaOXA-1201	ARO:3008613	Perfect
ncbi	blaOXA-1202	ARO:3008614	Perfect
ncbi	blaOXA-1203	ARO:3008615	Perfect
ncbi	blaOXA-1204	ARO:3008616	Perfect
ncbi	blaOXA-1205	ARO:3008617	Perfect
ncbi	blaOXA-1206	ARO:3008618	Perfect
ncbi	blaOXA-1207	ARO:3008619	Perfect
ncbi	blaOXA-1208	ARO:3008620	Perfect
ncbi	blaOXA-121	ARO:3001443	Perfect
ncbi	blaOXA-1211	ARO:3008621	Perfect
ncbi	blaOXA-1212	ARO:3008622	Perfect
ncbi	blaOXA-1213	ARO:3008623	Perfect
ncbi	blaOXA-1214	ARO:3008624	Perfect
ncbi	blaOXA-1215	ARO:3008625	Perfect
ncbi	blaOXA-1216	ARO:3008626	Perfect
ncbi	blaOXA-1217	ARO:3008627	Perfect
ncbi	blaOXA-1218	ARO:3008628	Perfect
ncbi	blaOXA-1219	ARO:3008629	Perfect
ncbi	blaOXA-122	ARO:3001444	Perfect
ncbi	blaOXA-1220	ARO:3008630	Perfect
ncbi	blaOXA-1221	ARO:3008631	Perfect
ncbi	blaOXA-1222	ARO:3008632	Perfect
ncbi	blaOXA-1223	ARO:3008633	Perfect
ncbi	blaOXA-1224	ARO:3008634	Perfect
ncbi	blaOXA-1225	ARO:3008635	Perfect
ncbi	blaOXA-1226	ARO:3008636	Perfect
ncbi	blaOXA-1227	ARO:3008637	Perfect
ncbi	blaOXA-1228	ARO:3008638	Perfect
ncbi	blaOXA-1229	ARO:3008639	Perfect
ncbi	blaOXA-123	ARO:3001445	Perfect
ncbi	blaOXA-1230	ARO:3008640	Perfect
ncbi	blaOXA-1231	ARO:3008641	Perfect
ncbi	blaOXA-1232	ARO:3008642	Perfect
ncbi	blaOXA-1233	ARO:3008643	Perfect
ncbi	blaOXA-1234	ARO:3008644	Perfect
ncbi	blaOXA-1235	ARO:3008645	Perfect
ncbi	blaOXA-1236	ARO:3008646	Perfect
ncbi	blaOXA-1237	ARO:3008647	Perfect
ncbi	blaOXA-1238	ARO:3008648	Perfect
ncbi	blaOXA-1239	ARO:3008649	Perfect
ncbi	blaOXA-124	ARO:3001446	Perfect
ncbi	blaOXA-1240	ARO:3008650	Perfect
ncbi	blaOXA-1241	ARO:3008651	Perfect
ncbi	blaOXA-1242	ARO:3008652	Perfect
ncbi	blaOXA-1243	ARO:3008653	Perfect
ncbi	blaOXA-1244	ARO:3008654	Perfect
ncbi	blaOXA-1245	ARO:3008655	Perfect
ncbi	blaOXA-1246	ARO:3008656	Perfect
ncbi	blaOXA-1247	ARO:3008657	Perfect
ncbi	blaOXA-1248	ARO:3008658	Perfect
ncbi	blaOXA-1249	ARO:3008659	Perfect
ncbi	blaOXA-125	ARO:3001447	Perfect
ncbi	blaOXA-1250	ARO:3008660	Perfect
ncbi	blaOXA-1251	ARO:3008661	Perfect
ncbi	blaOXA-1252	ARO:3008662	Perfect
ncbi	blaOXA-1253	ARO:3008663	Perfect
ncbi	blaOXA-1254	ARO:3008664	Perfect
ncbi	blaOXA-1255	ARO:3008665	Perfect
ncbi	blaOXA-1256	ARO:3008666	Perfect
ncbi	blaOXA-1257	ARO:3008667	Perfect
ncbi	blaOXA-1258	ARO:3008668	Perfect
ncbi	blaOXA-1259	ARO:3008669	Perfect
ncbi	blaOXA-126	ARO:3001448	Perfect
ncbi	blaOXA-1260	ARO:3008670	Perfect
ncbi	blaOXA-1261	ARO:3008671	Perfect
ncbi	blaOXA-1262	ARO:3008672	Perfect
ncbi	blaOXA-1263	ARO:3008673	Perfect
ncbi	blaOXA-1264	ARO:3008674	Perfect
ncbi	blaOXA-1265	ARO:3008675	Perfect
ncbi	blaOXA-1266	ARO:3008676	Perfect
ncbi	blaOXA-1267	ARO:3008677	Perfect
ncbi	blaOXA-1268	ARO:3008678	Perfect
ncbi	blaOXA-1269	ARO:3008679	Perfect
ncbi	blaOXA-127	ARO:3001449	Perfect
ncbi	blaOXA-1270	ARO:3008680	Perfect
ncbi	blaOXA-1271	ARO:3008681	Perfect
ncbi	blaOXA-1272	ARO:3008682	Perfect
ncbi	blaOXA-1273	ARO:3008683	Perfect
ncbi	blaOXA-1274	ARO:3008684	Perfect
ncbi	blaOXA-1275	ARO:3008685	Perfect
ncbi	blaOXA-1276	ARO:3008686	Perfect
ncbi	blaOXA-1277	ARO:3008687	Perfect
ncbi	blaOXA-1278	ARO:3008688	Perfect
ncbi	blaOXA-1279	ARO:3008689	Perfect
ncbi	blaOXA-128	ARO:3001648	Perfect
ncbi	blaOXA-1280	ARO:3008690	Perfect
ncbi	blaOXA-1281	ARO:3008691	Perfect
ncbi	blaOXA-1282	ARO:3008692	Perfect
ncbi	blaOXA-1283	ARO:3008693	Perfect
ncbi	blaOXA-1284	ARO:3008694	Perfect
ncbi	blaOXA-1285	ARO:3008695	Perfect
ncbi	blaOXA-1286	ARO:3008696	Perfect
ncbi	blaOXA-1287	ARO:3008697	Perfect
ncbi	blaOXA-1288	ARO:3008698	Perfect
ncbi	blaOXA-1289	ARO:3008699	Perfect
ncbi	blaOXA-129	ARO:3001811	Perfect
ncbi	blaOXA-1290	ARO:3008700	Perfect
ncbi	blaOXA-1291	ARO:3008701	Perfect
ncbi	blaOXA-1292	ARO:3008702	Perfect
ncbi	blaOXA-1293	ARO:3008703	Perfect
ncbi	blaOXA-1294	ARO:3008704	Perfect
ncbi	blaOXA-1295	ARO:3008705	Perfect
ncbi	blaOXA-1296	ARO:3008706	Perfect
ncbi	blaOXA-1297	ARO:3008707	Perfect
ncbi	blaOXA-1298	ARO:3008708	Perfect
ncbi	blaOXA-1299	ARO:3008709	Perfect
ncbi	blaOXA-13	ARO:3001408	Perfect
ncbi	blaOXA-130	ARO:3001651	Perfect
ncbi	blaOXA-1300	ARO:3008710	Perfect
ncbi	blaOXA-1301	ARO:3008711	Perfect
ncbi	blaOXA-1302	ARO:3008712	Perfect
ncbi	blaOXA-1303	ARO:3008713	Perfect
ncbi	blaOXA-1304	ARO:3008714	Perfect
ncbi	blaOXA-1305	ARO:3008715	Perfect
ncbi	blaOXA-1306	ARO:3008716	Perfect
ncbi	blaOXA-1307	ARO:3008717	Perfect
ncbi	blaOXA-1308	ARO:3008718	Perfect
ncbi	blaOXA-1309	ARO:3008719	Perfect
ncbi	blaOXA-131	ARO:3001652	Perfect
ncbi	blaOXA-1310	ARO:3003117	Strict
ncbi	blaOXA-1311	ARO:3005730	Strict
ncbi	blaOXA-1312	ARO:3005732	Strict
ncbi	blaOXA-1313	ARO:3005730	Strict
ncbi	blaOXA-1314	ARO:3005788	Strict
ncbi	blaOXA-1315	ARO:3005736	Strict
ncbi	blaOXA-1316	ARO:3008757	Strict
ncbi	blaOXA-1317	ARO:3006123	Strict
ncbi	blaOXA-1318	ARO:3008769	Strict
ncbi	blaOXA-1319	ARO:3008756	Strict
ncbi	blaOXA-132	ARO:3001653	Perfect
ncbi	blaOXA-1320	ARO:3006036	Strict
ncbi	blaOXA-1321	ARO:3008431	Strict
ncbi	blaOXA-1322	ARO:3001419	Strict
ncbi	blaOXA-1325	ARO:3001418	Strict
ncbi	blaOXA-133	ARO:3001702	Perfect
ncbi	blaOXA-134	ARO:3001695	Perfect
ncbi	blaOXA-136	ARO:3001765	Perfect
ncbi	blaOXA-137	ARO:3001767	Perfect
ncbi	blaOXA-138	ARO:3001655	Perfect
ncbi	blaOXA-139	ARO:3001451	Perfect
ncbi	blaOXA-14	ARO:3001409	Perfect
ncbi	blaOXA-141	ARO:3001802	Perfect
ncbi	blaOXA-142	ARO:3001803	Perfect
ncbi	blaOXA-143	ARO:3001654	Perfect
ncbi	blaOXA-144	ARO:3002480	Perfect
ncbi	blaOXA-145	ARO:3001804	Perfect
ncbi	blaOXA-146	ARO:3001779	Perfect
ncbi	blaOXA-147	ARO:3001801	Perfect
ncbi	blaOXA-148	ARO:3001453	Perfect
ncbi	blaOXA-149	ARO:3001454	Perfect
ncbi	blaOXA-15	ARO:3001410	Perfect
ncbi	blaOXA-150	ARO:3001455	Perfect
ncbi	blaOXA-151	ARO:3001456	Perfect
ncbi	blaOXA-152	ARO:3001457	Perfect
ncbi	blaOXA-153	ARO:3001458	Perfect
ncbi	blaOXA-154	ARO:3001459	Perfect
ncbi	blaOXA-155	ARO:3001460	Perfect
ncbi	blaOXA-156	ARO:3001461	Perfect
ncbi	blaOXA-157	ARO:3001462	Perfect
ncbi	blaOXA-158	ARO:3001463	Perfect
ncbi	blaOXA-159	ARO:3001464	Perfect
ncbi	blaOXA-160	ARO:3001663	Perfect
ncbi	blaOXA-161	ARO:3001799	Perfect
ncbi	blaOXA-162	ARO:3001776	Perfect
ncbi	blaOXA-163	ARO:3001783	Perfect
ncbi	blaOXA-164	ARO:3001662	Perfect
ncbi	blaOXA-165	ARO:3001465	Perfect
ncbi	blaOXA-166	ARO:3001466	Perfect
ncbi	blaOXA-167	ARO:3001467	Perfect
ncbi	blaOXA-168	ARO:3001468	Perfect
ncbi	blaOXA-169	ARO:3001469	Perfect
ncbi	blaOXA-17	ARO:3001412	Perfect
ncbi	blaOXA-170	ARO:3001470	Perfect
ncbi	blaOXA-171	ARO:3001471	Perfect
ncbi	blaOXA-172	ARO:3001656	Perfect
ncbi	blaOXA-173	ARO:3001657	Perfect
ncbi	blaOXA-174	ARO:3001658	Perfect
ncbi	blaOXA-175	ARO:3001659	Perfect
ncbi	blaOXA-176	ARO:3001660	Perfect
ncbi	blaOXA-177	ARO:3001661	Perfect
ncbi	blaOXA-178	ARO:3001472	Perfect
ncbi	blaOXA-179	ARO:3001473	Perfect
ncbi	blaOXA-18	ARO:3001413	Perfect
ncbi	blaOXA-180	ARO:3001474	Perfect
ncbi	blaOXA-181	ARO:3001784	Perfect
ncbi	blaOXA-182	ARO:3001709	Perfect
ncbi	blaOXA-183	ARO:3001475	Perfect
ncbi	blaOXA-184	ARO:3001476	Perfect
ncbi	blaOXA-185	ARO:3001477	Perfect
ncbi	blaOXA-19	ARO:3001414	Perfect
ncbi	blaOXA-192	ARO:3001766	Perfect
ncbi	blaOXA-193	ARO:3001478	Perfect
ncbi	blaOXA-194	ARO:3001479	Perfect
ncbi	blaOXA-195	ARO:3001480	Perfect
ncbi	blaOXA-196	ARO:3001481	Perfect
ncbi	blaOXA-197	ARO:3001482	Perfect
ncbi	blaOXA-198	ARO:3001805	Strict
ncbi	blaOXA-199	ARO:3001814	Perfect
ncbi	blaOXA-2	ARO:3001397	Perfect
ncbi	blaOXA-20	ARO:3001415	Perfect
ncbi	blaOXA-200	ARO:3001665	Perfect
ncbi	blaOXA-201	ARO:3001666	Perfect
ncbi	blaOXA-202	ARO:3001667	Perfect
ncbi	blaOXA-203	ARO:3001664	Perfect
ncbi	blaOXA-204	ARO:3001788	Perfect
ncbi	blaOXA-205	ARO:3001483	Perfect
ncbi	blaOXA-206	ARO:3001484	Perfect
ncbi	blaOXA-207	ARO:3001485	Perfect
ncbi	blaOXA-208	ARO:3001486	Perfect
ncbi	blaOXA-209	ARO:3001809	Perfect
ncbi	blaOXA-21	ARO:3001416	Perfect
ncbi	blaOXA-210	ARO:3001487	Perfect
ncbi	blaOXA-211	ARO:3001710	Perfect
ncbi	blaOXA-212	ARO:3001711	Perfect
ncbi	blaOXA-213	ARO:3001712	Perfect
ncbi	blaOXA-214	ARO:3001713	Perfect
ncbi	blaOXA-215	ARO:3001714	Perfect
ncbi	blaOXA-216	ARO:3001488	Perfect
ncbi	blaOXA-217	ARO:3001489	Perfect
ncbi	blaOXA-219	ARO:3001668	Perfect
ncbi	blaOXA-22	ARO:3001417	Perfect
ncbi	blaOXA-223	ARO:3001669	Perfect
ncbi	blaOXA-224	ARO:3001806	Perfect
ncbi	blaOXA-225	ARO:3001493	Perfect
ncbi	blaOXA-226	ARO:3001800	Perfect
ncbi	blaOXA-228	ARO:3001691	Perfect
ncbi	blaOXA-229	ARO:3001692	Perfect
ncbi	blaOXA-23	ARO:3001418	Perfect
ncbi	blaOXA-230	ARO:3001693	Perfect
ncbi	blaOXA-231	ARO:3001670	Perfect
ncbi	blaOXA-232	ARO:3001778	Perfect
ncbi	blaOXA-233	ARO:3001495	Perfect
ncbi	blaOXA-234	ARO:3001496	Perfect
ncbi	blaOXA-235	ARO:3001676	Perfect
ncbi	blaOXA-236	ARO:3001677	Perfect
ncbi	blaOXA-237	ARO:3001678	Perfect
ncbi	blaOXA-239	ARO:3001498	Perfect
ncbi	blaOXA-24	ARO:3001419	Perfect
ncbi	blaOXA-240	ARO:3001499	Perfect
ncbi	blaOXA-241	ARO:3001679	Perfect
ncbi	blaOXA-242	ARO:3001680	Perfect
ncbi	blaOXA-243	ARO:3001610	Perfect
ncbi	blaOXA-244	ARO:3001786	Perfect
ncbi	blaOXA-245	ARO:3001787	Perfect
ncbi	blaOXA-246	ARO:3001807	Perfect
ncbi	blaOXA-247	ARO:3001791	Perfect
ncbi	blaOXA-248	ARO:3001673	Perfect
ncbi	blaOXA-249	ARO:3001674	Perfect
ncbi	blaOXA-25	ARO:3001420	Perfect
ncbi	blaOXA-250	ARO:3001675	Perfect
ncbi	blaOXA-251	ARO:3001500	Perfect
ncbi	blaOXA-252	ARO:3001501	Perfect
ncbi	blaOXA-253	ARO:3001689	Perfect
ncbi	blaOXA-254	ARO:3001682	Perfect
ncbi	blaOXA-255	ARO:3001690	Perfect
ncbi	blaOXA-256	ARO:3001502	Perfect
ncbi	blaOXA-257	ARO:3001694	Perfect
ncbi	blaOXA-258	ARO:3001503	Perfect
ncbi	blaOXA-259	ARO:3001715	Perfect
ncbi	blaOXA-26	ARO:3001421	Perfect
ncbi	blaOXA-260	ARO:3001716	Perfect
ncbi	blaOXA-261	ARO:3001717	Perfect
ncbi	blaOXA-262	ARO:3001718	Perfect
ncbi	blaOXA-263	ARO:3001719	Perfect
ncbi	blaOXA-264	ARO:3001720	Perfect
ncbi	blaOXA-265	ARO:3001721	Perfect
ncbi	blaOXA-266	ARO:3001722	Perfect
ncbi	blaOXA-267	ARO:3001723	Perfect
ncbi	blaOXA-268	ARO:3001724	Perfect
ncbi	blaOXA-269	ARO:3001725	Perfect
ncbi	blaOXA-27	ARO:3001422	Perfect
ncbi	blaOXA-270	ARO:3001726	Perfect
ncbi	blaOXA-271	ARO:3001727	Perfect
ncbi	blaOXA-272	ARO:3001728	Perfect
ncbi	blaOXA-273	ARO:3001729	Perfect
ncbi	blaOXA-274	ARO:3001730	Perfect
ncbi	blaOXA-275	ARO:3001731	Perfect
ncbi	blaOXA-276	ARO:3001732	Perfect
ncbi	blaOXA-277	ARO:3001733	Perfect
ncbi	blaOXA-278	ARO:3001681	Perfect
ncbi	blaOXA-279	ARO:3001734	Perfect
ncbi	blaOXA-28	ARO:3001423	Perfect
ncbi	blaOXA-280	ARO:3001735	Perfect
ncbi	blaOXA-281	ARO:3001736	Perfect
ncbi	blaOXA-282	ARO:3001737	Perfect
ncbi	blaOXA-283	ARO:3001738	Perfect
ncbi	blaOXA-284	ARO:3001739	Perfect
ncbi	blaOXA-285	ARO:3001740	Perfect
ncbi	blaOXA-286	ARO:3001741	Perfect
ncbi	blaOXA-287	ARO:3001742	Perfect
ncbi	blaOXA-288	ARO:3001743	Perfect
ncbi	blaOXA-289	ARO:3001744	Perfect
ncbi	blaOXA-29	ARO:3001424	Perfect
ncbi	blaOXA-290	ARO:3001744	Strict
ncbi	blaOXA-291	ARO:3001746	Perfect
ncbi	blaOXA-292	ARO:3001747	Perfect
ncbi	blaOXA-293	ARO:3001748	Perfect
ncbi	blaOXA-294	ARO:3001749	Perfect
ncbi	blaOXA-295	ARO:3001750	Perfect
ncbi	blaOXA-296	ARO:3001751	Perfect
ncbi	blaOXA-297	ARO:3001752	Perfect
ncbi	blaOXA-298	ARO:3001753	Perfect
ncbi	blaOXA-299	ARO:3001754	Perfect
ncbi	blaOXA-3	ARO:3001398	Perfect
ncbi	blaOXA-300	ARO:3001755	Perfect
ncbi	blaOXA-301	ARO:3001756	Perfect
ncbi	blaOXA-302	ARO:3001757	Perfect
ncbi	blaOXA-303	ARO:3001758	Perfect
ncbi	blaOXA-304	ARO:3001759	Perfect
ncbi	blaOXA-305	ARO:3001760	Perfect
ncbi	blaOXA-306	ARO:3001761	Perfect
ncbi	blaOXA-307	ARO:3001762	Perfect
ncbi	blaOXA-308	ARO:3001763	Perfect
ncbi	blaOXA-309	ARO:3001504	Perfect
ncbi	blaOXA-31	ARO:3001425	Perfect
ncbi	blaOXA-312	ARO:3001683	Perfect
ncbi	blaOXA-313	ARO:3001684	Perfect
ncbi	blaOXA-314	ARO:3001685	Perfect
ncbi	blaOXA-315	ARO:3001686	Perfect
ncbi	blaOXA-316	ARO:3001687	Perfect
ncbi	blaOXA-317	ARO:3001688	Perfect
ncbi	blaOXA-32	ARO:3001426	Perfect
ncbi	blaOXA-320	ARO:3001793	Perfect
ncbi	blaOXA-322	ARO:3001510	Perfect
ncbi	blaOXA-323	ARO:3001511	Perfect
ncbi	blaOXA-324	ARO:3001512	Perfect
ncbi	blaOXA-325	ARO:3001513	Perfect
ncbi	blaOXA-326	ARO:3001514	Perfect
ncbi	blaOXA-327	ARO:3001515	Perfect
ncbi	blaOXA-328	ARO:3001516	Perfect
ncbi	blaOXA-329	ARO:3001517	Perfect
ncbi	blaOXA-330	ARO:3001518	Perfect
ncbi	blaOXA-331	ARO:3001519	Perfect
ncbi	blaOXA-332	ARO:3001520	Perfect
ncbi	blaOXA-333	ARO:3001521	Perfect
ncbi	blaOXA-334	ARO:3001522	Perfect
ncbi	blaOXA-335	ARO:3001523	Perfect
ncbi	blaOXA-336	ARO:3001524	Perfect
ncbi	blaOXA-337	ARO:3001525	Perfect
ncbi	blaOXA-338	ARO:3001526	Perfect
ncbi	blaOXA-339	ARO:3001527	Perfect
ncbi	blaOXA-340	ARO:3001528	Perfect
ncbi	blaOXA-341	ARO:3001529	Perfect
ncbi	blaOXA-342	ARO:3001530	Perfect
ncbi	blaOXA-343	ARO:3001531	Perfect
ncbi	blaOXA-344	ARO:3001532	Perfect
ncbi	blaOXA-345	ARO:3001533	Perfect
ncbi	blaOXA-346	ARO:3001534	Perfect
ncbi	blaOXA-347	ARO:3001777	Perfect
ncbi	blaOXA-348	ARO:3001535	Perfect
ncbi	blaOXA-349	ARO:3001536	Perfect
ncbi	blaOXA-35	ARO:3001429	Perfect
ncbi	blaOXA-350	ARO:3001537	Perfect
ncbi	blaOXA-351	ARO:3001538	Perfect
ncbi	blaOXA-352	ARO:3001539	Perfect
ncbi	blaOXA-353	ARO:3001540	Perfect
ncbi	blaOXA-354	ARO:3001541	Perfect
ncbi	blaOXA-355	ARO:3001542	Perfect
ncbi	blaOXA-356	ARO:3001543	Perfect
ncbi	blaOXA-357	ARO:3001544	Perfect
ncbi	blaOXA-358	ARO:3001545	Perfect
ncbi	blaOXA-359	ARO:3001546	Perfect
ncbi	blaOXA-360	ARO:3001547	Perfect
ncbi	blaOXA-361	ARO:3001548	Perfect
ncbi	blaOXA-362	ARO:3001549	Perfect
ncbi	blaOXA-363	ARO:3001550	Perfect
ncbi	blaOXA-364	ARO:3001551	Perfect
ncbi	blaOXA-365	ARO:3001552	Perfect
ncbi	blaOXA-366	ARO:3001553	Perfect
ncbi	blaOXA-368	ARO:3001555	Perfect
ncbi	blaOXA-37	ARO:3001431	Perfect
ncbi	blaOXA-370	ARO:3001774	Perfect
ncbi	blaOXA-371	ARO:3001557	Perfect
ncbi	blaOXA-372	ARO:3001558	Perfect
ncbi	blaOXA-373	ARO:3001559	Perfect
ncbi	blaOXA-374	ARO:3001560	Perfect
ncbi	blaOXA-375	ARO:3001561	Perfect
ncbi	blaOXA-376	ARO:3001562	Perfect
ncbi	blaOXA-377	ARO:3001563	Perfect
ncbi	blaOXA-378	ARO:3001564	Perfect
ncbi	blaOXA-379	ARO:3001565	Perfect
ncbi	blaOXA-380	ARO:3001566	Perfect
ncbi	blaOXA-381	ARO:3001567	Perfect
ncbi	blaOXA-382	ARO:3001568	Perfect
ncbi	blaOXA-383	ARO:3001569	Perfect
ncbi	blaOXA-384	ARO:3001570	Perfect
ncbi	blaOXA-385	ARO:3001571	Perfect
ncbi	blaOXA-386	ARO:3001572	Perfect
ncbi	blaOXA-387	ARO:3001573	Perfect
ncbi	blaOXA-388	ARO:3001574	Perfect
ncbi	blaOXA-389	ARO:3001575	Perfect
ncbi	blaOXA-390	ARO:3001576	Perfect
ncbi	blaOXA-391	ARO:3001577	Perfect
ncbi	blaOXA-392	ARO:3001578	Perfect
ncbi	blaOXA-395	ARO:3001581	Perfect
ncbi	blaOXA-396	ARO:3001582	Perfect
ncbi	blaOXA-397	ARO:3001583	Perfect
ncbi	blaOXA-398	ARO:3001584	Perfect
ncbi	blaOXA-4	ARO:3001399	Perfect
ncbi	blaOXA-400	ARO:3001586	Perfect
ncbi	blaOXA-401	ARO:3001587	Perfect
ncbi	blaOXA-402	ARO:3001588	Perfect
ncbi	blaOXA-403	ARO:3001589	Perfect
ncbi	blaOXA-404	ARO:3001595	Perfect
ncbi	blaOXA-405	ARO:3001596	Perfect
ncbi	blaOXA-406	ARO:3001597	Perfect
ncbi	blaOXA-407	ARO:3001598	Perfect
ncbi	blaOXA-408	ARO:3001599	Perfect
ncbi	blaOXA-409	ARO:3001600	Perfect
ncbi	blaOXA-410	ARO:3001601	Perfect
ncbi	blaOXA-411	ARO:3001602	Perfect
ncbi	blaOXA-412	ARO:3001603	Perfect
ncbi	blaOXA-413	ARO:3001604	Perfect
ncbi	blaOXA-414	ARO:3001605	Perfect
ncbi	blaOXA-415	ARO:3001606	Perfect
ncbi	blaOXA-416	ARO:3001607	Perfect
ncbi	blaOXA-417	ARO:3001608	Perfect
ncbi	blaOXA-418	ARO:3002496	Perfect
ncbi	blaOXA-42	ARO:3001769	Perfect
ncbi	blaOXA-420	ARO:3003116	Perfect
ncbi	blaOXA-421	ARO:3003117	Perfect
ncbi	blaOXA-422	ARO:3003160	Perfect
ncbi	blaOXA-423	ARO:3003161	Perfect
ncbi	blaOXA-424	ARO:3003147	Perfect
ncbi	blaOXA-425	ARO:3003148	Perfect
ncbi	blaOXA-426	ARO:3003149	Perfect
ncbi	blaOXA-427	ARO:3003115	Perfect
ncbi	blaOXA-429	ARO:3003120	Perfect
ncbi	blaOXA-43	ARO:3001770	Perfect
ncbi	blaOXA-430	ARO:3003121	Perfect
ncbi	blaOXA-431	ARO:3003124	Perfect
ncbi	blaOXA-432	ARO:3003125	Perfect
ncbi	blaOXA-433	ARO:3003126	Perfect
ncbi	blaOXA-435	ARO:3003162	Perfect
ncbi	blaOXA-436	ARO:3003128	Perfect
ncbi	blaOXA-437	ARO:3003593	Perfect
ncbi	blaOXA-438	ARO:3003594	Perfect
ncbi	blaOXA-439	ARO:3003595	Perfect
ncbi	blaOXA-440	ARO:3003596	Perfect
ncbi	blaOXA-441	ARO:3003597	Perfect
ncbi	blaOXA-442	ARO:3003598	Perfect
ncbi	blaOXA-443	ARO:3003599	Perfect
ncbi	blaOXA-444	ARO:3003600	Perfect
ncbi	blaOXA-446	ARO:3003602	Perfect
ncbi	blaOXA-447	ARO:3003603	Perfect
ncbi	blaOXA-448	ARO:3003604	Perfect
ncbi	blaOXA-449	ARO:3003605	Perfect
ncbi	blaOXA-45	ARO:3001794	Perfect
ncbi	blaOXA-450	ARO:3003606	Perfect
ncbi	blaOXA-451	ARO:3003607	Perfect
ncbi	blaOXA-452	ARO:3003608	Perfect
ncbi	blaOXA-453	ARO:3003609	Perfect
ncbi	blaOXA-454	ARO:3003610	Perfect
ncbi	blaOXA-455	ARO:3003611	Perfect
ncbi	blaOXA-457	ARO:3003613	Perfect
ncbi	blaOXA-458	ARO:3003614	Perfect
ncbi	blaOXA-459	ARO:3003615	Perfect
ncbi	blaOXA-46	ARO:3001797	Perfect
ncbi	blaOXA-460	ARO:3003616	Perfect
ncbi	blaOXA-461	ARO:3003617	Perfect
ncbi	blaOXA-464	ARO:3003620	Perfect
ncbi	blaOXA-465	ARO:3003621	Perfect
ncbi	blaOXA-466	ARO:3003622	Perfect
ncbi	blaOXA-47	ARO:3001781	Perfect
ncbi	blaOXA-470	ARO:3003626	Perfect
ncbi	blaOXA-471	ARO:3003627	Perfect
ncbi	blaOXA-472	ARO:3003628	Perfect
ncbi	blaOXA-473	ARO:3003629	Perfect
ncbi	blaOXA-474	ARO:3003631	Perfect
ncbi	blaOXA-475	ARO:3003632	Perfect
ncbi	blaOXA-476	ARO:3003633	Perfect
ncbi	blaOXA-477	ARO:3003634	Perfect
ncbi	blaOXA-478	ARO:3003635	Perfect
ncbi	blaOXA-479	ARO:3003636	Perfect
ncbi	blaOXA-48	ARO:3001782	Perfect
ncbi	blaOXA-480	ARO:3003637	Perfect
ncbi	blaOXA-482	ARO:3003639	Perfect
ncbi	blaOXA-483	ARO:3003640	Perfect
ncbi	blaOXA-484	ARO:3003641	Perfect
ncbi	blaOXA-485	ARO:3003642	Perfect
ncbi	blaOXA-486	ARO:3003643	Perfect
ncbi	blaOXA-488	ARO:3003645	Perfect
ncbi	blaOXA-489	ARO:3005724	Perfect
ncbi	blaOXA-49	ARO:3001671	Perfect
ncbi	blaOXA-491	ARO:3005725	Perfect
ncbi	blaOXA-493	ARO:3005726	Perfect
ncbi	blaOXA-494	ARO:3005727	Perfect
ncbi	blaOXA-496	ARO:3005335	Perfect
ncbi	blaOXA-497	ARO:3005728	Perfect
ncbi	blaOXA-498	ARO:3005729	Perfect
ncbi	blaOXA-499	ARO:3005343	Perfect
ncbi	blaOXA-5	ARO:3001400	Perfect
ncbi	blaOXA-50	ARO:3001796	Perfect
ncbi	blaOXA-500	ARO:3005730	Perfect
ncbi	blaOXA-501	ARO:3005731	Perfect
ncbi	blaOXA-502	ARO:3005732	Perfect
ncbi	blaOXA-503	ARO:3005733	Perfect
ncbi	blaOXA-504	ARO:3005734	Perfect
ncbi	blaOXA-505	ARO:3005735	Perfect
ncbi	blaOXA-506	ARO:3005736	Perfect
ncbi	blaOXA-507	ARO:3005737	Perfect
ncbi	blaOXA-508	ARO:3005738	Perfect
ncbi	blaOXA-509	ARO:3005739	Perfect
ncbi	blaOXA-51	ARO:3001612	Perfect
ncbi	blaOXA-510	ARO:3005740	Perfect
ncbi	blaOXA-511	ARO:3005741	Perfect
ncbi	blaOXA-512	ARO:3005742	Perfect
ncbi	blaOXA-513	ARO:3005743	Perfect
ncbi	blaOXA-514	ARO:3005744	Perfect
ncbi	blaOXA-515	ARO:3005745	Perfect
ncbi	blaOXA-516	ARO:3005746	Perfect
ncbi	blaOXA-517	ARO:3005747	Perfect
ncbi	blaOXA-518	ARO:3005748	Perfect
ncbi	blaOXA-519	ARO:3005749	Perfect
ncbi	blaOXA-520	ARO:3005750	Perfect
ncbi	blaOXA-521	ARO:3005751	Perfect
ncbi	blaOXA-522	ARO:3005752	Perfect
ncbi	blaOXA-523	ARO:3005753	Perfect
ncbi	blaOXA-524	ARO:3005754	Perfect
ncbi	blaOXA-525	ARO:3005755	Perfect
ncbi	blaOXA-526	ARO:3005756	Perfect
ncbi	blaOXA-527	ARO:3005757	Perfect
ncbi	blaOXA-528	ARO:3005758	Perfect
ncbi	blaOXA-529	ARO:3005759	Perfect
ncbi	blaOXA-53	ARO:3001810	Perfect
ncbi	blaOXA-530	ARO:3005760	Perfect
ncbi	blaOXA-531	ARO:3005761	Perfect
ncbi	blaOXA-532	ARO:3005762	Perfect
ncbi	blaOXA-533	ARO:3005763	Perfect
ncbi	blaOXA-534	ARO:3005764	Perfect
ncbi	blaOXA-535	ARO:3004362	Perfect
ncbi	blaOXA-536	ARO:3005765	Perfect
ncbi	blaOXA-537	ARO:3005766	Perfect
ncbi	blaOXA-538	ARO:3005767	Perfect
ncbi	blaOXA-539	ARO:3005317	Perfect
ncbi	blaOXA-54	ARO:3001812	Perfect
ncbi	blaOXA-540	ARO:3005314	Perfect
ncbi	blaOXA-541	ARO:3005321	Perfect
ncbi	blaOXA-542	ARO:3005768	Perfect
ncbi	blaOXA-543	ARO:3005318	Perfect
ncbi	blaOXA-544	ARO:3005222	Perfect
ncbi	blaOXA-545	ARO:3005769	Perfect
ncbi	blaOXA-546	ARO:3005770	Perfect
ncbi	blaOXA-547	ARO:3005771	Perfect
ncbi	blaOXA-548	ARO:3005772	Perfect
ncbi	blaOXA-549	ARO:3005773	Perfect
ncbi	blaOXA-55	ARO:3001813	Perfect
ncbi	blaOXA-550	ARO:3005774	Perfect
ncbi	blaOXA-551	ARO:3005775	Perfect
ncbi	blaOXA-552	ARO:3005776	Perfect
ncbi	blaOXA-553	ARO:3005777	Perfect
ncbi	blaOXA-554	ARO:3005778	Perfect
ncbi	blaOXA-555	ARO:3005779	Perfect
ncbi	blaOXA-556	ARO:3005780	Perfect
ncbi	blaOXA-557	ARO:3005781	Perfect
ncbi	blaOXA-558	ARO:3005782	Perfect
ncbi	blaOXA-559	ARO:3005783	Perfect
ncbi	blaOXA-56	ARO:3001795	Perfect
ncbi	blaOXA-560	ARO:3005784	Perfect
ncbi	blaOXA-561	ARO:3005785	Perfect
ncbi	blaOXA-562	ARO:3005786	Perfect
ncbi	blaOXA-563	ARO:3005787	Perfect
ncbi	blaOXA-564	ARO:3005788	Perfect
ncbi	blaOXA-565	ARO:3005789	Perfect
ncbi	blaOXA-566	ARO:3005790	Perfect
ncbi	blaOXA-567	ARO:3005791	Perfect
ncbi	blaOXA-568	ARO:3005792	Perfect
ncbi	blaOXA-569	ARO:3005793	Perfect
ncbi	blaOXA-57	ARO:3001771	Perfect
ncbi	blaOXA-570	ARO:3005324	Perfect
ncbi	blaOXA-571	ARO:3005326	Perfect
ncbi	blaOXA-572	ARO:3005794	Perfect
ncbi	blaOXA-573	ARO:3005325	Perfect
ncbi	blaOXA-574	ARO:3005795	Perfect
ncbi	blaOXA-575	ARO:3005796	Perfect
ncbi	blaOXA-576	ARO:3005797	Perfect
ncbi	blaOXA-577	ARO:3005798	Perfect
ncbi	blaOXA-578	ARO:3005799	Perfect
ncbi	blaOXA-579	ARO:3005800	Perfect
ncbi	blaOXA-58	ARO:3001611	Perfect
ncbi	blaOXA-580	ARO:3005801	Perfect
ncbi	blaOXA-581	ARO:3005802	Perfect
ncbi	blaOXA-582	ARO:3005803	Perfect
ncbi	blaOXA-583	ARO:3005804	Perfect
ncbi	blaOXA-584	ARO:3005805	Perfect
ncbi	blaOXA-585	ARO:3005806	Perfect
ncbi	blaOXA-586	ARO:3005807	Perfect
ncbi	blaOXA-587	ARO:3005808	Perfect
ncbi	blaOXA-588	ARO:3005809	Perfect
ncbi	blaOXA-589	ARO:3005810	Perfect
ncbi	blaOXA-59	ARO:3001772	Perfect
ncbi	blaOXA-590	ARO:3005811	Perfect
ncbi	blaOXA-591	ARO:3005812	Perfect
ncbi	blaOXA-592	ARO:3005813	Perfect
ncbi	blaOXA-593	ARO:3005814	Perfect
ncbi	blaOXA-594	ARO:3005815	Perfect
ncbi	blaOXA-595	ARO:3005816	Perfect
ncbi	blaOXA-596	ARO:3005817	Perfect
ncbi	blaOXA-597	ARO:3005818	Perfect
ncbi	blaOXA-598	ARO:3005819	Perfect
ncbi	blaOXA-599	ARO:3005820	Perfect
ncbi	blaOXA-60	ARO:3001808	Perfect
ncbi	blaOXA-600	ARO:3005821	Perfect
ncbi	blaOXA-601	ARO:3005822	Perfect
ncbi	blaOXA-602	ARO:3005823	Perfect
ncbi	blaOXA-603	ARO:3005824	Perfect
ncbi	blaOXA-604	ARO:3005825	Perfect
ncbi	blaOXA-605	ARO:3005826	Perfect
ncbi	blaOXA-606	ARO:3005827	Perfect
ncbi	blaOXA-607	ARO:3005828	Perfect
ncbi	blaOXA-608	ARO:3005829	Perfect
ncbi	blaOXA-609	ARO:3005830	Perfect
ncbi	blaOXA-61	ARO:3001773	Perfect
ncbi	blaOXA-610	ARO:3005831	Perfect
ncbi	blaOXA-611	ARO:3005832	Perfect
ncbi	blaOXA-612	ARO:3005833	Perfect
ncbi	blaOXA-613	ARO:3005834	Perfect
ncbi	blaOXA-614	ARO:3005835	Perfect
ncbi	blaOXA-615	ARO:3005836	Perfect
ncbi	blaOXA-616	ARO:3005837	Perfect
ncbi	blaOXA-617	ARO:3005838	Perfect
ncbi	blaOXA-618	ARO:3005839	Perfect
ncbi	blaOXA-619	ARO:3005840	Perfect
ncbi	blaOXA-62	ARO:3001792	Perfect
ncbi	blaOXA-620	ARO:3005841	Perfect
ncbi	blaOXA-621	ARO:3005842	Perfect
ncbi	blaOXA-622	ARO:3005843	Perfect
ncbi	blaOXA-623	ARO:3005844	Perfect
ncbi	blaOXA-624	ARO:3005845	Perfect
ncbi	blaOXA-625	ARO:3005846	Perfect
ncbi	blaOXA-626	ARO:3005847	Perfect
ncbi	blaOXA-627	ARO:3005848	Perfect
ncbi	blaOXA-628	ARO:3005849	Perfect
ncbi	blaOXA-629	ARO:3005850	Perfect
ncbi	blaOXA-63	ARO:3001764	Perfect
ncbi	blaOXA-630	ARO:3005851	Perfect
ncbi	blaOXA-631	ARO:3005852	Perfect
ncbi	blaOXA-632	ARO:3005853	Perfect
ncbi	blaOXA-633	ARO:3005854	Perfect
ncbi	blaOXA-634	ARO:3005855	Perfect
ncbi	blaOXA-635	ARO:3005856	Perfect
ncbi	blaOXA-636	ARO:3005857	Perfect
ncbi	blaOXA-637	ARO:3005858	Perfect
ncbi	blaOXA-638	ARO:3005859	Perfect
ncbi	blaOXA-639	ARO:3005860	Perfect
ncbi	blaOXA-64	ARO:3001613	Perfect
ncbi	blaOXA-640	ARO:3005861	Perfect
ncbi	blaOXA-641	ARO:3005333	Perfect
ncbi	blaOXA-642	ARO:3005862	Perfect
ncbi	blaOXA-643	ARO:3005863	Perfect
ncbi	blaOXA-644	ARO:3005864	Perfect
ncbi	blaOXA-645	ARO:3005865	Perfect
ncbi	blaOXA-646	ARO:3005339	Perfect
ncbi	blaOXA-647	ARO:3005337	Perfect
ncbi	blaOXA-648	ARO:3005338	Perfect
ncbi	blaOXA-649	ARO:3005340	Perfect
ncbi	blaOXA-65	ARO:3001614	Perfect
ncbi	blaOXA-650	ARO:3005866	Perfect
ncbi	blaOXA-651	ARO:3005867	Perfect
ncbi	blaOXA-652	ARO:3005868	Perfect
ncbi	blaOXA-653	ARO:3005342	Perfect
ncbi	blaOXA-654	ARO:3005869	Perfect
ncbi	blaOXA-655	ARO:3005870	Perfect
ncbi	blaOXA-656	ARO:3005871	Perfect
ncbi	blaOXA-657	ARO:3005872	Perfect
ncbi	blaOXA-658	ARO:3005873	Perfect
ncbi	blaOXA-659	ARO:3005874	Perfect
ncbi	blaOXA-66	ARO:3001615	Perfect
ncbi	blaOXA-660	ARO:3005875	Perfect
ncbi	blaOXA-661	ARO:3005876	Perfect
ncbi	blaOXA-662	ARO:3005877	Perfect
ncbi	blaOXA-663	ARO:3004489	Perfect
ncbi	blaOXA-665	ARO:3004478	Perfect
ncbi	blaOXA-666	ARO:3005878	Perfect
ncbi	blaOXA-667	ARO:3005879	Perfect
ncbi	blaOXA-668	ARO:3005158	Perfect
ncbi	blaOXA-669	ARO:3005880	Perfect
ncbi	blaOXA-67	ARO:3001437	Perfect
ncbi	blaOXA-670	ARO:3005881	Perfect
ncbi	blaOXA-671	ARO:3005328	Perfect
ncbi	blaOXA-672	ARO:3005327	Perfect
ncbi	blaOXA-673	ARO:3005329	Perfect
ncbi	blaOXA-674	ARO:3005882	Perfect
ncbi	blaOXA-675	ARO:3005883	Perfect
ncbi	blaOXA-676	ARO:3005884	Perfect
ncbi	blaOXA-677	ARO:3005885	Perfect
ncbi	blaOXA-678	ARO:3005886	Perfect
ncbi	blaOXA-679	ARO:3005887	Perfect
ncbi	blaOXA-68	ARO:3001616	Perfect
ncbi	blaOXA-680	ARO:3005888	Perfect
ncbi	blaOXA-681	ARO:3005319	Perfect
ncbi	blaOXA-682	ARO:3005889	Perfect
ncbi	blaOXA-683	ARO:3005890	Perfect
ncbi	blaOXA-684	ARO:3005891	Perfect
ncbi	blaOXA-685	ARO:3005892	Perfect
ncbi	blaOXA-686	ARO:3005893	Perfect
ncbi	blaOXA-687	ARO:3005894	Perfect
ncbi	blaOXA-688	ARO:3005895	Perfect
ncbi	blaOXA-689	ARO:3005896	Perfect
ncbi	blaOXA-69	ARO:3001617	Perfect
ncbi	blaOXA-690	ARO:3005897	Perfect
ncbi	blaOXA-691	ARO:3005898	Perfect
ncbi	blaOXA-692	ARO:3005899	Perfect
ncbi	blaOXA-693	ARO:3005900	Perfect
ncbi	blaOXA-694	ARO:3005901	Perfect
ncbi	blaOXA-695	ARO:3005902	Perfect
ncbi	blaOXA-696	ARO:3005903	Perfect
ncbi	blaOXA-697	ARO:3005904	Perfect
ncbi	blaOXA-698	ARO:3005905	Perfect
ncbi	blaOXA-699	ARO:3005906	Perfect
ncbi	blaOXA-7	ARO:3001402	Perfect
ncbi	blaOXA-70	ARO:3001618	Perfect
ncbi	blaOXA-700	ARO:3005907	Perfect
ncbi	blaOXA-701	ARO:3005908	Perfect
ncbi	blaOXA-702	ARO:3005909	Perfect
ncbi	blaOXA-703	ARO:3005910	Perfect
ncbi	blaOXA-704	ARO:3005911	Perfect
ncbi	blaOXA-705	ARO:3005912	Perfect
ncbi	blaOXA-706	ARO:3005913	Perfect
ncbi	blaOXA-707	ARO:3005914	Perfect
ncbi	blaOXA-708	ARO:3005915	Perfect
ncbi	blaOXA-709	ARO:3005916	Perfect
ncbi	blaOXA-71	ARO:3001619	Perfect
ncbi	blaOXA-710	ARO:3005917	Perfect
ncbi	blaOXA-711	ARO:3005918	Perfect
ncbi	blaOXA-712	ARO:3005919	Perfect
ncbi	blaOXA-713	ARO:3005920	Perfect
ncbi	blaOXA-714	ARO:3005921	Perfect
ncbi	blaOXA-715	ARO:3005922	Perfect
ncbi	blaOXA-716	ARO:3005923	Perfect
ncbi	blaOXA-717	ARO:3005924	Perfect
ncbi	blaOXA-718	ARO:3005925	Perfect
ncbi	blaOXA-719	ARO:3005926	Perfect
ncbi	blaOXA-72	ARO:3001705	Perfect
ncbi	blaOXA-720	ARO:3005927	Perfect
ncbi	blaOXA-721	ARO:3005928	Perfect
ncbi	blaOXA-722	ARO:3005929	Perfect
ncbi	blaOXA-723	ARO:3005930	Perfect
ncbi	blaOXA-724	ARO:3004837	Perfect
ncbi	blaOXA-725	ARO:3008720	Perfect
ncbi	blaOXA-726	ARO:3005931	Perfect
ncbi	blaOXA-727	ARO:3005932	Perfect
ncbi	blaOXA-728	ARO:3005933	Perfect
ncbi	blaOXA-729	ARO:3005934	Perfect
ncbi	blaOXA-73	ARO:3001785	Perfect
ncbi	blaOXA-730	ARO:3005935	Perfect
ncbi	blaOXA-731	ARO:3005936	Perfect
ncbi	blaOXA-732	ARO:3005937	Perfect
ncbi	blaOXA-733	ARO:3005938	Perfect
ncbi	blaOXA-734	ARO:3005939	Perfect
ncbi	blaOXA-735	ARO:3005940	Perfect
ncbi	blaOXA-736	ARO:3005941	Perfect
ncbi	blaOXA-737	ARO:3005320	Perfect
ncbi	blaOXA-738	ARO:3005942	Perfect
ncbi	blaOXA-739	ARO:3005943	Perfect
ncbi	blaOXA-74	ARO:3001798	Perfect
ncbi	blaOXA-740	ARO:3005944	Perfect
ncbi	blaOXA-741	ARO:3005945	Perfect
ncbi	blaOXA-742	ARO:3005946	Perfect
ncbi	blaOXA-743	ARO:3005947	Perfect
ncbi	blaOXA-744	ARO:3005948	Perfect
ncbi	blaOXA-745	ARO:3005949	Perfect
ncbi	blaOXA-746	ARO:3005950	Perfect
ncbi	blaOXA-747	ARO:3005951	Perfect
ncbi	blaOXA-748	ARO:3005952	Perfect
ncbi	blaOXA-749	ARO:3005953	Perfect
ncbi	blaOXA-75	ARO:3001620	Perfect
ncbi	blaOXA-750	ARO:3005954	Perfect
ncbi	blaOXA-751	ARO:3005955	Perfect
ncbi	blaOXA-752	ARO:3005956	Perfect
ncbi	blaOXA-753	ARO:3005957	Perfect
ncbi	blaOXA-754	ARO:3005958	Perfect
ncbi	blaOXA-755	ARO:3005959	Perfect
ncbi	blaOXA-756	ARO:3005960	Perfect
ncbi	blaOXA-757	ARO:3005961	Perfect
ncbi	blaOXA-758	ARO:3005962	Perfect
ncbi	blaOXA-759	ARO:3005963	Perfect
ncbi	blaOXA-76	ARO:3001621	Perfect
ncbi	blaOXA-760	ARO:3005964	Perfect
ncbi	blaOXA-761	ARO:3005965	Perfect
ncbi	blaOXA-762	ARO:3005966	Perfect
ncbi	blaOXA-763	ARO:3005967	Perfect
ncbi	blaOXA-764	ARO:3005968	Perfect
ncbi	blaOXA-765	ARO:3005969	Perfect
ncbi	blaOXA-766	ARO:3005970	Perfect
ncbi	blaOXA-767	ARO:3005971	Perfect
ncbi	blaOXA-768	ARO:3005972	Perfect
ncbi	blaOXA-769	ARO:3005973	Perfect
ncbi	blaOXA-77	ARO:3001622	Perfect
ncbi	blaOXA-770	ARO:3005974	Perfect
ncbi	blaOXA-771	ARO:3005975	Perfect
ncbi	blaOXA-772	ARO:3005976	Perfect
ncbi	blaOXA-773	ARO:3005977	Perfect
ncbi	blaOXA-774	ARO:3005978	Perfect
ncbi	blaOXA-775	ARO:3005979	Perfect
ncbi	blaOXA-776	ARO:3005980	Perfect
ncbi	blaOXA-777	ARO:3005981	Perfect
ncbi	blaOXA-778	ARO:3005982	Perfect
ncbi	blaOXA-779	ARO:3005315	Perfect
ncbi	blaOXA-78	ARO:3001645	Perfect
ncbi	blaOXA-780	ARO:3005983	Perfect
ncbi	blaOXA-781	ARO:3005984	Perfect
ncbi	blaOXA-782	ARO:3005985	Perfect
ncbi	blaOXA-783	ARO:3005986	Perfect
ncbi	blaOXA-784	ARO:3005987	Perfect
ncbi	blaOXA-785	ARO:3005988	Perfect
ncbi	blaOXA-786	ARO:3005989	Perfect
ncbi	blaOXA-787	ARO:3005990	Perfect
ncbi	blaOXA-788	ARO:3005991	Perfect
ncbi	blaOXA-789	ARO:3005992	Perfect
ncbi	blaOXA-79	ARO:3001633	Perfect
ncbi	blaOXA-790	ARO:3008721	Perfect
ncbi	blaOXA-791	ARO:3008722	Perfect
ncbi	blaOXA-793	ARO:3005993	Perfect
ncbi	blaOXA-794	ARO:3005994	Perfect
ncbi	blaOXA-795	ARO:3005995	Perfect
ncbi	blaOXA-796	ARO:3005996	Perfect
ncbi	blaOXA-797	ARO:3005997	Perfect
ncbi	blaOXA-798	ARO:3005998	Perfect
ncbi	blaOXA-799	ARO:3005999	Perfect
ncbi	blaOXA-80	ARO:3001634	Perfect
ncbi	blaOXA-800	ARO:3006000	Perfect
ncbi	blaOXA-801	ARO:3006001	Perfect
ncbi	blaOXA-802	ARO:3006002	Perfect
ncbi	blaOXA-803	ARO:3006003	Perfect
ncbi	blaOXA-804	ARO:3006004	Perfect
ncbi	blaOXA-805	ARO:3006005	Perfect
ncbi	blaOXA-806	ARO:3006006	Perfect
ncbi	blaOXA-807	ARO:3006007	Perfect
ncbi	blaOXA-808	ARO:3006008	Perfect
ncbi	blaOXA-809	ARO:3006009	Perfect
ncbi	blaOXA-810	ARO:3006010	Perfect
ncbi	blaOXA-811	ARO:3006011	Perfect
ncbi	blaOXA-812	ARO:3005160	Perfect
ncbi	blaOXA-813	ARO:3006012	Perfect
ncbi	blaOXA-814	ARO:3006013	Perfect
ncbi	blaOXA-815	ARO:3006014	Perfect
ncbi	blaOXA-816	ARO:3006015	Perfect
ncbi	blaOXA-817	ARO:3006016	Perfect
ncbi	blaOXA-818	ARO:3005159	Perfect
ncbi	blaOXA-819	ARO:3006017	Perfect
ncbi	blaOXA-82	ARO:3001635	Perfect
ncbi	blaOXA-820	ARO:3006018	Perfect
ncbi	blaOXA-821	ARO:3006019	Perfect
ncbi	blaOXA-822	ARO:3006020	Perfect
ncbi	blaOXA-823	ARO:3006021	Perfect
ncbi	blaOXA-824	ARO:3006022	Perfect
ncbi	blaOXA-825	ARO:3005344	Perfect
ncbi	blaOXA-826	ARO:3006023	Perfect
ncbi	blaOXA-827	ARO:3006024	Perfect
ncbi	blaOXA-828	ARO:3006025	Perfect
ncbi	blaOXA-829	ARO:3006026	Perfect
ncbi	blaOXA-83	ARO:3001623	Perfect
ncbi	blaOXA-830	ARO:3006027	Perfect
ncbi	blaOXA-831	ARO:3006028	Perfect
ncbi	blaOXA-832	ARO:3006029	Perfect
ncbi	blaOXA-833	ARO:3006030	Perfect
ncbi	blaOXA-834	ARO:3006031	Perfect
ncbi	blaOXA-835	ARO:3005322	Perfect
ncbi	blaOXA-836	ARO:3006032	Perfect
ncbi	blaOXA-837	ARO:3005060	Perfect
ncbi	blaOXA-838	ARO:3005316	Perfect
ncbi	blaOXA-839	ARO:3006033	Perfect
ncbi	blaOXA-84	ARO:3001624	Perfect
ncbi	blaOXA-840	ARO:3006034	Perfect
ncbi	blaOXA-841	ARO:3006035	Perfect
ncbi	blaOXA-842	ARO:3006036	Perfect
ncbi	blaOXA-843	ARO:3006037	Perfect
ncbi	blaOXA-844	ARO:3006038	Perfect
ncbi	blaOXA-845	ARO:3006039	Perfect
ncbi	blaOXA-846	ARO:3005130	Perfect
ncbi	blaOXA-847	ARO:3006040	Perfect
ncbi	blaOXA-848	ARO:3006041	Perfect
ncbi	blaOXA-849	ARO:3006042	Perfect
ncbi	blaOXA-85	ARO:3001780	Strict
ncbi	blaOXA-850	ARO:3005138	Perfect
ncbi	blaOXA-851	ARO:3006043	Perfect
ncbi	blaOXA-852	ARO:3006044	Perfect
ncbi	blaOXA-853	ARO:3006045	Perfect
ncbi	blaOXA-854	ARO:3006046	Perfect
ncbi	blaOXA-855	ARO:3006047	Perfect
ncbi	blaOXA-856	ARO:3006048	Perfect
ncbi	blaOXA-857	ARO:3006049	Perfect
ncbi	blaOXA-858	ARO:3006050	Perfect
ncbi	blaOXA-859	ARO:3006051	Perfect
ncbi	blaOXA-86	ARO:3001703	Perfect
ncbi	blaOXA-860	ARO:3006052	Perfect
ncbi	blaOXA-861	ARO:3006053	Perfect
ncbi	blaOXA-862	ARO:3006054	Perfect
ncbi	blaOXA-863	ARO:3006055	Perfect
ncbi	blaOXA-864	ARO:3006056	Perfect
ncbi	blaOXA-865	ARO:3006057	Perfect
ncbi	blaOXA-866	ARO:3006058	Perfect
ncbi	blaOXA-867	ARO:3006059	Perfect
ncbi	blaOXA-868	ARO:3006060	Perfect
ncbi	blaOXA-869	ARO:3006061	Perfect
ncbi	blaOXA-87	ARO:3001704	Perfect
ncbi	blaOXA-870	ARO:3006062	Perfect
ncbi	blaOXA-871	ARO:3006063	Perfect
ncbi	blaOXA-872	ARO:3006064	Perfect
ncbi	blaOXA-873	ARO:3006065	Perfect
ncbi	blaOXA-874	ARO:3006066	Perfect
ncbi	blaOXA-875	ARO:3006067	Perfect
ncbi	blaOXA-876	ARO:3006068	Perfect
ncbi	blaOXA-877	ARO:3006069	Perfect
ncbi	blaOXA-878	ARO:3006070	Perfect
ncbi	blaOXA-879	ARO:3006071	Perfect
ncbi	blaOXA-88	ARO:3001626	Perfect
ncbi	blaOXA-880	ARO:3006072	Perfect
ncbi	blaOXA-881	ARO:3006073	Perfect
ncbi	blaOXA-882	ARO:3006074	Perfect
ncbi	blaOXA-883	ARO:3006075	Perfect
ncbi	blaOXA-884	ARO:3006076	Perfect
ncbi	blaOXA-885	ARO:3006077	Perfect
ncbi	blaOXA-886	ARO:3006078	Perfect
ncbi	blaOXA-887	ARO:3006079	Perfect
ncbi	blaOXA-888	ARO:3006080	Perfect
ncbi	blaOXA-889	ARO:3006081	Perfect
ncbi	blaOXA-89	ARO:3001625	Perfect
ncbi	blaOXA-890	ARO:3006082	Perfect
ncbi	blaOXA-891	ARO:3006083	Perfect
ncbi	blaOXA-892	ARO:3006084	Perfect
ncbi	blaOXA-893	ARO:3006085	Perfect
ncbi	blaOXA-894	ARO:3006086	Perfect
ncbi	blaOXA-895	ARO:3005332	Perfect
ncbi	blaOXA-896	ARO:3006087	Perfect
ncbi	blaOXA-897	ARO:3005341	Perfect
ncbi	blaOXA-898	ARO:3005094	Perfect
ncbi	blaOXA-899	ARO:3005093	Perfect
ncbi	blaOXA-9	ARO:3001404	Perfect
ncbi	blaOXA-90	ARO:3001650	Perfect
ncbi	blaOXA-900	ARO:3006088	Perfect
ncbi	blaOXA-901	ARO:3006089	Perfect
ncbi	blaOXA-902	ARO:3006090	Perfect
ncbi	blaOXA-903	ARO:3006091	Perfect
ncbi	blaOXA-904	ARO:3006092	Perfect
ncbi	blaOXA-905	ARO:3006093	Perfect
ncbi	blaOXA-906	ARO:3005136	Perfect
ncbi	blaOXA-907	ARO:3006094	Perfect
ncbi	blaOXA-908	ARO:3006095	Perfect
ncbi	blaOXA-909	ARO:3006096	Perfect
ncbi	blaOXA-91	ARO:3001627	Perfect
ncbi	blaOXA-910	ARO:3006097	Perfect
ncbi	blaOXA-911	ARO:3006098	Perfect
ncbi	blaOXA-912	ARO:3006099	Perfect
ncbi	blaOXA-913	ARO:3006100	Perfect
ncbi	blaOXA-914	ARO:3006101	Perfect
ncbi	blaOXA-915	ARO:3005336	Perfect
ncbi	blaOXA-916	ARO:3006102	Perfect
ncbi	blaOXA-917	ARO:3006103	Perfect
ncbi	blaOXA-918	ARO:3006104	Perfect
ncbi	blaOXA-919	ARO:3006105	Perfect
ncbi	blaOXA-92	ARO:3001632	Perfect
ncbi	blaOXA-920	ARO:3006106	Perfect
ncbi	blaOXA-921	ARO:3006107	Perfect
ncbi	blaOXA-922	ARO:3006108	Perfect
ncbi	blaOXA-923	ARO:3006109	Perfect
ncbi	blaOXA-924	ARO:3006110	Perfect
ncbi	blaOXA-925	ARO:3006111	Perfect
ncbi	blaOXA-926	ARO:3005323	Perfect
ncbi	blaOXA-927	ARO:3006112	Perfect
ncbi	blaOXA-928	ARO:3006113	Perfect
ncbi	blaOXA-929	ARO:3006114	Perfect
ncbi	blaOXA-93	ARO:3001628	Perfect
ncbi	blaOXA-930	ARO:3005331	Perfect
ncbi	blaOXA-931	ARO:3005330	Perfect
ncbi	blaOXA-932	ARO:3006115	Perfect
ncbi	blaOXA-933	ARO:3008723	Perfect
ncbi	blaOXA-934	ARO:3008724	Perfect
ncbi	blaOXA-935	ARO:3006116	Perfect
ncbi	blaOXA-936	ARO:3008725	Perfect
ncbi	blaOXA-937	ARO:3006117	Perfect
ncbi	blaOXA-938	ARO:3006118	Perfect
ncbi	blaOXA-939	ARO:3006119	Perfect
ncbi	blaOXA-94	ARO:3001629	Perfect
ncbi	blaOXA-940	ARO:3006120	Perfect
ncbi	blaOXA-941	ARO:3006121	Perfect
ncbi	blaOXA-942	ARO:3006122	Perfect
ncbi	blaOXA-943	ARO:3006123	Perfect
ncbi	blaOXA-944	ARO:3008726	Perfect
ncbi	blaOXA-945	ARO:3006124	Perfect
ncbi	blaOXA-946	ARO:3006125	Perfect
ncbi	blaOXA-947	ARO:3006126	Perfect
ncbi	blaOXA-948	ARO:3006127	Perfect
ncbi	blaOXA-949	ARO:3006128	Perfect
ncbi	blaOXA-95	ARO:3001630	Perfect
ncbi	blaOXA-950	ARO:3008727	Perfect
ncbi	blaOXA-951	ARO:3008728	Perfect
ncbi	blaOXA-952	ARO:3008729	Perfect
ncbi	blaOXA-953	ARO:3008730	Perfect
ncbi	blaOXA-954	ARO:3008731	Perfect
ncbi	blaOXA-955	ARO:3008732	Perfect
ncbi	blaOXA-956	ARO:3008733	Perfect
ncbi	blaOXA-957	ARO:3008734	Perfect
ncbi	blaOXA-958	ARO:3008735	Perfect
ncbi	blaOXA-959	ARO:3008736	Perfect
ncbi	blaOXA-96	ARO:3001631	Perfect
ncbi	blaOXA-960	ARO:3008737	Perfect
ncbi	blaOXA-961	ARO:3008738	Perfect
ncbi	blaOXA-962	ARO:3008739	Perfect
ncbi	blaOXA-963	ARO:3008740	Perfect
ncbi	blaOXA-964	ARO:3008741	Perfect
ncbi	blaOXA-965	ARO:3008742	Perfect
ncbi	blaOXA-966	ARO:3008743	Perfect
ncbi	blaOXA-967	ARO:3008744	Perfect
ncbi	blaOXA-968	ARO:3008745	Perfect
ncbi	blaOXA-969	ARO:3008746	Perfect
ncbi	blaOXA-97	ARO:3001647	Perfect
ncbi	blaOXA-970	ARO:3008747	Perfect
ncbi	blaOXA-971	ARO:3008748	Perfect
ncbi	blaOXA-972	ARO:3008749	Perfect
ncbi	blaOXA-973	ARO:3008750	Perfect
ncbi	blaOXA-974	ARO:3008751	Perfect
ncbi	blaOXA-975	ARO:3008752	Perfect
ncbi	blaOXA-976	ARO:3008753	Perfect
ncbi	blaOXA-977	ARO:3008754	Perfect
ncbi	blaOXA-978	ARO:3008755	Perfect
ncbi	blaOXA-979	ARO:3008756	Perfect
ncbi	blaOXA-98	ARO:3001646	Perfect
ncbi	blaOXA-980	ARO:3008757	Perfect
ncbi	blaOXA-981	ARO:3008758	Perfect
ncbi	blaOXA-982	ARO:3008759	Perfect
ncbi	blaOXA-983	ARO:3008760	Perfect
ncbi	blaOXA-984	ARO:3008761	Perfect
ncbi	blaOXA-985	ARO:3008762	Perfect
ncbi	blaOXA-986	ARO:3008763	Perfect
ncbi	blaOXA-987	ARO:3008764	Perfect
ncbi	blaOXA-988	ARO:3008765	Perfect
ncbi	blaOXA-989	ARO:3008766	Perfect
ncbi	blaOXA-99	ARO:3001649	Perfect
ncbi	blaOXA-990	ARO:3008767	Perfect
ncbi	blaOXA-991	ARO:3008768	Perfect
ncbi	blaOXA-992	ARO:3008769	Perfect
ncbi	blaOXA-993	ARO:3008770	Perfect
ncbi	blaOXA-994	ARO:3008771	Perfect
ncbi	blaOXA-995	ARO:3008772	Perfect
ncbi	blaOXA-996	ARO:3008773	Perfect
ncbi	blaOXA-997	ARO:3008774	Perfect
ncbi	blaOXA-998	ARO:3008775	Perfect
ncbi	blaOXA-999	ARO:3008776	Perfect
ncbi	blaOXA-PR	ARO:3002484	Perfect
ncbi	blaOXY-1-1	ARO:3002389	Perfect
ncbi	blaOXY-1-10	ARO:3002389	Strict
ncbi	blaOXY-1-11	ARO:3008777	Perfect
ncbi	blaOXY-1-12	ARO:3008778	Perfect
ncbi	blaOXY-1-13	ARO:3008779	Perfect
ncbi	blaOXY-1-14	ARO:3002390	Strict
ncbi	blaOXY-1-15	ARO:3002389	Strict
ncbi	blaOXY-1-16	ARO:3008780	Perfect
ncbi	blaOXY-1-17	ARO:3008781	Perfect
ncbi	blaOXY-1-18	ARO:3008782	Perfect
ncbi	blaOXY-1-19	ARO:3008783	Perfect
ncbi	blaOXY-1-2	ARO:3002390	Perfect
ncbi	blaOXY-1-3	ARO:3002391	Perfect
ncbi	blaOXY-1-4	ARO:3002392	Perfect
ncbi	blaOXY-1-6	ARO:3002394	Perfect
ncbi	blaOXY-1-7	ARO:3008782	Strict
ncbi	blaOXY-1-8	ARO:3002392	Strict
ncbi	blaOXY-1-9	ARO:3002390	Strict
ncbi	blaOXY-10-1	ARO:3008784	Perfect
ncbi	blaOXY-11-1	ARO:3008785	Perfect
ncbi	blaOXY-12-1	ARO:3008786	Perfect
ncbi	blaOXY-12-2	ARO:3008787	Perfect
ncbi	blaOXY-2-1	ARO:3002396	Perfect
ncbi	blaOXY-2-10	ARO:3002405	Perfect
ncbi	blaOXY-2-11	ARO:3002406	Perfect
ncbi	blaOXY-2-12	ARO:3002407	Perfect
ncbi	blaOXY-2-13	ARO:3002408	Perfect
ncbi	blaOXY-2-14	ARO:3006129	Perfect
ncbi	blaOXY-2-15	ARO:3006130	Perfect
ncbi	blaOXY-2-16	ARO:3008789	Strict
ncbi	blaOXY-2-17	ARO:3008788	Perfect
ncbi	blaOXY-2-18	ARO:3008789	Perfect
ncbi	blaOXY-2-19	ARO:3008790	Perfect
ncbi	blaOXY-2-2	ARO:3002397	Perfect
ncbi	blaOXY-2-20	ARO:3008791	Perfect
ncbi	blaOXY-2-21	ARO:3008792	Perfect
ncbi	blaOXY-2-22	ARO:3008793	Perfect
ncbi	blaOXY-2-23	ARO:3008794	Perfect
ncbi	blaOXY-2-24	ARO:3008795	Perfect
ncbi	blaOXY-2-25	ARO:3008796	Perfect
ncbi	blaOXY-2-26	ARO:3008797	Perfect
ncbi	blaOXY-2-27	ARO:3008798	Perfect
ncbi	blaOXY-2-28	ARO:3008799	Perfect
ncbi	blaOXY-2-3	ARO:3002398	Perfect
ncbi	blaOXY-2-30	ARO:3008800	Perfect
ncbi	blaOXY-2-4	ARO:3002399	Perfect
ncbi	blaOXY-2-5	ARO:3002400	Perfect
ncbi	blaOXY-2-6	ARO:3002401	Perfect
ncbi	blaOXY-2-7	ARO:3002402	Perfect
ncbi	blaOXY-2-8	ARO:3002403	Perfect
ncbi	blaOXY-2-9	ARO:3002404	Perfect
ncbi	blaOXY-3-1	ARO:3002409	Perfect
ncbi	blaOXY-3-2	ARO:3008801	Perfect
ncbi	blaOXY-3-3	ARO:3008802	Perfect
ncbi	blaOXY-4-1	ARO:3002410	Perfect
ncbi	blaOXY-4-2	ARO:3008803	Perfect
ncbi	blaOXY-4-3	ARO:3008804	Perfect
ncbi	blaOXY-4-4	ARO:3008805	Perfect
ncbi	blaOXY-4-5	ARO:3008806	Perfect
ncbi	blaOXY-5-1	ARO:3002411	Perfect
ncbi	blaOXY-5-10	ARO:3008807	Perfect
ncbi	blaOXY-5-11	ARO:3008808	Perfect
ncbi	blaOXY-5-2	ARO:3002412	Perfect
ncbi	blaOXY-5-3	ARO:3008807	Strict
ncbi	blaOXY-5-4	ARO:3008807	Strict
ncbi	blaOXY-5-5	ARO:3008808	Strict
ncbi	blaOXY-5-6	ARO:3008809	Perfect
ncbi	blaOXY-5-7	ARO:3008810	Perfect
ncbi	blaOXY-5-8	ARO:3008811	Perfect
ncbi	blaOXY-5-9	ARO:3002411	Strict
ncbi	blaOXY-6-1	ARO:3002413	Perfect
ncbi	blaOXY-6-10	ARO:3008812	Perfect
ncbi	blaOXY-6-11	ARO:3008813	Perfect
ncbi	blaOXY-6-2	ARO:3002414	Perfect
ncbi	blaOXY-6-3	ARO:3002415	Perfect
ncbi	blaOXY-6-4	ARO:3002416	Perfect
ncbi	blaOXY-6-5	ARO:3008814	Perfect
ncbi	blaOXY-6-6	ARO:3008815	Strict
ncbi	blaOXY-6-7	ARO:3008815	Perfect
ncbi	blaOXY-6-8	ARO:3002413	Strict
ncbi	blaOXY-6-9	ARO:3002416	Strict
ncbi	blaOXY-7-1	ARO:3008816	Perfect
ncbi	blaOXY-8-1	ARO:3008817	Perfect
ncbi	blaOXY-8-2	ARO:3008818	Perfect
ncbi	blaOXY-8-3	ARO:3008819	Perfect
ncbi	blaOXY-9-1	ARO:3008820	Perfect
ncbi	blaP	ARO:3007101	Strict
ncbi	blaPAC-1	ARO:3005150	Perfect
ncbi	blaPAC-2	ARO:3005150	Strict
ncbi	blaPAD-1	ARO:3008821	Perfect
ncbi	blaPAM-1	ARO:3007199	Perfect
ncbi	blaPAM-2	ARO:3007200	Perfect
ncbi	blaPAM-3	ARO:3007201	Perfect
ncbi	blaPAM-5	ARO:3008822	Perfect
ncbi	blaPAU-1	ARO:3006964	Perfect
ncbi	blaPC1	ARO:3008823	Perfect
ncbi	blaPDC-1	ARO:3002497	Perfect
ncbi	blaPDC-10	ARO:3002509	Perfect
ncbi	blaPDC-100	ARO:3006480	Perfect
ncbi	blaPDC-101	ARO:3006481	Perfect
ncbi	blaPDC-102	ARO:3006482	Perfect
ncbi	blaPDC-103	ARO:3006483	Perfect
ncbi	blaPDC-104	ARO:3005305	Perfect
ncbi	blaPDC-105	ARO:3005277	Perfect
ncbi	blaPDC-106	ARO:3006484	Perfect
ncbi	blaPDC-107	ARO:3006485	Perfect
ncbi	blaPDC-108	ARO:3006486	Perfect
ncbi	blaPDC-109	ARO:3006487	Perfect
ncbi	blaPDC-11	ARO:3005132	Perfect
ncbi	blaPDC-110	ARO:3006488	Perfect
ncbi	blaPDC-111	ARO:3006489	Perfect
ncbi	blaPDC-112	ARO:3006490	Perfect
ncbi	blaPDC-113	ARO:3006491	Perfect
ncbi	blaPDC-114	ARO:3006492	Perfect
ncbi	blaPDC-115	ARO:3006493	Perfect
ncbi	blaPDC-116	ARO:3006494	Perfect
ncbi	blaPDC-117	ARO:3005303	Perfect
ncbi	blaPDC-118	ARO:3005278	Perfect
ncbi	blaPDC-119	ARO:3005309	Perfect
ncbi	blaPDC-12	ARO:3006495	Perfect
ncbi	blaPDC-120	ARO:3006496	Perfect
ncbi	blaPDC-121	ARO:3006497	Perfect
ncbi	blaPDC-122	ARO:3006498	Perfect
ncbi	blaPDC-123	ARO:3006499	Perfect
ncbi	blaPDC-124	ARO:3006500	Perfect
ncbi	blaPDC-125	ARO:3006501	Perfect
ncbi	blaPDC-126	ARO:3006502	Perfect
ncbi	blaPDC-127	ARO:3006503	Perfect
ncbi	blaPDC-128	ARO:3006504	Perfect
ncbi	blaPDC-129	ARO:3006505	Perfect
ncbi	blaPDC-13	ARO:3006506	Perfect
ncbi	blaPDC-130	ARO:3006507	Perfect
ncbi	blaPDC-131	ARO:3006508	Perfect
ncbi	blaPDC-132	ARO:3006509	Perfect
ncbi	blaPDC-133	ARO:3006510	Perfect
ncbi	blaPDC-134	ARO:3006511	Perfect
ncbi	blaPDC-135	ARO:3006512	Perfect
ncbi	blaPDC-136	ARO:3006513	Perfect
ncbi	blaPDC-137	ARO:3006514	Perfect
ncbi	blaPDC-138	ARO:3006515	Perfect
ncbi	blaPDC-139	ARO:3006516	Perfect
ncbi	blaPDC-14	ARO:3005127	Perfect
ncbi	blaPDC-140	ARO:3006517	Perfect
ncbi	blaPDC-141	ARO:3006518	Perfect
ncbi	blaPDC-142	ARO:3006519	Perfect
ncbi	blaPDC-143	ARO:3006520	Perfect
ncbi	blaPDC-144	ARO:3006521	Perfect
ncbi	blaPDC-145	ARO:3006522	Perfect
ncbi	blaPDC-146	ARO:3006523	Perfect
ncbi	blaPDC-147	ARO:3006524	Perfect
ncbi	blaPDC-148	ARO:3006525	Perfect
ncbi	blaPDC-149	ARO:3006526	Perfect
ncbi	blaPDC-15	ARO:3006527	Perfect
ncbi	blaPDC-150	ARO:3006528	Perfect
ncbi	blaPDC-151	ARO:3006529	Perfect
ncbi	blaPDC-152	ARO:3006530	Perfect
ncbi	blaPDC-153	ARO:3006531	Perfect
ncbi	blaPDC-154	ARO:3006532	Perfect
ncbi	blaPDC-155	ARO:3006533	Perfect
ncbi	blaPDC-156	ARO:3006534	Perfect
ncbi	blaPDC-157	ARO:3006535	Perfect
ncbi	blaPDC-158	ARO:3006536	Perfect
ncbi	blaPDC-159	ARO:3006537	Perfect
ncbi	blaPDC-16	ARO:3006538	Perfect
ncbi	blaPDC-160	ARO:3006539	Perfect
ncbi	blaPDC-161	ARO:3006540	Perfect
ncbi	blaPDC-162	ARO:3006541	Perfect
ncbi	blaPDC-163	ARO:3006542	Perfect
ncbi	blaPDC-164	ARO:3006543	Perfect
ncbi	blaPDC-165	ARO:3006544	Perfect
ncbi	blaPDC-166	ARO:3006545	Perfect
ncbi	blaPDC-167	ARO:3006546	Perfect
ncbi	blaPDC-168	ARO:3006547	Perfect
ncbi	blaPDC-169	ARO:3006548	Perfect
ncbi	blaPDC-17	ARO:3006549	Perfect
ncbi	blaPDC-170	ARO:3006550	Perfect
ncbi	blaPDC-171	ARO:3006551	Perfect
ncbi	blaPDC-172	ARO:3006552	Perfect
ncbi	blaPDC-173	ARO:3005306	Perfect
ncbi	blaPDC-174	ARO:3006553	Perfect
ncbi	blaPDC-175	ARO:3006554	Perfect
ncbi	blaPDC-176	ARO:3006555	Perfect
ncbi	blaPDC-177	ARO:3006556	Perfect
ncbi	blaPDC-178	ARO:3006557	Perfect
ncbi	blaPDC-179	ARO:3006558	Perfect
ncbi	blaPDC-18	ARO:3006559	Perfect
ncbi	blaPDC-180	ARO:3006560	Perfect
ncbi	blaPDC-181	ARO:3006561	Perfect
ncbi	blaPDC-182	ARO:3006562	Perfect
ncbi	blaPDC-183	ARO:3005299	Perfect
ncbi	blaPDC-184	ARO:3006563	Perfect
ncbi	blaPDC-185	ARO:3006564	Perfect
ncbi	blaPDC-186	ARO:3006565	Perfect
ncbi	blaPDC-187	ARO:3006566	Perfect
ncbi	blaPDC-188	ARO:3006567	Perfect
ncbi	blaPDC-189	ARO:3006568	Perfect
ncbi	blaPDC-190	ARO:3006569	Perfect
ncbi	blaPDC-191	ARO:3006570	Perfect
ncbi	blaPDC-192	ARO:3006571	Perfect
ncbi	blaPDC-193	ARO:3006572	Perfect
ncbi	blaPDC-194	ARO:3006573	Perfect
ncbi	blaPDC-195	ARO:3006574	Perfect
ncbi	blaPDC-196	ARO:3006575	Perfect
ncbi	blaPDC-197	ARO:3006576	Perfect
ncbi	blaPDC-198	ARO:3006577	Perfect
ncbi	blaPDC-199	ARO:3006578	Perfect
ncbi	blaPDC-19a	ARO:3005295	Perfect
ncbi	blaPDC-19b	ARO:3005292	Perfect
ncbi	blaPDC-2	ARO:3002498	Perfect
ncbi	blaPDC-20	ARO:3006579	Perfect
ncbi	blaPDC-200	ARO:3006580	Perfect
ncbi	blaPDC-201	ARO:3005285	Perfect
ncbi	blaPDC-202	ARO:3006581	Perfect
ncbi	blaPDC-203	ARO:3006582	Perfect
ncbi	blaPDC-204	ARO:3006583	Perfect
ncbi	blaPDC-205	ARO:3006584	Perfect
ncbi	blaPDC-206	ARO:3006585	Perfect
ncbi	blaPDC-207	ARO:3005300	Perfect
ncbi	blaPDC-208	ARO:3006586	Perfect
ncbi	blaPDC-209	ARO:3006587	Perfect
ncbi	blaPDC-210	ARO:3006588	Perfect
ncbi	blaPDC-211	ARO:3006589	Perfect
ncbi	blaPDC-212	ARO:3005289	Perfect
ncbi	blaPDC-213	ARO:3006590	Perfect
ncbi	blaPDC-214	ARO:3006591	Perfect
ncbi	blaPDC-215	ARO:3006592	Perfect
ncbi	blaPDC-216	ARO:3006593	Perfect
ncbi	blaPDC-217	ARO:3006594	Perfect
ncbi	blaPDC-218	ARO:3006595	Perfect
ncbi	blaPDC-219	ARO:3006596	Perfect
ncbi	blaPDC-21a	ARO:3006597	Perfect
ncbi	blaPDC-21b	ARO:3006598	Perfect
ncbi	blaPDC-22	ARO:3006599	Perfect
ncbi	blaPDC-220	ARO:3006600	Perfect
ncbi	blaPDC-221	ARO:3006601	Perfect
ncbi	blaPDC-222	ARO:3006602	Perfect
ncbi	blaPDC-223	ARO:3006603	Perfect
ncbi	blaPDC-224	ARO:3006604	Perfect
ncbi	blaPDC-225	ARO:3005274	Perfect
ncbi	blaPDC-226	ARO:3006605	Perfect
ncbi	blaPDC-227	ARO:3006606	Perfect
ncbi	blaPDC-228	ARO:3006607	Perfect
ncbi	blaPDC-229	ARO:3006608	Perfect
ncbi	blaPDC-23	ARO:3005155	Perfect
ncbi	blaPDC-230	ARO:3006609	Perfect
ncbi	blaPDC-231	ARO:3005304	Perfect
ncbi	blaPDC-232	ARO:3006610	Perfect
ncbi	blaPDC-233	ARO:3006611	Perfect
ncbi	blaPDC-234	ARO:3006612	Perfect
ncbi	blaPDC-235	ARO:3006613	Perfect
ncbi	blaPDC-236	ARO:3006614	Perfect
ncbi	blaPDC-237	ARO:3006615	Perfect
ncbi	blaPDC-238	ARO:3006616	Perfect
ncbi	blaPDC-239	ARO:3006617	Perfect
ncbi	blaPDC-24	ARO:3006618	Perfect
ncbi	blaPDC-240	ARO:3005143	Perfect
ncbi	blaPDC-241	ARO:3006619	Perfect
ncbi	blaPDC-242	ARO:3006620	Perfect
ncbi	blaPDC-243	ARO:3006621	Perfect
ncbi	blaPDC-244	ARO:3006622	Perfect
ncbi	blaPDC-245	ARO:3006623	Perfect
ncbi	blaPDC-246	ARO:3006624	Perfect
ncbi	blaPDC-247	ARO:3006625	Perfect
ncbi	blaPDC-248	ARO:3006626	Perfect
ncbi	blaPDC-249	ARO:3006627	Perfect
ncbi	blaPDC-25	ARO:3006628	Perfect
ncbi	blaPDC-250	ARO:3006629	Perfect
ncbi	blaPDC-251	ARO:3006630	Perfect
ncbi	blaPDC-252	ARO:3006631	Perfect
ncbi	blaPDC-253	ARO:3006632	Perfect
ncbi	blaPDC-254	ARO:3006633	Perfect
ncbi	blaPDC-255	ARO:3005297	Perfect
ncbi	blaPDC-256	ARO:3006634	Perfect
ncbi	blaPDC-257	ARO:3005311	Perfect
ncbi	blaPDC-258	ARO:3005281	Perfect
ncbi	blaPDC-259	ARO:3006635	Perfect
ncbi	blaPDC-26	ARO:3006636	Perfect
ncbi	blaPDC-260	ARO:3006637	Perfect
ncbi	blaPDC-261	ARO:3006638	Perfect
ncbi	blaPDC-262	ARO:3006639	Perfect
ncbi	blaPDC-263	ARO:3006640	Perfect
ncbi	blaPDC-264	ARO:3005284	Perfect
ncbi	blaPDC-265	ARO:3006641	Perfect
ncbi	blaPDC-266	ARO:3006642	Perfect
ncbi	blaPDC-267	ARO:3006643	Perfect
ncbi	blaPDC-268	ARO:3006644	Perfect
ncbi	blaPDC-270	ARO:3006645	Perfect
ncbi	blaPDC-271	ARO:3006646	Perfect
ncbi	blaPDC-272	ARO:3005296	Perfect
ncbi	blaPDC-273	ARO:3006647	Perfect
ncbi	blaPDC-274	ARO:3006648	Perfect
ncbi	blaPDC-275	ARO:3006649	Perfect
ncbi	blaPDC-276	ARO:3006650	Perfect
ncbi	blaPDC-277	ARO:3006651	Perfect
ncbi	blaPDC-278	ARO:3006652	Perfect
ncbi	blaPDC-279	ARO:3006653	Perfect
ncbi	blaPDC-28	ARO:3005156	Perfect
ncbi	blaPDC-280	ARO:3006654	Perfect
ncbi	blaPDC-281	ARO:3006655	Perfect
ncbi	blaPDC-282	ARO:3006656	Perfect
ncbi	blaPDC-283	ARO:3006657	Perfect
ncbi	blaPDC-284	ARO:3005276	Perfect
ncbi	blaPDC-285	ARO:3005287	Perfect
ncbi	blaPDC-286	ARO:3006658	Perfect
ncbi	blaPDC-287	ARO:3006659	Perfect
ncbi	blaPDC-288	ARO:3006660	Perfect
ncbi	blaPDC-289	ARO:3006661	Perfect
ncbi	blaPDC-290	ARO:3006662	Perfect
ncbi	blaPDC-291	ARO:3006663	Perfect
ncbi	blaPDC-292	ARO:3005307	Perfect
ncbi	blaPDC-293	ARO:3005298	Perfect
ncbi	blaPDC-294	ARO:3006664	Perfect
ncbi	blaPDC-295	ARO:3006665	Perfect
ncbi	blaPDC-296	ARO:3006666	Perfect
ncbi	blaPDC-297	ARO:3006667	Perfect
ncbi	blaPDC-298	ARO:3006668	Perfect
ncbi	blaPDC-299	ARO:3006669	Perfect
ncbi	blaPDC-3	ARO:3002500	Perfect
ncbi	blaPDC-30	ARO:3006670	Perfect
ncbi	blaPDC-300	ARO:3006671	Perfect
ncbi	blaPDC-301	ARO:3006672	Perfect
ncbi	blaPDC-302	ARO:3006673	Perfect
ncbi	blaPDC-303	ARO:3006674	Perfect
ncbi	blaPDC-304	ARO:3006675	Perfect
ncbi	blaPDC-305	ARO:3006676	Perfect
ncbi	blaPDC-306	ARO:3005301	Perfect
ncbi	blaPDC-307	ARO:3006677	Perfect
ncbi	blaPDC-308	ARO:3006678	Perfect
ncbi	blaPDC-309	ARO:3006679	Perfect
ncbi	blaPDC-31	ARO:3006680	Perfect
ncbi	blaPDC-310	ARO:3006681	Perfect
ncbi	blaPDC-311	ARO:3006682	Perfect
ncbi	blaPDC-312	ARO:3006683	Perfect
ncbi	blaPDC-313	ARO:3005310	Perfect
ncbi	blaPDC-314	ARO:3006684	Perfect
ncbi	blaPDC-315	ARO:3006685	Perfect
ncbi	blaPDC-316	ARO:3006686	Perfect
ncbi	blaPDC-317	ARO:3006687	Perfect
ncbi	blaPDC-318	ARO:3006688	Perfect
ncbi	blaPDC-319	ARO:3006689	Perfect
ncbi	blaPDC-32	ARO:3006690	Perfect
ncbi	blaPDC-320	ARO:3006691	Perfect
ncbi	blaPDC-321	ARO:3006692	Perfect
ncbi	blaPDC-322	ARO:3006693	Perfect
ncbi	blaPDC-323	ARO:3005280	Perfect
ncbi	blaPDC-324	ARO:3005279	Perfect
ncbi	blaPDC-325	ARO:3006694	Perfect
ncbi	blaPDC-326	ARO:3006695	Perfect
ncbi	blaPDC-327	ARO:3006696	Perfect
ncbi	blaPDC-328	ARO:3006697	Perfect
ncbi	blaPDC-329	ARO:3006698	Perfect
ncbi	blaPDC-33	ARO:3006699	Perfect
ncbi	blaPDC-330	ARO:3006700	Perfect
ncbi	blaPDC-331	ARO:3006701	Perfect
ncbi	blaPDC-332	ARO:3006702	Perfect
ncbi	blaPDC-333	ARO:3006703	Perfect
ncbi	blaPDC-334	ARO:3006704	Perfect
ncbi	blaPDC-335	ARO:3006705	Perfect
ncbi	blaPDC-336	ARO:3006706	Perfect
ncbi	blaPDC-337	ARO:3005288	Perfect
ncbi	blaPDC-338	ARO:3006707	Perfect
ncbi	blaPDC-339	ARO:3006708	Perfect
ncbi	blaPDC-34	ARO:3006709	Perfect
ncbi	blaPDC-340	ARO:3006710	Perfect
ncbi	blaPDC-341	ARO:3006711	Perfect
ncbi	blaPDC-342	ARO:3006712	Perfect
ncbi	blaPDC-343	ARO:3006713	Perfect
ncbi	blaPDC-344	ARO:3006714	Perfect
ncbi	blaPDC-345	ARO:3006715	Perfect
ncbi	blaPDC-346	ARO:3005286	Perfect
ncbi	blaPDC-347	ARO:3006716	Perfect
ncbi	blaPDC-348	ARO:3006717	Perfect
ncbi	blaPDC-349	ARO:3006718	Perfect
ncbi	blaPDC-35	ARO:3006719	Perfect
ncbi	blaPDC-350	ARO:3006720	Perfect
ncbi	blaPDC-351	ARO:3006721	Perfect
ncbi	blaPDC-352	ARO:3005290	Perfect
ncbi	blaPDC-353	ARO:3006722	Perfect
ncbi	blaPDC-354	ARO:3006723	Perfect
ncbi	blaPDC-355	ARO:3006724	Perfect
ncbi	blaPDC-356	ARO:3006725	Perfect
ncbi	blaPDC-357	ARO:3006726	Perfect
ncbi	blaPDC-358	ARO:3006727	Perfect
ncbi	blaPDC-359	ARO:3006728	Perfect
ncbi	blaPDC-36	ARO:3006729	Perfect
ncbi	blaPDC-360	ARO:3006730	Perfect
ncbi	blaPDC-361	ARO:3006731	Perfect
ncbi	blaPDC-362	ARO:3006732	Perfect
ncbi	blaPDC-363	ARO:3006733	Perfect
ncbi	blaPDC-364	ARO:3006734	Perfect
ncbi	blaPDC-365	ARO:3006735	Perfect
ncbi	blaPDC-366	ARO:3006736	Perfect
ncbi	blaPDC-367	ARO:3006737	Perfect
ncbi	blaPDC-368	ARO:3006738	Perfect
ncbi	blaPDC-369	ARO:3006739	Perfect
ncbi	blaPDC-37	ARO:3006740	Perfect
ncbi	blaPDC-370	ARO:3006741	Perfect
ncbi	blaPDC-371	ARO:3006742	Perfect
ncbi	blaPDC-372	ARO:3006743	Perfect
ncbi	blaPDC-373	ARO:3006744	Perfect
ncbi	blaPDC-374	ARO:3006745	Perfect
ncbi	blaPDC-375	ARO:3006746	Perfect
ncbi	blaPDC-376	ARO:3005302	Perfect
ncbi	blaPDC-377	ARO:3006747	Perfect
ncbi	blaPDC-378	ARO:3006748	Perfect
ncbi	blaPDC-379	ARO:3006749	Perfect
ncbi	blaPDC-38	ARO:3006750	Perfect
ncbi	blaPDC-380	ARO:3005293	Perfect
ncbi	blaPDC-381	ARO:3006751	Perfect
ncbi	blaPDC-382	ARO:3006752	Perfect
ncbi	blaPDC-383	ARO:3006753	Perfect
ncbi	blaPDC-384	ARO:3005283	Perfect
ncbi	blaPDC-385	ARO:3006754	Perfect
ncbi	blaPDC-386	ARO:3006755	Perfect
ncbi	blaPDC-387	ARO:3006756	Perfect
ncbi	blaPDC-388	ARO:3006757	Perfect
ncbi	blaPDC-389	ARO:3006758	Perfect
ncbi	blaPDC-39	ARO:3006759	Perfect
ncbi	blaPDC-390	ARO:3006760	Perfect
ncbi	blaPDC-391	ARO:3006761	Perfect
ncbi	blaPDC-392	ARO:3006762	Perfect
ncbi	blaPDC-393	ARO:3005308	Perfect
ncbi	blaPDC-394	ARO:3006763	Perfect
ncbi	blaPDC-395	ARO:3006764	Perfect
ncbi	blaPDC-396	ARO:3006765	Perfect
ncbi	blaPDC-397	ARO:3006766	Perfect
ncbi	blaPDC-398	ARO:3006767	Perfect
ncbi	blaPDC-399	ARO:3006768	Perfect
ncbi	blaPDC-4	ARO:3002501	Perfect
ncbi	blaPDC-40	ARO:3006769	Perfect
ncbi	blaPDC-400	ARO:3006770	Perfect
ncbi	blaPDC-401	ARO:3006771	Perfect
ncbi	blaPDC-402	ARO:3006772	Perfect
ncbi	blaPDC-403	ARO:3006773	Perfect
ncbi	blaPDC-404	ARO:3006774	Perfect
ncbi	blaPDC-405	ARO:3006775	Perfect
ncbi	blaPDC-406	ARO:3006776	Perfect
ncbi	blaPDC-407	ARO:3006777	Perfect
ncbi	blaPDC-408	ARO:3006778	Perfect
ncbi	blaPDC-409	ARO:3006779	Perfect
ncbi	blaPDC-41	ARO:3005157	Perfect
ncbi	blaPDC-410	ARO:3006780	Perfect
ncbi	blaPDC-411	ARO:3006781	Perfect
ncbi	blaPDC-412	ARO:3006782	Perfect
ncbi	blaPDC-413	ARO:3005282	Perfect
ncbi	blaPDC-414	ARO:3006783	Perfect
ncbi	blaPDC-415	ARO:3006784	Perfect
ncbi	blaPDC-416	ARO:3006785	Perfect
ncbi	blaPDC-417	ARO:3006786	Perfect
ncbi	blaPDC-418	ARO:3006787	Perfect
ncbi	blaPDC-419	ARO:3006788	Perfect
ncbi	blaPDC-42	ARO:3006789	Perfect
ncbi	blaPDC-420	ARO:3006790	Perfect
ncbi	blaPDC-421	ARO:3006791	Perfect
ncbi	blaPDC-422	ARO:3006792	Perfect
ncbi	blaPDC-423	ARO:3006793	Perfect
ncbi	blaPDC-424	ARO:3006794	Perfect
ncbi	blaPDC-425	ARO:3006795	Perfect
ncbi	blaPDC-426	ARO:3006796	Perfect
ncbi	blaPDC-427	ARO:3006797	Perfect
ncbi	blaPDC-428	ARO:3006798	Perfect
ncbi	blaPDC-429	ARO:3005312	Perfect
ncbi	blaPDC-43	ARO:3005134	Perfect
ncbi	blaPDC-430	ARO:3006799	Perfect
ncbi	blaPDC-431	ARO:3006800	Perfect
ncbi	blaPDC-432	ARO:3006801	Perfect
ncbi	blaPDC-433	ARO:3006802	Perfect
ncbi	blaPDC-434	ARO:3006803	Perfect
ncbi	blaPDC-435	ARO:3006804	Perfect
ncbi	blaPDC-436	ARO:3006805	Perfect
ncbi	blaPDC-437	ARO:3006806	Perfect
ncbi	blaPDC-438	ARO:3005275	Perfect
ncbi	blaPDC-439	ARO:3006807	Perfect
ncbi	blaPDC-44	ARO:3005142	Perfect
ncbi	blaPDC-440	ARO:3006808	Perfect
ncbi	blaPDC-441	ARO:3006809	Perfect
ncbi	blaPDC-442	ARO:3006810	Perfect
ncbi	blaPDC-443	ARO:3006811	Perfect
ncbi	blaPDC-444	ARO:3006812	Perfect
ncbi	blaPDC-445	ARO:3006813	Perfect
ncbi	blaPDC-446	ARO:3006814	Perfect
ncbi	blaPDC-447	ARO:3006815	Perfect
ncbi	blaPDC-448	ARO:3006816	Perfect
ncbi	blaPDC-449	ARO:3005313	Perfect
ncbi	blaPDC-45	ARO:3005145	Perfect
ncbi	blaPDC-450	ARO:3006817	Perfect
ncbi	blaPDC-451	ARO:3006818	Perfect
ncbi	blaPDC-452	ARO:3006819	Perfect
ncbi	blaPDC-453	ARO:3006820	Perfect
ncbi	blaPDC-454	ARO:3006821	Perfect
ncbi	blaPDC-455	ARO:3006822	Perfect
ncbi	blaPDC-456	ARO:3006823	Perfect
ncbi	blaPDC-457	ARO:3006824	Perfect
ncbi	blaPDC-458	ARO:3006825	Perfect
ncbi	blaPDC-459	ARO:3006826	Perfect
ncbi	blaPDC-46	ARO:3006827	Perfect
ncbi	blaPDC-460	ARO:3006828	Perfect
ncbi	blaPDC-461	ARO:3005294	Perfect
ncbi	blaPDC-462	ARO:3006829	Perfect
ncbi	blaPDC-463	ARO:3006830	Perfect
ncbi	blaPDC-464	ARO:3005291	Perfect
ncbi	blaPDC-465	ARO:3006831	Perfect
ncbi	blaPDC-466	ARO:3006832	Perfect
ncbi	blaPDC-467	ARO:3006833	Perfect
ncbi	blaPDC-468	ARO:3006834	Perfect
ncbi	blaPDC-469	ARO:3006835	Perfect
ncbi	blaPDC-47	ARO:3005128	Perfect
ncbi	blaPDC-470	ARO:3006836	Perfect
ncbi	blaPDC-471	ARO:3006837	Perfect
ncbi	blaPDC-472	ARO:3006838	Perfect
ncbi	blaPDC-473	ARO:3006839	Perfect
ncbi	blaPDC-474	ARO:3006840	Perfect
ncbi	blaPDC-475	ARO:3006841	Perfect
ncbi	blaPDC-476	ARO:3006842	Perfect
ncbi	blaPDC-477	ARO:3008824	Perfect
ncbi	blaPDC-478	ARO:3008825	Perfect
ncbi	blaPDC-479	ARO:3008826	Perfect
ncbi	blaPDC-48	ARO:3005148	Perfect
ncbi	blaPDC-480	ARO:3008827	Perfect
ncbi	blaPDC-481	ARO:3008828	Perfect
ncbi	blaPDC-482	ARO:3008829	Perfect
ncbi	blaPDC-483	ARO:3008830	Perfect
ncbi	blaPDC-484	ARO:3008831	Perfect
ncbi	blaPDC-485	ARO:3008832	Perfect
ncbi	blaPDC-486	ARO:3008833	Perfect
ncbi	blaPDC-487	ARO:3008834	Perfect
ncbi	blaPDC-488	ARO:3008835	Perfect
ncbi	blaPDC-489	ARO:3008836	Perfect
ncbi	blaPDC-49	ARO:3005146	Perfect
ncbi	blaPDC-490	ARO:3008837	Perfect
ncbi	blaPDC-491	ARO:3008838	Perfect
ncbi	blaPDC-492	ARO:3008839	Perfect
ncbi	blaPDC-493	ARO:3008840	Perfect
ncbi	blaPDC-494	ARO:3008841	Perfect
ncbi	blaPDC-495	ARO:3008842	Perfect
ncbi	blaPDC-496	ARO:3008843	Perfect
ncbi	blaPDC-497	ARO:3008844	Perfect
ncbi	blaPDC-498	ARO:3008845	Perfect
ncbi	blaPDC-499	ARO:3008846	Perfect
ncbi	blaPDC-5	ARO:3002502	Perfect
ncbi	blaPDC-50	ARO:3005147	Perfect
ncbi	blaPDC-500	ARO:3008847	Perfect
ncbi	blaPDC-501	ARO:3008848	Perfect
ncbi	blaPDC-502	ARO:3008849	Perfect
ncbi	blaPDC-503	ARO:3008850	Perfect
ncbi	blaPDC-504	ARO:3008851	Perfect
ncbi	blaPDC-505	ARO:3008852	Perfect
ncbi	blaPDC-506	ARO:3008853	Perfect
ncbi	blaPDC-507	ARO:3008854	Perfect
ncbi	blaPDC-508	ARO:3008855	Perfect
ncbi	blaPDC-509	ARO:3008856	Perfect
ncbi	blaPDC-51	ARO:3005129	Perfect
ncbi	blaPDC-510	ARO:3008857	Perfect
ncbi	blaPDC-511	ARO:3008858	Perfect
ncbi	blaPDC-512	ARO:3008859	Perfect
ncbi	blaPDC-513	ARO:3008860	Perfect
ncbi	blaPDC-514	ARO:3008861	Perfect
ncbi	blaPDC-515	ARO:3008862	Perfect
ncbi	blaPDC-516	ARO:3008863	Perfect
ncbi	blaPDC-517	ARO:3008864	Perfect
ncbi	blaPDC-518	ARO:3008865	Perfect
ncbi	blaPDC-519	ARO:3008866	Perfect
ncbi	blaPDC-52	ARO:3005141	Perfect
ncbi	blaPDC-520	ARO:3008867	Perfect
ncbi	blaPDC-521	ARO:3008868	Perfect
ncbi	blaPDC-522	ARO:3008869	Perfect
ncbi	blaPDC-523	ARO:3008870	Perfect
ncbi	blaPDC-524	ARO:3008871	Perfect
ncbi	blaPDC-525	ARO:3008872	Perfect
ncbi	blaPDC-526	ARO:3008873	Perfect
ncbi	blaPDC-527	ARO:3008874	Perfect
ncbi	blaPDC-528	ARO:3008875	Perfect
ncbi	blaPDC-529	ARO:3008876	Perfect
ncbi	blaPDC-53	ARO:3005151	Perfect
ncbi	blaPDC-530	ARO:3008877	Perfect
ncbi	blaPDC-531	ARO:3008878	Perfect
ncbi	blaPDC-532	ARO:3008879	Perfect
ncbi	blaPDC-533	ARO:3008880	Perfect
ncbi	blaPDC-534	ARO:3008881	Perfect
ncbi	blaPDC-535	ARO:3008882	Perfect
ncbi	blaPDC-536	ARO:3008883	Perfect
ncbi	blaPDC-537	ARO:3008884	Perfect
ncbi	blaPDC-538	ARO:3008885	Perfect
ncbi	blaPDC-539	ARO:3008886	Perfect
ncbi	blaPDC-54	ARO:3005135	Perfect
ncbi	blaPDC-540	ARO:3008887	Perfect
ncbi	blaPDC-541	ARO:3008888	Perfect
ncbi	blaPDC-542	ARO:3008889	Perfect
ncbi	blaPDC-543	ARO:3008890	Perfect
ncbi	blaPDC-544	ARO:3008891	Perfect
ncbi	blaPDC-545	ARO:3008892	Perfect
ncbi	blaPDC-546	ARO:3008893	Perfect
ncbi	blaPDC-547	ARO:3008894	Perfect
ncbi	blaPDC-548	ARO:3008895	Perfect
ncbi	blaPDC-549	ARO:3008896	Perfect
ncbi	blaPDC-55	ARO:3005039	Perfect
ncbi	blaPDC-550	ARO:3008897	Perfect
ncbi	blaPDC-551	ARO:3008898	Perfect
ncbi	blaPDC-552	ARO:3008899	Perfect
ncbi	blaPDC-553	ARO:3008900	Perfect
ncbi	blaPDC-554	ARO:3008901	Perfect
ncbi	blaPDC-555	ARO:3008902	Perfect
ncbi	blaPDC-556	ARO:3008903	Perfect
ncbi	blaPDC-557	ARO:3008904	Perfect
ncbi	blaPDC-558	ARO:3008905	Perfect
ncbi	blaPDC-559	ARO:3008906	Perfect
ncbi	blaPDC-56	ARO:3005140	Perfect
ncbi	blaPDC-560	ARO:3008907	Perfect
ncbi	blaPDC-561	ARO:3008908	Perfect
ncbi	blaPDC-562	ARO:3008909	Perfect
ncbi	blaPDC-563	ARO:3008910	Perfect
ncbi	blaPDC-564	ARO:3008911	Perfect
ncbi	blaPDC-565	ARO:3008912	Perfect
ncbi	blaPDC-566	ARO:3008913	Perfect
ncbi	blaPDC-567	ARO:3008914	Perfect
ncbi	blaPDC-568	ARO:3008915	Perfect
ncbi	blaPDC-569	ARO:3008916	Perfect
ncbi	blaPDC-57	ARO:3005125	Perfect
ncbi	blaPDC-570	ARO:3008917	Perfect
ncbi	blaPDC-571	ARO:3008918	Perfect
ncbi	blaPDC-572	ARO:3008919	Perfect
ncbi	blaPDC-573	ARO:3008920	Perfect
ncbi	blaPDC-574	ARO:3008921	Perfect
ncbi	blaPDC-575	ARO:3008922	Perfect
ncbi	blaPDC-576	ARO:3008923	Perfect
ncbi	blaPDC-577	ARO:3008924	Perfect
ncbi	blaPDC-578	ARO:3008925	Perfect
ncbi	blaPDC-579	ARO:3008926	Perfect
ncbi	blaPDC-58	ARO:3006843	Perfect
ncbi	blaPDC-580	ARO:3008927	Perfect
ncbi	blaPDC-581	ARO:3008928	Perfect
ncbi	blaPDC-582	ARO:3008929	Perfect
ncbi	blaPDC-583	ARO:3008930	Perfect
ncbi	blaPDC-584	ARO:3008931	Perfect
ncbi	blaPDC-585	ARO:3008932	Perfect
ncbi	blaPDC-586	ARO:3008933	Perfect
ncbi	blaPDC-587	ARO:3008934	Perfect
ncbi	blaPDC-588	ARO:3008935	Perfect
ncbi	blaPDC-589	ARO:3008936	Perfect
ncbi	blaPDC-59	ARO:3005137	Perfect
ncbi	blaPDC-590	ARO:3008937	Perfect
ncbi	blaPDC-591	ARO:3008938	Perfect
ncbi	blaPDC-592	ARO:3008939	Perfect
ncbi	blaPDC-593	ARO:3008940	Perfect
ncbi	blaPDC-594	ARO:3008941	Perfect
ncbi	blaPDC-595	ARO:3008942	Perfect
ncbi	blaPDC-596	ARO:3008943	Perfect
ncbi	blaPDC-597	ARO:3008944	Perfect
ncbi	blaPDC-598	ARO:3008945	Perfect
ncbi	blaPDC-599	ARO:3008946	Perfect
ncbi	blaPDC-6	ARO:3002505	Perfect
ncbi	blaPDC-60	ARO:3006844	Perfect
ncbi	blaPDC-600	ARO:3008947	Perfect
ncbi	blaPDC-601	ARO:3008948	Perfect
ncbi	blaPDC-602	ARO:3008949	Perfect
ncbi	blaPDC-603	ARO:3008950	Perfect
ncbi	blaPDC-604	ARO:3008951	Perfect
ncbi	blaPDC-605	ARO:3008952	Perfect
ncbi	blaPDC-606	ARO:3008953	Perfect
ncbi	blaPDC-607	ARO:3008954	Perfect
ncbi	blaPDC-608	ARO:3008955	Perfect
ncbi	blaPDC-609	ARO:3008956	Perfect
ncbi	blaPDC-61	ARO:3005144	Perfect
ncbi	blaPDC-610	ARO:3008957	Perfect
ncbi	blaPDC-611	ARO:3008958	Perfect
ncbi	blaPDC-612	ARO:3008959	Perfect
ncbi	blaPDC-613	ARO:3008960	Perfect
ncbi	blaPDC-614	ARO:3008961	Perfect
ncbi	blaPDC-615	ARO:3008962	Perfect
ncbi	blaPDC-616	ARO:3008963	Perfect
ncbi	blaPDC-617	ARO:3008964	Perfect
ncbi	blaPDC-618	ARO:3008965	Perfect
ncbi	blaPDC-619	ARO:3008966	Perfect
ncbi	blaPDC-62	ARO:3005133	Perfect
ncbi	blaPDC-620	ARO:3008967	Perfect
ncbi	blaPDC-621	ARO:3008968	Perfect
ncbi	blaPDC-622	ARO:3008969	Perfect
ncbi	blaPDC-623	ARO:3008970	Perfect
ncbi	blaPDC-624	ARO:3008971	Perfect
ncbi	blaPDC-625	ARO:3008972	Perfect
ncbi	blaPDC-626	ARO:3008973	Perfect
ncbi	blaPDC-627	ARO:3008974	Perfect
ncbi	blaPDC-628	ARO:3008975	Perfect
ncbi	blaPDC-629	ARO:3008976	Perfect
ncbi	blaPDC-63	ARO:3005124	Perfect
ncbi	blaPDC-630	ARO:3008977	Perfect
ncbi	blaPDC-631	ARO:3008978	Perfect
ncbi	blaPDC-632	ARO:3008979	Perfect
ncbi	blaPDC-633	ARO:3008980	Perfect
ncbi	blaPDC-634	ARO:3008981	Perfect
ncbi	blaPDC-635	ARO:3008982	Perfect
ncbi	blaPDC-636	ARO:3008983	Perfect
ncbi	blaPDC-637	ARO:3008984	Perfect
ncbi	blaPDC-638	ARO:3008985	Perfect
ncbi	blaPDC-639	ARO:3008986	Perfect
ncbi	blaPDC-64	ARO:3006845	Perfect
ncbi	blaPDC-640	ARO:3008987	Perfect
ncbi	blaPDC-65	ARO:3005038	Perfect
ncbi	blaPDC-66	ARO:3005126	Perfect
ncbi	blaPDC-67	ARO:3005139	Perfect
ncbi	blaPDC-68	ARO:3005122	Perfect
ncbi	blaPDC-69	ARO:3005153	Perfect
ncbi	blaPDC-7	ARO:3002506	Perfect
ncbi	blaPDC-70	ARO:3005123	Perfect
ncbi	blaPDC-71	ARO:3006846	Perfect
ncbi	blaPDC-72	ARO:3005152	Perfect
ncbi	blaPDC-74	ARO:3004337	Perfect
ncbi	blaPDC-8	ARO:3002507	Perfect
ncbi	blaPDC-80	ARO:3004343	Perfect
ncbi	blaPDC-86	ARO:3004349	Perfect
ncbi	blaPDC-9	ARO:3002508	Perfect
ncbi	blaPDC-94	ARO:3006847	Perfect
ncbi	blaPDC-95	ARO:3006848	Perfect
ncbi	blaPDC-96	ARO:3006849	Perfect
ncbi	blaPDC-97	ARO:3006850	Perfect
ncbi	blaPDC-98	ARO:3006851	Perfect
ncbi	blaPDC-99	ARO:3006852	Perfect
ncbi	blaPEDO-1	ARO:3003670	Perfect
ncbi	blaPEDO-2	ARO:3003714	Perfect
ncbi	blaPEDO-3	ARO:3003715	Perfect
ncbi	blaPEN-A1	ARO:3008997	Perfect
ncbi	blaPEN-A10	ARO:3008988	Perfect
ncbi	blaPEN-A11	ARO:3008989	Perfect
ncbi	blaPEN-A12	ARO:3008990	Perfect
ncbi	blaPEN-A13	ARO:3008991	Perfect
ncbi	blaPEN-A15	ARO:3008992	Perfect
ncbi	blaPEN-A16	ARO:3008993	Perfect
ncbi	blaPEN-A17	ARO:3008994	Perfect
ncbi	blaPEN-A18	ARO:3008995	Perfect
ncbi	blaPEN-A19	ARO:3008996	Perfect
ncbi	blaPEN-A2	ARO:3009008	Perfect
ncbi	blaPEN-A20	ARO:3008998	Perfect
ncbi	blaPEN-A21	ARO:3008999	Perfect
ncbi	blaPEN-A22	ARO:3009000	Perfect
ncbi	blaPEN-A23	ARO:3009001	Perfect
ncbi	blaPEN-A24	ARO:3009002	Perfect
ncbi	blaPEN-A25	ARO:3009003	Perfect
ncbi	blaPEN-A26	ARO:3009004	Perfect
ncbi	blaPEN-A27	ARO:3009005	Perfect
ncbi	blaPEN-A28	ARO:3009006	Perfect
ncbi	blaPEN-A29	ARO:3009007	Perfect
ncbi	blaPEN-A3	ARO:3009017	Perfect
ncbi	blaPEN-A30	ARO:3009009	Perfect
ncbi	blaPEN-A31	ARO:3009010	Perfect
ncbi	blaPEN-A32	ARO:3009011	Perfect
ncbi	blaPEN-A33	ARO:3009012	Perfect
ncbi	blaPEN-A34	ARO:3009013	Perfect
ncbi	blaPEN-A35	ARO:3009014	Perfect
ncbi	blaPEN-A37	ARO:3009015	Perfect
ncbi	blaPEN-A38	ARO:3009016	Perfect
ncbi	blaPEN-A4	ARO:3008988	Strict
ncbi	blaPEN-A5	ARO:3009018	Perfect
ncbi	blaPEN-A6	ARO:3009019	Perfect
ncbi	blaPEN-A7	ARO:3009020	Perfect
ncbi	blaPEN-A8	ARO:3009021	Perfect
ncbi	blaPEN-A9	ARO:3009022	Perfect
ncbi	blaPEN-B1	ARO:3009023	Perfect
ncbi	blaPEN-B2	ARO:3009024	Perfect
ncbi	blaPEN-B3	ARO:3009025	Perfect
ncbi	blaPEN-B4	ARO:3009026	Perfect
ncbi	blaPER-1	ARO:3002363	Perfect
ncbi	blaPER-10	ARO:3006131	Perfect
ncbi	blaPER-11	ARO:3006132	Perfect
ncbi	blaPER-12	ARO:3006133	Perfect
ncbi	blaPER-13	ARO:3006134	Perfect
ncbi	blaPER-14	ARO:3006135	Perfect
ncbi	blaPER-15	ARO:3006136	Perfect
ncbi	blaPER-16	ARO:3006137	Perfect
ncbi	blaPER-17	ARO:3009027	Perfect
ncbi	blaPER-18	ARO:3009028	Perfect
ncbi	blaPER-2	ARO:3002364	Perfect
ncbi	blaPER-3	ARO:3002365	Perfect
ncbi	blaPER-4	ARO:3002366	Perfect
ncbi	blaPER-5	ARO:3002367	Perfect
ncbi	blaPER-6	ARO:3002368	Perfect
ncbi	blaPER-7	ARO:3002369	Perfect
ncbi	blaPER-8	ARO:3003184	Perfect
ncbi	blaPER-9	ARO:3006138	Perfect
ncbi	blaPFM-1	ARO:3006965	Perfect
ncbi	blaPFM-2	ARO:3006966	Perfect
ncbi	blaPFM-3	ARO:3006967	Perfect
ncbi	blaPFM-4	ARO:3007021	Perfect
ncbi	blaPJM-1	ARO:3007374	Perfect
ncbi	blaPJM-2	ARO:3009029	Perfect
ncbi	blaPLA-1	ARO:3006968	Perfect
ncbi	blaPLA-2a	ARO:3006969	Perfect
ncbi	blaPLA-3	ARO:3006970	Perfect
ncbi	blaPLA-4	ARO:3009030	Perfect
ncbi	blaPLA-5	ARO:3009031	Perfect
ncbi	blaPLA-6	ARO:3006971	Perfect
ncbi	blaPLN-1	ARO:3006972	Perfect
ncbi	blaPME-1	ARO:3006973	Perfect
ncbi	blaPNC-1	ARO:3009032	Perfect
ncbi	blaPNC-2	ARO:3009033	Perfect
ncbi	blaPNC-3	ARO:3009034	Perfect
ncbi	blaPNGM-1	ARO:3004571	Perfect
ncbi	blaPOM-1	ARO:3006974	Perfect
ncbi	blaPOM-2	ARO:3006975	Perfect
ncbi	blaPRC-1	ARO:3007085	Perfect
ncbi	blaPST-1	ARO:3006976	Perfect
ncbi	blaPST-2	ARO:3006977	Perfect
ncbi	blaPSV-1	ARO:3006978	Perfect
ncbi	blaPSZ-1	ARO:3007648	Perfect
ncbi	blaR39	ARO:3003565	Perfect
ncbi	blaRAA-1	ARO:3009035	Perfect
ncbi	blaRAD-1	ARO:3007483	Perfect
ncbi	blaRAHN-1	ARO:3006979	Perfect
ncbi	blaRAHN-2	ARO:3006980	Perfect
ncbi	blaRAHN-3	ARO:3009036	Perfect
ncbi	blaRAHN-4	ARO:3009037	Perfect
ncbi	blaRAHN-5	ARO:3009038	Perfect
ncbi	blaRAHN-6	ARO:3009039	Perfect
ncbi	blaRASA-1	ARO:3009040	Perfect
ncbi	blaRATA-1	ARO:3007801	Perfect
ncbi	blaRATA-2	ARO:3007802	Perfect
ncbi	blaRCP	ARO:3003563	Perfect
ncbi	blaRHO	ARO:3004291	Perfect
ncbi	blaROB-1	ARO:3002995	Perfect
ncbi	blaROB-10	ARO:3005080	Perfect
ncbi	blaROB-11	ARO:3007125	Perfect
ncbi	blaROB-12	ARO:3007126	Perfect
ncbi	blaROB-13	ARO:3005072	Perfect
ncbi	blaROB-2	ARO:3005079	Perfect
ncbi	blaROB-3	ARO:3005073	Perfect
ncbi	blaROB-4	ARO:3005074	Perfect
ncbi	blaROB-5	ARO:3005075	Perfect
ncbi	blaROB-6	ARO:3005076	Perfect
ncbi	blaROB-7	ARO:3005077	Perfect
ncbi	blaROB-8	ARO:3005078	Perfect
ncbi	blaRSA1	ARO:3004444	Strict
ncbi	blaRSA1-1	ARO:3004444	Perfect
ncbi	blaRSA2-1	ARO:3006981	Perfect
ncbi	blaRSC1-1	ARO:3009041	Perfect
ncbi	blaRSD1-1	ARO:3009042	Perfect
ncbi	blaRSD2-1	ARO:3006982	Perfect
ncbi	blaRSD2-2	ARO:3006983	Perfect
ncbi	blaRUB-1	ARO:3006984	Perfect
ncbi	blaRm3	ARO:3003894	Perfect
ncbi	blaS	ARO:3005111	Perfect
ncbi	blaSCO-1	ARO:3004856	Perfect
ncbi	blaSED	ARO:3009044	Strict
ncbi	blaSED-1	ARO:3003561	Perfect
ncbi	blaSED-2	ARO:3009044	Perfect
ncbi	blaSFB-1	ARO:3003557	Perfect
ncbi	blaSFC-1	ARO:3006985	Perfect
ncbi	blaSFC-2	ARO:3009045	Perfect
ncbi	blaSFC-3	ARO:3009045	Strict
ncbi	blaSFDC-1	ARO:3009046	Perfect
ncbi	blaSFH-1	ARO:3000849	Strict
ncbi	blaSFO-1	ARO:3006986	Perfect
ncbi	blaSGM-1	ARO:3006987	Perfect
ncbi	blaSGM-2	ARO:3006988	Perfect
ncbi	blaSGM-3	ARO:3006989	Perfect
ncbi	blaSGM-4	ARO:3006990	Perfect
ncbi	blaSGM-5	ARO:3006991	Perfect
ncbi	blaSGM-6	ARO:3006992	Perfect
ncbi	blaSGM-7	ARO:3006993	Perfect
ncbi	blaSHD-1	ARO:3007017	Perfect
ncbi	blaSHN-1	ARO:3006994	Perfect
ncbi	blaSHV-1	ARO:3001059	Perfect
ncbi	blaSHV-100	ARO:3001338	Perfect
ncbi	blaSHV-101	ARO:3001150	Perfect
ncbi	blaSHV-102	ARO:3001151	Perfect
ncbi	blaSHV-103	ARO:3001152	Perfect
ncbi	blaSHV-104	ARO:3001153	Perfect
ncbi	blaSHV-105	ARO:3001154	Perfect
ncbi	blaSHV-106	ARO:3001155	Perfect
ncbi	blaSHV-107	ARO:3001156	Perfect
ncbi	blaSHV-108	ARO:3001157	Perfect
ncbi	blaSHV-109	ARO:3001158	Perfect
ncbi	blaSHV-11	ARO:3001070	Perfect
ncbi	blaSHV-110	ARO:3001159	Perfect
ncbi	blaSHV-111	ARO:3001160	Perfect
ncbi	blaSHV-115	ARO:3001164	Perfect
ncbi	blaSHV-116	ARO:3001165	Perfect
ncbi	blaSHV-119	ARO:3001340	Perfect
ncbi	blaSHV-12	ARO:3001071	Perfect
ncbi	blaSHV-120	ARO:3001167	Perfect
ncbi	blaSHV-121	ARO:3001168	Perfect
ncbi	blaSHV-122b	ARO:3001169	Perfect
ncbi	blaSHV-128	ARO:3001175	Perfect
ncbi	blaSHV-129	ARO:3001176	Perfect
ncbi	blaSHV-13	ARO:3001072	Perfect
ncbi	blaSHV-132	ARO:3001341	Perfect
ncbi	blaSHV-133	ARO:3001177	Perfect
ncbi	blaSHV-134	ARO:3001178	Perfect
ncbi	blaSHV-135	ARO:3001179	Perfect
ncbi	blaSHV-137	ARO:3001181	Perfect
ncbi	blaSHV-14	ARO:3001073	Perfect
ncbi	blaSHV-141	ARO:3001183	Perfect
ncbi	blaSHV-142	ARO:3001184	Perfect
ncbi	blaSHV-143	ARO:3001344	Perfect
ncbi	blaSHV-144	ARO:3001345	Perfect
ncbi	blaSHV-145	ARO:3001185	Perfect
ncbi	blaSHV-146	ARO:3001346	Perfect
ncbi	blaSHV-147	ARO:3001186	Perfect
ncbi	blaSHV-148	ARO:3001187	Perfect
ncbi	blaSHV-149	ARO:3001188	Perfect
ncbi	blaSHV-15	ARO:3001074	Perfect
ncbi	blaSHV-150	ARO:3001189	Perfect
ncbi	blaSHV-151	ARO:3001190	Perfect
ncbi	blaSHV-152	ARO:3001191	Perfect
ncbi	blaSHV-153	ARO:3001192	Perfect
ncbi	blaSHV-154	ARO:3001193	Perfect
ncbi	blaSHV-155	ARO:3001194	Perfect
ncbi	blaSHV-156	ARO:3001195	Perfect
ncbi	blaSHV-157	ARO:3001196	Perfect
ncbi	blaSHV-158	ARO:3001197	Perfect
ncbi	blaSHV-159	ARO:3001198	Perfect
ncbi	blaSHV-16	ARO:3001075	Perfect
ncbi	blaSHV-160	ARO:3001199	Perfect
ncbi	blaSHV-161	ARO:3001200	Perfect
ncbi	blaSHV-162	ARO:3001201	Perfect
ncbi	blaSHV-163	ARO:3001202	Perfect
ncbi	blaSHV-164	ARO:3001347	Perfect
ncbi	blaSHV-165	ARO:3001203	Perfect
ncbi	blaSHV-168	ARO:3001352	Perfect
ncbi	blaSHV-171	ARO:3001355	Perfect
ncbi	blaSHV-172	ARO:3001356	Perfect
ncbi	blaSHV-173	ARO:3001357	Perfect
ncbi	blaSHV-175	ARO:3001125	Strict
ncbi	blaSHV-178	ARO:3001361	Perfect
ncbi	blaSHV-179	ARO:3001362	Perfect
ncbi	blaSHV-18	ARO:3001076	Perfect
ncbi	blaSHV-180	ARO:3001350	Perfect
ncbi	blaSHV-182	ARO:3001364	Perfect
ncbi	blaSHV-183	ARO:3001351	Perfect
ncbi	blaSHV-185	ARO:3003152	Perfect
ncbi	blaSHV-186	ARO:3003153	Perfect
ncbi	blaSHV-187	ARO:3003154	Perfect
ncbi	blaSHV-188	ARO:3003155	Perfect
ncbi	blaSHV-189	ARO:3003156	Perfect
ncbi	blaSHV-19	ARO:3001077	Perfect
ncbi	blaSHV-190	ARO:3003590	Perfect
ncbi	blaSHV-191	ARO:3003591	Perfect
ncbi	blaSHV-193	ARO:3005239	Perfect
ncbi	blaSHV-194	ARO:3005223	Perfect
ncbi	blaSHV-195	ARO:3005210	Perfect
ncbi	blaSHV-196	ARO:3005229	Perfect
ncbi	blaSHV-197	ARO:3005214	Perfect
ncbi	blaSHV-198	ARO:3005209	Perfect
ncbi	blaSHV-199	ARO:3005232	Perfect
ncbi	blaSHV-1b-b	ARO:3005237	Perfect
ncbi	blaSHV-2	ARO:3001060	Perfect
ncbi	blaSHV-200	ARO:3005248	Perfect
ncbi	blaSHV-201	ARO:3005211	Perfect
ncbi	blaSHV-202	ARO:3005253	Perfect
ncbi	blaSHV-203	ARO:3005249	Perfect
ncbi	blaSHV-204	ARO:3005213	Perfect
ncbi	blaSHV-205	ARO:3005207	Perfect
ncbi	blaSHV-206	ARO:3005227	Perfect
ncbi	blaSHV-207	ARO:3005236	Perfect
ncbi	blaSHV-208	ARO:3005226	Perfect
ncbi	blaSHV-209	ARO:3005242	Perfect
ncbi	blaSHV-210	ARO:3005225	Perfect
ncbi	blaSHV-211	ARO:3005230	Perfect
ncbi	blaSHV-212	ARO:3005212	Perfect
ncbi	blaSHV-213	ARO:3005251	Perfect
ncbi	blaSHV-214	ARO:3005235	Perfect
ncbi	blaSHV-215	ARO:3005243	Perfect
ncbi	blaSHV-216	ARO:3005215	Perfect
ncbi	blaSHV-217	ARO:3005250	Perfect
ncbi	blaSHV-218	ARO:3005238	Perfect
ncbi	blaSHV-219	ARO:3005231	Perfect
ncbi	blaSHV-220	ARO:3005224	Perfect
ncbi	blaSHV-221	ARO:3005252	Perfect
ncbi	blaSHV-222	ARO:3005208	Perfect
ncbi	blaSHV-223	ARO:3005234	Perfect
ncbi	blaSHV-224	ARO:3005240	Perfect
ncbi	blaSHV-225	ARO:3005241	Perfect
ncbi	blaSHV-226	ARO:3005228	Perfect
ncbi	blaSHV-227	ARO:3005233	Perfect
ncbi	blaSHV-228	ARO:3005247	Perfect
ncbi	blaSHV-229	ARO:3009048	Perfect
ncbi	blaSHV-230	ARO:3009049	Perfect
ncbi	blaSHV-231	ARO:3009050	Perfect
ncbi	blaSHV-232	ARO:3009051	Perfect
ncbi	blaSHV-233	ARO:3009052	Perfect
ncbi	blaSHV-234	ARO:3009053	Perfect
ncbi	blaSHV-235	ARO:3009054	Perfect
ncbi	blaSHV-236	ARO:3009055	Perfect
ncbi	blaSHV-237	ARO:3009056	Perfect
ncbi	blaSHV-238	ARO:3009057	Perfect
ncbi	blaSHV-239	ARO:3009058	Perfect
ncbi	blaSHV-24	ARO:3001082	Perfect
ncbi	blaSHV-240	ARO:3009059	Perfect
ncbi	blaSHV-241	ARO:3009060	Perfect
ncbi	blaSHV-242	ARO:3009061	Perfect
ncbi	blaSHV-243	ARO:3009062	Perfect
ncbi	blaSHV-244	ARO:3009063	Perfect
ncbi	blaSHV-245	ARO:3009064	Perfect
ncbi	blaSHV-25	ARO:3001083	Perfect
ncbi	blaSHV-26	ARO:3001084	Perfect
ncbi	blaSHV-27	ARO:3001085	Perfect
ncbi	blaSHV-28	ARO:3001086	Perfect
ncbi	blaSHV-29	ARO:3001087	Perfect
ncbi	blaSHV-2A	ARO:3001061	Perfect
ncbi	blaSHV-3	ARO:3001062	Perfect
ncbi	blaSHV-30	ARO:3001088	Perfect
ncbi	blaSHV-31	ARO:3001089	Perfect
ncbi	blaSHV-32	ARO:3001090	Perfect
ncbi	blaSHV-33	ARO:3001091	Perfect
ncbi	blaSHV-34	ARO:3001092	Perfect
ncbi	blaSHV-35	ARO:3001093	Perfect
ncbi	blaSHV-36	ARO:3001094	Perfect
ncbi	blaSHV-37	ARO:3001095	Perfect
ncbi	blaSHV-38	ARO:3001096	Perfect
ncbi	blaSHV-4	ARO:3001063	Perfect
ncbi	blaSHV-40	ARO:3001098	Perfect
ncbi	blaSHV-41	ARO:3001099	Perfect
ncbi	blaSHV-42	ARO:3001100	Perfect
ncbi	blaSHV-43	ARO:3001101	Perfect
ncbi	blaSHV-44	ARO:3001102	Perfect
ncbi	blaSHV-45	ARO:3001103	Perfect
ncbi	blaSHV-46	ARO:3001104	Perfect
ncbi	blaSHV-48	ARO:3001105	Perfect
ncbi	blaSHV-49	ARO:3001106	Perfect
ncbi	blaSHV-5	ARO:3001064	Perfect
ncbi	blaSHV-50	ARO:3001107	Perfect
ncbi	blaSHV-51	ARO:3001108	Perfect
ncbi	blaSHV-52	ARO:3001109	Perfect
ncbi	blaSHV-55	ARO:3001111	Perfect
ncbi	blaSHV-56	ARO:3001112	Perfect
ncbi	blaSHV-57	ARO:3001113	Perfect
ncbi	blaSHV-59	ARO:3001114	Perfect
ncbi	blaSHV-6	ARO:3001065	Perfect
ncbi	blaSHV-60	ARO:3001115	Perfect
ncbi	blaSHV-61	ARO:3001116	Perfect
ncbi	blaSHV-62	ARO:3001117	Perfect
ncbi	blaSHV-63	ARO:3001118	Perfect
ncbi	blaSHV-64	ARO:3001119	Perfect
ncbi	blaSHV-65	ARO:3001120	Perfect
ncbi	blaSHV-66	ARO:3001121	Perfect
ncbi	blaSHV-67	ARO:3001122	Perfect
ncbi	blaSHV-69	ARO:3001123	Perfect
ncbi	blaSHV-7	ARO:3001066	Perfect
ncbi	blaSHV-70	ARO:3001124	Perfect
ncbi	blaSHV-71	ARO:3001125	Perfect
ncbi	blaSHV-72	ARO:3001126	Perfect
ncbi	blaSHV-73	ARO:3001127	Perfect
ncbi	blaSHV-74	ARO:3001128	Perfect
ncbi	blaSHV-75	ARO:3001129	Perfect
ncbi	blaSHV-76	ARO:3001130	Perfect
ncbi	blaSHV-77	ARO:3001131	Perfect
ncbi	blaSHV-78	ARO:3001132	Perfect
ncbi	blaSHV-79	ARO:3001133	Perfect
ncbi	blaSHV-8	ARO:3001067	Perfect
ncbi	blaSHV-80	ARO:3001134	Perfect
ncbi	blaSHV-81	ARO:3001135	Perfect
ncbi	blaSHV-82	ARO:3001136	Perfect
ncbi	blaSHV-84	ARO:3001138	Perfect
ncbi	blaSHV-85	ARO:3001139	Perfect
ncbi	blaSHV-86	ARO:3001140	Perfect
ncbi	blaSHV-89	ARO:3001141	Perfect
ncbi	blaSHV-9	ARO:3001068	Perfect
ncbi	blaSHV-92	ARO:3001144	Perfect
ncbi	blaSHV-93	ARO:3001145	Perfect
ncbi	blaSHV-94	ARO:3001146	Perfect
ncbi	blaSHV-95	ARO:3001147	Perfect
ncbi	blaSHV-96	ARO:3001148	Perfect
ncbi	blaSHV-97	ARO:3001149	Perfect
ncbi	blaSHV-98	ARO:3001336	Perfect
ncbi	blaSHV-99	ARO:3001337	Perfect
ncbi	blaSIE-1	ARO:3007846	Perfect
ncbi	blaSIM-1	ARO:3000846	Perfect
ncbi	blaSIM-2	ARO:3005494	Perfect
ncbi	blaSLB-1	ARO:3003556	Perfect
ncbi	blaSMB-1	ARO:3000854	Perfect
ncbi	blaSME-1	ARO:3002379	Perfect
ncbi	blaSME-2	ARO:3002380	Perfect
ncbi	blaSME-3	ARO:3002381	Perfect
ncbi	blaSME-4	ARO:3002382	Perfect
ncbi	blaSME-5	ARO:3002383	Perfect
ncbi	blaSPG-1	ARO:3003720	Perfect
ncbi	blaSPM-1	ARO:3003793	Perfect
ncbi	blaSPN79-1	ARO:3006995	Perfect
ncbi	blaSPR-1	ARO:3006996	Perfect
ncbi	blaSPS-1	ARO:3006997	Perfect
ncbi	blaSPU-1	ARO:3006998	Perfect
ncbi	blaSRT	ARO:3002494	Strict
ncbi	blaSRT-1	ARO:3002493	Perfect
ncbi	blaSRT-2	ARO:3002494	Perfect
ncbi	blaSRT-3	ARO:3006853	Perfect
ncbi	blaSRT-4	ARO:3009065	Perfect
ncbi	blaSST-1	ARO:3006999	Perfect
ncbi	blaSTA-1	ARO:3007000	Perfect
ncbi	blaTEM-1	ARO:3000873	Perfect
ncbi	blaTEM-10	ARO:3000882	Perfect
ncbi	blaTEM-101	ARO:3000964	Perfect
ncbi	blaTEM-102	ARO:3000965	Perfect
ncbi	blaTEM-103	ARO:3000966	Perfect
ncbi	blaTEM-104	ARO:3000967	Perfect
ncbi	blaTEM-105	ARO:3000968	Perfect
ncbi	blaTEM-106	ARO:3000969	Perfect
ncbi	blaTEM-107	ARO:3000970	Perfect
ncbi	blaTEM-108	ARO:3000971	Perfect
ncbi	blaTEM-109	ARO:3000972	Perfect
ncbi	blaTEM-11	ARO:3000883	Perfect
ncbi	blaTEM-110	ARO:3000973	Perfect
ncbi	blaTEM-111	ARO:3000974	Perfect
ncbi	blaTEM-112	ARO:3000975	Perfect
ncbi	blaTEM-113	ARO:3000976	Perfect
ncbi	blaTEM-114	ARO:3000977	Perfect
ncbi	blaTEM-115	ARO:3000978	Perfect
ncbi	blaTEM-116	ARO:3000979	Perfect
ncbi	blaTEM-12	ARO:3000884	Perfect
ncbi	blaTEM-120	ARO:3000982	Perfect
ncbi	blaTEM-121	ARO:3000983	Perfect
ncbi	blaTEM-122	ARO:3000984	Perfect
ncbi	blaTEM-123	ARO:3000985	Perfect
ncbi	blaTEM-124	ARO:3000986	Perfect
ncbi	blaTEM-125	ARO:3000987	Perfect
ncbi	blaTEM-126	ARO:3000988	Perfect
ncbi	blaTEM-127	ARO:3000989	Perfect
ncbi	blaTEM-128	ARO:3000990	Perfect
ncbi	blaTEM-129	ARO:3000993	Perfect
ncbi	blaTEM-130	ARO:3000994	Perfect
ncbi	blaTEM-131	ARO:3000995	Perfect
ncbi	blaTEM-132	ARO:3000996	Perfect
ncbi	blaTEM-133	ARO:3000997	Perfect
ncbi	blaTEM-134	ARO:3000998	Perfect
ncbi	blaTEM-135	ARO:3000999	Perfect
ncbi	blaTEM-136	ARO:3001000	Perfect
ncbi	blaTEM-137	ARO:3001001	Perfect
ncbi	blaTEM-138	ARO:3001002	Perfect
ncbi	blaTEM-139	ARO:3001003	Perfect
ncbi	blaTEM-141	ARO:3001004	Perfect
ncbi	blaTEM-142	ARO:3001005	Perfect
ncbi	blaTEM-143	ARO:3001006	Perfect
ncbi	blaTEM-144	ARO:3001007	Perfect
ncbi	blaTEM-145	ARO:3001012	Perfect
ncbi	blaTEM-146	ARO:3001013	Perfect
ncbi	blaTEM-147	ARO:3001014	Perfect
ncbi	blaTEM-148	ARO:3001015	Perfect
ncbi	blaTEM-149	ARO:3001016	Perfect
ncbi	blaTEM-15	ARO:3000886	Perfect
ncbi	blaTEM-150	ARO:3001017	Perfect
ncbi	blaTEM-151	ARO:3001018	Perfect
ncbi	blaTEM-152	ARO:3001019	Perfect
ncbi	blaTEM-153	ARO:3001369	Perfect
ncbi	blaTEM-154	ARO:3001020	Perfect
ncbi	blaTEM-155	ARO:3001021	Perfect
ncbi	blaTEM-156	ARO:3001022	Perfect
ncbi	blaTEM-157	ARO:3001023	Perfect
ncbi	blaTEM-158	ARO:3001024	Perfect
ncbi	blaTEM-159	ARO:3001025	Perfect
ncbi	blaTEM-16	ARO:3000887	Perfect
ncbi	blaTEM-160	ARO:3001026	Perfect
ncbi	blaTEM-162	ARO:3001028	Perfect
ncbi	blaTEM-163	ARO:3001029	Perfect
ncbi	blaTEM-164	ARO:3001030	Perfect
ncbi	blaTEM-166	ARO:3001032	Perfect
ncbi	blaTEM-167	ARO:3001033	Perfect
ncbi	blaTEM-168	ARO:3001034	Perfect
ncbi	blaTEM-169	ARO:3001035	Perfect
ncbi	blaTEM-17	ARO:3000888	Perfect
ncbi	blaTEM-171	ARO:3001037	Perfect
ncbi	blaTEM-176	ARO:3001041	Perfect
ncbi	blaTEM-177	ARO:3001042	Perfect
ncbi	blaTEM-178	ARO:3001043	Perfect
ncbi	blaTEM-181	ARO:3001044	Perfect
ncbi	blaTEM-182	ARO:3001373	Perfect
ncbi	blaTEM-183	ARO:3001045	Perfect
ncbi	blaTEM-184	ARO:3001375	Perfect
ncbi	blaTEM-185	ARO:3001374	Perfect
ncbi	blaTEM-186	ARO:3001046	Perfect
ncbi	blaTEM-187	ARO:3001047	Perfect
ncbi	blaTEM-188	ARO:3001048	Perfect
ncbi	blaTEM-189	ARO:3001049	Perfect
ncbi	blaTEM-19	ARO:3000890	Perfect
ncbi	blaTEM-190	ARO:3001050	Perfect
ncbi	blaTEM-191	ARO:3001051	Perfect
ncbi	blaTEM-193	ARO:3001053	Perfect
ncbi	blaTEM-194	ARO:3001054	Perfect
ncbi	blaTEM-195	ARO:3001055	Perfect
ncbi	blaTEM-196	ARO:3001376	Perfect
ncbi	blaTEM-197	ARO:3001056	Perfect
ncbi	blaTEM-198	ARO:3001057	Perfect
ncbi	blaTEM-2	ARO:3000874	Perfect
ncbi	blaTEM-20	ARO:3000891	Perfect
ncbi	blaTEM-201	ARO:3001378	Perfect
ncbi	blaTEM-205	ARO:3001382	Perfect
ncbi	blaTEM-206	ARO:3001383	Perfect
ncbi	blaTEM-207	ARO:3001384	Perfect
ncbi	blaTEM-208	ARO:3001385	Perfect
ncbi	blaTEM-209	ARO:3001386	Perfect
ncbi	blaTEM-21	ARO:3000892	Perfect
ncbi	blaTEM-210	ARO:3001387	Perfect
ncbi	blaTEM-211	ARO:3001388	Perfect
ncbi	blaTEM-212	ARO:3001389	Perfect
ncbi	blaTEM-213	ARO:3001390	Perfect
ncbi	blaTEM-214	ARO:3001391	Perfect
ncbi	blaTEM-215	ARO:3001392	Perfect
ncbi	blaTEM-216	ARO:3001393	Perfect
ncbi	blaTEM-217	ARO:3001394	Perfect
ncbi	blaTEM-219	ARO:3003157	Perfect
ncbi	blaTEM-22	ARO:3000893	Perfect
ncbi	blaTEM-220	ARO:3003158	Perfect
ncbi	blaTEM-224	ARO:3005255	Perfect
ncbi	blaTEM-225	ARO:3005256	Perfect
ncbi	blaTEM-226	ARO:3005257	Perfect
ncbi	blaTEM-227	ARO:3005258	Perfect
ncbi	blaTEM-228	ARO:3005259	Perfect
ncbi	blaTEM-229	ARO:3005260	Perfect
ncbi	blaTEM-230	ARO:3005261	Perfect
ncbi	blaTEM-231	ARO:3005262	Perfect
ncbi	blaTEM-232	ARO:3005263	Perfect
ncbi	blaTEM-233	ARO:3005264	Perfect
ncbi	blaTEM-234	ARO:3005265	Perfect
ncbi	blaTEM-235	ARO:3005266	Perfect
ncbi	blaTEM-236	ARO:3005267	Perfect
ncbi	blaTEM-237	ARO:3005268	Perfect
ncbi	blaTEM-238	ARO:3005269	Perfect
ncbi	blaTEM-239	ARO:3009066	Perfect
ncbi	blaTEM-24	ARO:3000894	Perfect
ncbi	blaTEM-240	ARO:3005270	Perfect
ncbi	blaTEM-241	ARO:3005271	Perfect
ncbi	blaTEM-242	ARO:3005272	Perfect
ncbi	blaTEM-243	ARO:3005273	Perfect
ncbi	blaTEM-244	ARO:3007453	Perfect
ncbi	blaTEM-245	ARO:3007454	Perfect
ncbi	blaTEM-246	ARO:3007448	Perfect
ncbi	blaTEM-247	ARO:3007451	Perfect
ncbi	blaTEM-248	ARO:3009067	Perfect
ncbi	blaTEM-249	ARO:3009068	Perfect
ncbi	blaTEM-250	ARO:3009069	Perfect
ncbi	blaTEM-251	ARO:3009070	Perfect
ncbi	blaTEM-252	ARO:3009071	Perfect
ncbi	blaTEM-253	ARO:3009072	Perfect
ncbi	blaTEM-254	ARO:3009073	Perfect
ncbi	blaTEM-255	ARO:3009074	Perfect
ncbi	blaTEM-256	ARO:3009075	Perfect
ncbi	blaTEM-257	ARO:3009076	Perfect
ncbi	blaTEM-258	ARO:3009077	Perfect
ncbi	blaTEM-26	ARO:3000896	Perfect
ncbi	blaTEM-28	ARO:3000898	Perfect
ncbi	blaTEM-29	ARO:3000899	Perfect
ncbi	blaTEM-3	ARO:3000875	Perfect
ncbi	blaTEM-30	ARO:3000900	Perfect
ncbi	blaTEM-31	ARO:3000901	Perfect
ncbi	blaTEM-32	ARO:3000902	Perfect
ncbi	blaTEM-33	ARO:3000903	Perfect
ncbi	blaTEM-34	ARO:3000904	Perfect
ncbi	blaTEM-35	ARO:3000905	Perfect
ncbi	blaTEM-36	ARO:3000906	Perfect
ncbi	blaTEM-37	ARO:3000907	Perfect
ncbi	blaTEM-39	ARO:3000909	Perfect
ncbi	blaTEM-4	ARO:3000876	Perfect
ncbi	blaTEM-40	ARO:3000910	Perfect
ncbi	blaTEM-43	ARO:3000912	Perfect
ncbi	blaTEM-45	ARO:3000914	Perfect
ncbi	blaTEM-47	ARO:3000916	Perfect
ncbi	blaTEM-48	ARO:3000917	Perfect
ncbi	blaTEM-49	ARO:3000918	Perfect
ncbi	blaTEM-5	ARO:3000877	Perfect
ncbi	blaTEM-52	ARO:3000921	Perfect
ncbi	blaTEM-53	ARO:3000922	Perfect
ncbi	blaTEM-54	ARO:3000923	Perfect
ncbi	blaTEM-55	ARO:3000924	Perfect
ncbi	blaTEM-57	ARO:3000926	Perfect
ncbi	blaTEM-6	ARO:3000878	Perfect
ncbi	blaTEM-60	ARO:3000929	Perfect
ncbi	blaTEM-61	ARO:3000930	Perfect
ncbi	blaTEM-63	ARO:3000931	Perfect
ncbi	blaTEM-67	ARO:3000934	Perfect
ncbi	blaTEM-68	ARO:3000935	Perfect
ncbi	blaTEM-7	ARO:3000884	Strict
ncbi	blaTEM-70	ARO:3000936	Perfect
ncbi	blaTEM-71	ARO:3000937	Perfect
ncbi	blaTEM-72	ARO:3000938	Perfect
ncbi	blaTEM-76	ARO:3000942	Perfect
ncbi	blaTEM-77	ARO:3000939	Perfect
ncbi	blaTEM-78	ARO:3000944	Perfect
ncbi	blaTEM-79	ARO:3000946	Perfect
ncbi	blaTEM-8	ARO:3000880	Perfect
ncbi	blaTEM-80	ARO:3000947	Perfect
ncbi	blaTEM-81	ARO:3000948	Perfect
ncbi	blaTEM-82	ARO:3000949	Perfect
ncbi	blaTEM-83	ARO:3000950	Perfect
ncbi	blaTEM-84	ARO:3000951	Perfect
ncbi	blaTEM-85	ARO:3000952	Perfect
ncbi	blaTEM-86	ARO:3000953	Perfect
ncbi	blaTEM-87	ARO:3000954	Perfect
ncbi	blaTEM-88	ARO:3000955	Perfect
ncbi	blaTEM-9	ARO:3000881	Perfect
ncbi	blaTEM-90	ARO:3000957	Perfect
ncbi	blaTEM-91	ARO:3000958	Perfect
ncbi	blaTEM-92	ARO:3000959	Perfect
ncbi	blaTEM-93	ARO:3000960	Perfect
ncbi	blaTEM-94	ARO:3000961	Perfect
ncbi	blaTEM-95	ARO:3000962	Perfect
ncbi	blaTEM-96	ARO:3000963	Perfect
ncbi	blaTEM-97	ARO:3006139	Strict
ncbi	blaTEM-98	ARO:3006139	Perfect
ncbi	blaTEM-99	ARO:3006140	Perfect
ncbi	blaTER-1	ARO:3007001	Perfect
ncbi	blaTER-2	ARO:3007007	Perfect
ncbi	blaTHIN-B	ARO:3000851	Perfect
ncbi	blaTLA-1	ARO:3003202	Strict
ncbi	blaTLA-2	ARO:3003203	Perfect
ncbi	blaTLA-3	ARO:3003204	Perfect
ncbi	blaTMB-1	ARO:3004105	Perfect
ncbi	blaTMB-2	ARO:3004106	Perfect
ncbi	blaTRU-1	ARO:3004450	Perfect
ncbi	blaTTU-1	ARO:3007002	Perfect
ncbi	blaTUS-1	ARO:3000844	Perfect
ncbi	blaVAM-1	ARO:3007062	Perfect
ncbi	blaVCC-1	ARO:3003713	Perfect
ncbi	blaVEB-1	ARO:3002370	Perfect
ncbi	blaVEB-10	ARO:3003146	Perfect
ncbi	blaVEB-11	ARO:3006208	Perfect
ncbi	blaVEB-12	ARO:3006209	Perfect
ncbi	blaVEB-13	ARO:3006210	Perfect
ncbi	blaVEB-14	ARO:3006211	Perfect
ncbi	blaVEB-15	ARO:3006212	Perfect
ncbi	blaVEB-16	ARO:3003712	Perfect
ncbi	blaVEB-17	ARO:3006213	Perfect
ncbi	blaVEB-18	ARO:3009079	Perfect
ncbi	blaVEB-19	ARO:3006214	Perfect
ncbi	blaVEB-2	ARO:3002371	Perfect
ncbi	blaVEB-20	ARO:3006215	Perfect
ncbi	blaVEB-21	ARO:3006216	Perfect
ncbi	blaVEB-22	ARO:3006217	Perfect
ncbi	blaVEB-23	ARO:3006218	Perfect
ncbi	blaVEB-24	ARO:3006219	Perfect
ncbi	blaVEB-25	ARO:3006220	Perfect
ncbi	blaVEB-26	ARO:3006221	Perfect
ncbi	blaVEB-27	ARO:3006222	Perfect
ncbi	blaVEB-28	ARO:3009080	Perfect
ncbi	blaVEB-29	ARO:3009081	Perfect
ncbi	blaVEB-3	ARO:3002372	Perfect
ncbi	blaVEB-30	ARO:3009082	Perfect
ncbi	blaVEB-31	ARO:3009083	Perfect
ncbi	blaVEB-32	ARO:3009084	Perfect
ncbi	blaVEB-33	ARO:3009085	Perfect
ncbi	blaVEB-34	ARO:3009086	Perfect
ncbi	blaVEB-35	ARO:3009087	Perfect
ncbi	blaVEB-36	ARO:3009088	Perfect
ncbi	blaVEB-37	ARO:3009089	Perfect
ncbi	blaVEB-38	ARO:3009090	Perfect
ncbi	blaVEB-39	ARO:3009091	Perfect
ncbi	blaVEB-4	ARO:3002373	Perfect
ncbi	blaVEB-5	ARO:3002375	Perfect
ncbi	blaVEB-6	ARO:3002374	Perfect
ncbi	blaVEB-7	ARO:3002376	Perfect
ncbi	blaVEB-8	ARO:3002377	Perfect
ncbi	blaVEB-9	ARO:3002378	Perfect
ncbi	blaVHH-1	ARO:3007003	Perfect
ncbi	blaVHW-1	ARO:3007004	Perfect
ncbi	blaVIM-1	ARO:3002271	Perfect
ncbi	blaVIM-10	ARO:3002280	Perfect
ncbi	blaVIM-11	ARO:3002281	Perfect
ncbi	blaVIM-12	ARO:3002282	Perfect
ncbi	blaVIM-13	ARO:3002283	Perfect
ncbi	blaVIM-14	ARO:3002284	Perfect
ncbi	blaVIM-15	ARO:3002285	Perfect
ncbi	blaVIM-16	ARO:3002286	Perfect
ncbi	blaVIM-17	ARO:3002287	Perfect
ncbi	blaVIM-18	ARO:3002288	Perfect
ncbi	blaVIM-19	ARO:3002289	Perfect
ncbi	blaVIM-2	ARO:3002272	Perfect
ncbi	blaVIM-20	ARO:3002290	Perfect
ncbi	blaVIM-23	ARO:3002293	Perfect
ncbi	blaVIM-24	ARO:3002294	Perfect
ncbi	blaVIM-25	ARO:3002295	Perfect
ncbi	blaVIM-26	ARO:3002296	Perfect
ncbi	blaVIM-27	ARO:3002297	Perfect
ncbi	blaVIM-28	ARO:3002298	Perfect
ncbi	blaVIM-29	ARO:3002299	Perfect
ncbi	blaVIM-3	ARO:3002273	Perfect
ncbi	blaVIM-30	ARO:3002300	Perfect
ncbi	blaVIM-31	ARO:3002301	Perfect
ncbi	blaVIM-32	ARO:3002302	Perfect
ncbi	blaVIM-33	ARO:3002303	Perfect
ncbi	blaVIM-34	ARO:3002304	Perfect
ncbi	blaVIM-35	ARO:3002305	Perfect
ncbi	blaVIM-36	ARO:3002306	Perfect
ncbi	blaVIM-37	ARO:3002307	Perfect
ncbi	blaVIM-38	ARO:3002308	Perfect
ncbi	blaVIM-39	ARO:3002309	Perfect
ncbi	blaVIM-4	ARO:3002274	Perfect
ncbi	blaVIM-40	ARO:3002310	Perfect
ncbi	blaVIM-41	ARO:3002311	Perfect
ncbi	blaVIM-42	ARO:3003178	Perfect
ncbi	blaVIM-43	ARO:3003179	Perfect
ncbi	blaVIM-44	ARO:3003660	Perfect
ncbi	blaVIM-45	ARO:3003661	Perfect
ncbi	blaVIM-46	ARO:3003662	Perfect
ncbi	blaVIM-47	ARO:3005495	Perfect
ncbi	blaVIM-48	ARO:3005496	Perfect
ncbi	blaVIM-49	ARO:3005497	Perfect
ncbi	blaVIM-5	ARO:3002275	Perfect
ncbi	blaVIM-50	ARO:3005498	Perfect
ncbi	blaVIM-51	ARO:3005499	Perfect
ncbi	blaVIM-52	ARO:3005500	Perfect
ncbi	blaVIM-53	ARO:3005501	Perfect
ncbi	blaVIM-54	ARO:3005502	Perfect
ncbi	blaVIM-55	ARO:3005503	Perfect
ncbi	blaVIM-56	ARO:3005504	Perfect
ncbi	blaVIM-57	ARO:3005505	Perfect
ncbi	blaVIM-58	ARO:3005506	Perfect
ncbi	blaVIM-59	ARO:3005507	Perfect
ncbi	blaVIM-6	ARO:3002276	Perfect
ncbi	blaVIM-60	ARO:3005508	Perfect
ncbi	blaVIM-61	ARO:3005509	Perfect
ncbi	blaVIM-62	ARO:3005510	Perfect
ncbi	blaVIM-63	ARO:3005511	Perfect
ncbi	blaVIM-64	ARO:3005512	Perfect
ncbi	blaVIM-65	ARO:3005513	Perfect
ncbi	blaVIM-66	ARO:3005514	Perfect
ncbi	blaVIM-67	ARO:3005515	Perfect
ncbi	blaVIM-68	ARO:3005516	Perfect
ncbi	blaVIM-69	ARO:3005517	Perfect
ncbi	blaVIM-7	ARO:3002277	Perfect
ncbi	blaVIM-70	ARO:3005518	Perfect
ncbi	blaVIM-71	ARO:3005519	Perfect
ncbi	blaVIM-72	ARO:3005520	Perfect
ncbi	blaVIM-73	ARO:3005521	Perfect
ncbi	blaVIM-74	ARO:3007804	Perfect
ncbi	blaVIM-75	ARO:3007812	Perfect
ncbi	blaVIM-76	ARO:3007813	Perfect
ncbi	blaVIM-77	ARO:3007814	Perfect
ncbi	blaVIM-78	ARO:3007815	Perfect
ncbi	blaVIM-79	ARO:3007816	Perfect
ncbi	blaVIM-8	ARO:3002278	Perfect
ncbi	blaVIM-80	ARO:3007817	Perfect
ncbi	blaVIM-81	ARO:3007818	Perfect
ncbi	blaVIM-82	ARO:3007819	Perfect
ncbi	blaVIM-83	ARO:3007820	Perfect
ncbi	blaVIM-84	ARO:3007821	Perfect
ncbi	blaVIM-85	ARO:3007822	Perfect
ncbi	blaVIM-86	ARO:3007823	Perfect
ncbi	blaVIM-87	ARO:3007824	Perfect
ncbi	blaVIM-88	ARO:3009092	Perfect
ncbi	blaVIM-89	ARO:3009093	Perfect
ncbi	blaVIM-9	ARO:3002279	Perfect
ncbi	blaVIM-90	ARO:3009094	Perfect
ncbi	blaVIM-91	ARO:3009095	Perfect
ncbi	blaVIM-92	ARO:3002272	Strict
ncbi	blaVMB-1	ARO:3005015	Perfect
ncbi	blaWUS-1	ARO:3007435	Perfect
ncbi	blaYEM-1	ARO:3007005	Perfect
ncbi	blaYOC-1	ARO:3009096	Perfect
ncbi	blaYRC-1	ARO:3005035	Perfect
ncbi	blaZ	ARO:3000621	Perfect
ncbi	blaZ-mecC	ARO:3005097	Perfect
ncbi	blaZOG-1	ARO:3007006	Perfect
ncbi	ble-MBL	ARO:3001205	Perfect
ncbi	ble-Sh	ARO:3001205	Manual
ncbi	ble-Sv	ARO:3001205	Manual
ncbi	ble_Tn5	ARO:3005036	Perfect
ncbi	blmA	ARO:3001205	Manual
ncbi	blmB	ARO:3001205	Manual
ncbi	car(A)	ARO:3002817	Perfect
ncbi	cat-TC	ARO:3002671	Perfect
ncbi	cat86	ARO:3002672	Perfect
ncbi	catA1	ARO:3002683	Perfect
ncbi	catA10	ARO:3004452	Strict
ncbi	catA13	ARO:3004454	Perfect
ncbi	catA14	ARO:3004460	Perfect
ncbi	catA15	ARO:3002674	Perfect
ncbi	catA16	ARO:3002687	Perfect
ncbi	catA2	ARO:3002684	Perfect
ncbi	catA3	ARO:3002685	Perfect
ncbi	catA4	ARO:3004657	Perfect
ncbi	catA7	ARO:3004457	Perfect
ncbi	catA8	ARO:3004456	Perfect
ncbi	catA9	ARO:3004455	Perfect
ncbi	catB1	ARO:3004451	Perfect
ncbi	catB10	ARO:3003110	Perfect
ncbi	catB11	ARO:3004660	Perfect
ncbi	catB2	ARO:3002675	Perfect
ncbi	catB3	ARO:3002676	Perfect
ncbi	catB6	ARO:3002678	Perfect
ncbi	catB7	ARO:3002679	Perfect
ncbi	catB8	ARO:3002680	Perfect
ncbi	catB9	ARO:3002681	Perfect
ncbi	catD	ARO:3002686	Strict
ncbi	catP	ARO:3002686	Perfect
ncbi	catU	ARO:3003983	Perfect
ncbi	catV	ARO:3004357	Perfect
ncbi	cblA	ARO:3002999	Perfect
ncbi	cdsA	ARO:3004096	Manual
ncbi	cepA	ARO:3003559	Perfect
ncbi	cepA-29	ARO:3006224	Perfect
ncbi	cepA-44	ARO:3006225	Perfect
ncbi	cepA-49	ARO:3006226	Perfect
ncbi	cepH	ARO:3008390	Strict
ncbi	cepS	ARO:3003553	Perfect
ncbi	cfiA	ARO:3000578	Perfect
ncbi	cfiA10	ARO:3006906	Perfect
ncbi	cfiA11	ARO:3006907	Perfect
ncbi	cfiA14	ARO:3006908	Perfect
ncbi	cfiA17	ARO:3006909	Perfect
ncbi	cfiA18	ARO:3006910	Perfect
ncbi	cfiA19	ARO:3006911	Perfect
ncbi	cfiA2	ARO:3006912	Perfect
ncbi	cfiA21	ARO:3006913	Perfect
ncbi	cfiA22	ARO:3006914	Perfect
ncbi	cfiA23	ARO:3006915	Perfect
ncbi	cfiA24	ARO:3006916	Perfect
ncbi	cfiA26	ARO:3006917	Perfect
ncbi	cfiA27	ARO:3006918	Perfect
ncbi	cfiA28	ARO:3009098	Perfect
ncbi	cfiA29	ARO:3009099	Perfect
ncbi	cfiA30	ARO:3009100	Perfect
ncbi	cfiA31	ARO:3009101	Perfect
ncbi	cfiA32	ARO:3006908	Strict
ncbi	cfiA33	ARO:3009100	Strict
ncbi	cfiA4	ARO:3006919	Perfect
ncbi	cfiA8	ARO:3006920	Perfect
ncbi	cfiA9	ARO:3006921	Perfect
ncbi	cfr	ARO:3003441	Perfect
ncbi	cfr(B)	ARO:3004599	Perfect
ncbi	cfr(D)	ARO:3005021	Perfect
ncbi	cfr(E)	ARO:3005023	Perfect
ncbi	cfr-Cb	ARO:3004146	Perfect
ncbi	cfxA	ARO:3003001	Perfect
ncbi	cfxA2	ARO:3003002	Strict
ncbi	cfxA3	ARO:3003003	Perfect
ncbi	cfxA4	ARO:3003005	Perfect
ncbi	cfxA5	ARO:3003096	Perfect
ncbi	cfxA6	ARO:3003097	Strict
ncbi	cfxA_fam	ARO:3003002	Perfect
ncbi	chrB_rRNA_meth	ARO:3001302	Perfect
ncbi	cipA	ARO:3003907	Perfect
ncbi	clbA	ARO:3002814	Perfect
ncbi	clbB	ARO:3002816	Perfect
ncbi	clbC	ARO:3002815	Perfect
ncbi	cls	ARO:3003760	Manual
ncbi	cmeR	ARO:3000526	Perfect
ncbi	cmlA	ARO:3002695	Strict
ncbi	cmlA1	ARO:3002693	Perfect
ncbi	cmlA10	ARO:3002694	Strict
ncbi	cmlA4	ARO:3002694	Perfect
ncbi	cmlA5	ARO:3002695	Perfect
ncbi	cmlA6	ARO:3002696	Perfect
ncbi	cmlA8	ARO:3004665	Perfect
ncbi	cmlB	ARO:3002698	Perfect
ncbi	cmlB1	ARO:3002699	Perfect
ncbi	cmlR	ARO:3002690	Perfect
ncbi	cmlV	ARO:3002700	Strict
ncbi	cmrA	ARO:3002701	Perfect
ncbi	cmx	ARO:3002703	Perfect
ncbi	cph	ARO:3007075	Perfect
ncbi	cphA1	ARO:3003094	Strict
ncbi	cphA2	ARO:3003099	Perfect
ncbi	cphA3	ARO:3003093	Perfect
ncbi	cphA4	ARO:3003100	Perfect
ncbi	cphA5	ARO:3003101	Perfect
ncbi	cphA6	ARO:3003102	Perfect
ncbi	cphA7	ARO:3003103	Perfect
ncbi	cphA8	ARO:3003104	Perfect
ncbi	cplR	ARO:3007637	Perfect
ncbi	cprS	ARO:3005064	Perfect
ncbi	cpt	ARO:3000249	Manual
ncbi	crcB	ARO:3005049	Perfect
ncbi	crxA	ARO:3007118	Perfect
ncbi	cyaA	ARO:3003900	Manual
ncbi	dfr1_rpt	ARO:3002854	Strict
ncbi	dfrA1	ARO:3002854	Perfect
ncbi	dfrA10	ARO:3003011	Perfect
ncbi	dfrA12	ARO:3002858	Perfect
ncbi	dfrA13	ARO:3003012	Perfect
ncbi	dfrA14	ARO:3002859	Perfect
ncbi	dfrA15	ARO:3004640	Perfect
ncbi	dfrA16	ARO:3003014	Perfect
ncbi	dfrA17	ARO:3002860	Perfect
ncbi	dfrA18	ARO:3004568	Perfect
ncbi	dfrA19	ARO:3003015	Perfect
ncbi	dfrA20	ARO:3003016	Perfect
ncbi	dfrA21	ARO:3003017	Perfect
ncbi	dfrA22	ARO:3005354	Perfect
ncbi	dfrA23	ARO:3003019	Perfect
ncbi	dfrA24	ARO:3002856	Perfect
ncbi	dfrA25	ARO:3004554	Strict
ncbi	dfrA26	ARO:3002857	Perfect
ncbi	dfrA27	ARO:3004550	Perfect
ncbi	dfrA28	ARO:3004551	Perfect
ncbi	dfrA3	ARO:3003105	Perfect
ncbi	dfrA30	ARO:3004552	Perfect
ncbi	dfrA31	ARO:3005084	Perfect
ncbi	dfrA32	ARO:3004555	Perfect
ncbi	dfrA33	ARO:3005354	Strict
ncbi	dfrA34	ARO:3005346	Perfect
ncbi	dfrA35	ARO:3005164	Perfect
ncbi	dfrA36	ARO:3005348	Perfect
ncbi	dfrA37	ARO:3005347	Perfect
ncbi	dfrA38	ARO:3005349	Perfect
ncbi	dfrA39	ARO:3005351	Perfect
ncbi	dfrA3b	ARO:3004642	Perfect
ncbi	dfrA42	ARO:3005334	Perfect
ncbi	dfrA43	ARO:3005345	Perfect
ncbi	dfrA46	ARO:3004547	Perfect
ncbi	dfrA47	ARO:3003018	Perfect
ncbi	dfrA5	ARO:3002861	Perfect
ncbi	dfrA6	ARO:3004644	Perfect
ncbi	dfrA7	ARO:3002862	Perfect
ncbi	dfrA8	ARO:3002863	Perfect
ncbi	dfrA9	ARO:3004548	Perfect
ncbi	dfrB1	ARO:3002864	Perfect
ncbi	dfrB10	ARO:3007489	Perfect
ncbi	dfrB11	ARO:3007490	Perfect
ncbi	dfrB2	ARO:3003021	Perfect
ncbi	dfrB3	ARO:3003022	Perfect
ncbi	dfrB4	ARO:3004498	Perfect
ncbi	dfrB5	ARO:3004549	Perfect
ncbi	dfrB6	ARO:3003023	Perfect
ncbi	dfrB8	ARO:3004556	Perfect
ncbi	dfrB9	ARO:3005350	Perfect
ncbi	dfrD	ARO:3002866	Perfect
ncbi	dfrF	ARO:3002867	Perfect
ncbi	dfrG	ARO:3002868	Perfect
ncbi	dfrI	ARO:3004645	Perfect
ncbi	dfrK	ARO:3002869	Perfect
ncbi	dfrL	ARO:3007456	Strict
ncbi	dfrS1	ARO:3002865	Strict
ncbi	eat(A)	ARO:3003761	Manual
ncbi	emhB	ARO:3000777	Strict
ncbi	emrC_Lis	ARO:3007015	Strict
ncbi	emrE_Lis	ARO:3007015	Strict
ncbi	emrR	ARO:3000516	Perfect
ncbi	emtA	ARO:3004669	Perfect
ncbi	ere(A)	ARO:3002826	Perfect
ncbi	ere(A2)	ARO:3002826	Strict
ncbi	ere(B)	ARO:3000363	Perfect
ncbi	ere(D)	ARO:3004608	Perfect
ncbi	erm(30)	ARO:3001265	Perfect
ncbi	erm(31)	ARO:3000598	Perfect
ncbi	erm(32)	ARO:3001299	Perfect
ncbi	erm(33)	ARO:3000599	Perfect
ncbi	erm(34)	ARO:3000600	Perfect
ncbi	erm(35)	ARO:3000604	Perfect
ncbi	erm(36)	ARO:3000605	Perfect
ncbi	erm(37)	ARO:3000392	Perfect
ncbi	erm(38)	ARO:3000601	Perfect
ncbi	erm(39)	ARO:3000602	Perfect
ncbi	erm(40)	ARO:3004606	Perfect
ncbi	erm(42)	ARO:3003106	Perfect
ncbi	erm(43)	ARO:3003205	Perfect
ncbi	erm(44)	ARO:3003971	Perfect
ncbi	erm(45)	ARO:3004595	Perfect
ncbi	erm(46)	ARO:3004596	Perfect
ncbi	erm(47)	ARO:3003908	Perfect
ncbi	erm(48)	ARO:3004094	Perfect
ncbi	erm(49)	ARO:3004626	Perfect
ncbi	erm(50)	ARO:3007032	Perfect
ncbi	erm(51)	ARO:3007033	Perfect
ncbi	erm(52)	ARO:3007041	Perfect
ncbi	erm(56)	ARO:3007654	Perfect
ncbi	erm(A)	ARO:3005099	Perfect
ncbi	erm(B)	ARO:3000375	Perfect
ncbi	erm(C)	ARO:3000250	Perfect
ncbi	erm(D)	ARO:3000495	Perfect
ncbi	erm(E)	ARO:3000326	Perfect
ncbi	erm(F)	ARO:3000498	Perfect
ncbi	erm(G)	ARO:3000522	Perfect
ncbi	erm(H)	ARO:3002823	Perfect
ncbi	erm(K)	ARO:3004643	Perfect
ncbi	erm(N)	ARO:3000592	Perfect
ncbi	erm(O)	ARO:3004652	Perfect
ncbi	erm(Q)	ARO:3000593	Perfect
ncbi	erm(R)	ARO:3000594	Perfect
ncbi	erm(S)	ARO:3001304	Perfect
ncbi	erm(T)	ARO:3000595	Perfect
ncbi	erm(U)	ARO:3001305	Perfect
ncbi	erm(V)	ARO:3002824	Perfect
ncbi	erm(W)	ARO:3001306	Perfect
ncbi	erm(X)	ARO:3000596	Perfect
ncbi	erm(Y)	ARO:3002825	Perfect
ncbi	erm(Z)	ARO:3004605	Perfect
ncbi	estDL136	ARO:3000249	Manual
ncbi	estX	ARO:3002895	Strict
ncbi	farB	ARO:3003962	Perfect
ncbi	fexA	ARO:3002704	Perfect
ncbi	fexB	ARO:3007019	Perfect
ncbi	floR	ARO:3002705	Perfect
ncbi	floR2	ARO:3005043	Perfect
ncbi	folP	ARO:3000226	Manual
ncbi	fomA	ARO:3000423	Perfect
ncbi	fomB	ARO:3000449	Perfect
ncbi	fos-Crono	ARO:3007371	Strict
ncbi	fos-Vibrio	ARO:3007371	Strict
ncbi	fosA	ARO:3002804	Strict
ncbi	fosA10	ARO:3003209	Strict
ncbi	fosA2	ARO:3002804	Perfect
ncbi	fosA3	ARO:3002872	Perfect
ncbi	fosA4	ARO:3003210	Perfect
ncbi	fosA5	ARO:3003209	Perfect
ncbi	fosA5_fam	ARO:3004111	Strict
ncbi	fosA6	ARO:3004111	Perfect
ncbi	fosA7	ARO:3004113	Perfect
ncbi	fosA7.2	ARO:3004113	Strict
ncbi	fosA7.3	ARO:3004113	Strict
ncbi	fosA7.4	ARO:3004113	Strict
ncbi	fosA7.5	ARO:3005162	Perfect
ncbi	fosA7.6	ARO:3004113	Strict
ncbi	fosA7.7	ARO:3004113	Strict
ncbi	fosA7.8	ARO:3004113	Strict
ncbi	fosA7.9	ARO:3004113	Strict
ncbi	fosA8	ARO:3007371	Perfect
ncbi	fosA9	ARO:3003209	Strict
ncbi	fosA_PA1129	ARO:3000149	Perfect
ncbi	fosA_gen	ARO:3003209	Strict
ncbi	fosB	ARO:3004671	Strict
ncbi	fosB-Bcer	ARO:3005100	Strict
ncbi	fosB-Saur	ARO:3004661	Perfect
ncbi	fosB-Sepi	ARO:3007372	Strict
ncbi	fosB1	ARO:3004670	Perfect
ncbi	fosB2	ARO:3005100	Perfect
ncbi	fosB3	ARO:3002873	Perfect
ncbi	fosB4	ARO:3004671	Perfect
ncbi	fosB5	ARO:3004672	Perfect
ncbi	fosB6	ARO:3004673	Perfect
ncbi	fosB_gen	ARO:3004661	Perfect
ncbi	fosBx1	ARO:3007372	Perfect
ncbi	fosBx1-fam	ARO:3000172	Perfect
ncbi	fosC	ARO:3000380	Perfect
ncbi	fosC2	ARO:3002874	Perfect
ncbi	fosD	ARO:3004674	Perfect
ncbi	fosE	ARO:3007370	Strict
ncbi	fosF	ARO:3003207	Strict
ncbi	fosG	ARO:3007368	Perfect
ncbi	fosH	ARO:3007369	Perfect
ncbi	fosI	ARO:3007370	Perfect
ncbi	fosK	ARO:3003207	Perfect
ncbi	fosL1	ARO:3005024	Perfect
ncbi	fosL2	ARO:3005024	Strict
ncbi	fosLL	ARO:3007371	Strict
ncbi	fosM1	ARO:3007097	Perfect
ncbi	fosM2	ARO:3007098	Perfect
ncbi	fosM3	ARO:3007099	Perfect
ncbi	fosU1	ARO:3007371	Strict
ncbi	fosU2	ARO:3007371	Strict
ncbi	fosX	ARO:3000198	Perfect
ncbi	fosXCC	ARO:3003208	Strict
ncbi	fosX_gen	ARO:3007370	Strict
ncbi	fosY	ARO:3007069	Perfect
ncbi	ftsI	ARO:3004446	Strict
ncbi	fusA	ARO:3003735	Manual
ncbi	fusA1	ARO:3003734	Manual
ncbi	fusB	ARO:3003552	Perfect
ncbi	fusC	ARO:3003733	Perfect
ncbi	fusD	ARO:3003731	Perfect
ncbi	fusF	ARO:3004663	Perfect
ncbi	fusH	ARO:3003026	Perfect
ncbi	glpT	ARO:3004247	Manual
ncbi	golS	ARO:3000504	Perfect
ncbi	grdA	ARO:3002528	Manual
ncbi	grlA	ARO:3003296	Manual
ncbi	gshF	ARO:3003805	Manual
ncbi	gyrA	ARO:3003292	Manual
ncbi	gyrB	ARO:3000864	Manual
ncbi	helR	ARO:3007208	Perfect
ncbi	hmrM	ARO:3003953	Perfect
ncbi	icr-Mo	ARO:3004569	Perfect
ncbi	ileS	ARO:3000732	Manual
ncbi	imiH	ARO:3003094	Perfect
ncbi	imiS	ARO:3003095	Perfect
ncbi	iri	ARO:3002884	Perfect
ncbi	kamB	ARO:3004102	Perfect
ncbi	kdeA	ARO:3001328	Strict
ncbi	lamB	ARO:3004126	Manual
ncbi	liaF	ARO:3004262	Manual
ncbi	liaR	ARO:3003078	Manual
ncbi	liaS	ARO:3004264	Manual
ncbi	lmrC_abcf	ARO:3002881	Perfect
ncbi	lmrS	ARO:3004572	Perfect
ncbi	lnu(A)	ARO:3002835	Perfect
ncbi	lnu(A)'	ARO:3002835	Strict
ncbi	lnu(B)	ARO:3002836	Perfect
ncbi	lnu(C)	ARO:3002837	Perfect
ncbi	lnu(D)	ARO:3002838	Perfect
ncbi	lnu(E)	ARO:3003762	Perfect
ncbi	lnu(F)	ARO:3002839	Perfect
ncbi	lnu(G)	ARO:3004085	Perfect
ncbi	lnu(H)	ARO:3004600	Perfect
ncbi	lnu(P)	ARO:3004601	Perfect
ncbi	lpxA	ARO:3003573	Manual
ncbi	lpxC	ARO:3003574	Manual
ncbi	lsa(A)	ARO:3000300	Perfect
ncbi	lsa(B)	ARO:3003111	Perfect
ncbi	lsa(C)	ARO:3003112	Perfect
ncbi	lsa(D)	ARO:3005121	Perfect
ncbi	lsa(E)	ARO:3003206	Perfect
ncbi	marR	ARO:3003378	Strict
ncbi	mcr-1.1	ARO:3003689	Perfect
ncbi	mcr-1.10	ARO:3004506	Perfect
ncbi	mcr-1.11	ARO:3004688	Perfect
ncbi	mcr-1.12	ARO:3004689	Perfect
ncbi	mcr-1.13	ARO:3004690	Perfect
ncbi	mcr-1.14	ARO:3007246	Perfect
ncbi	mcr-1.15	ARO:3007279	Perfect
ncbi	mcr-1.16	ARO:3007238	Perfect
ncbi	mcr-1.17	ARO:3007244	Perfect
ncbi	mcr-1.18	ARO:3007233	Perfect
ncbi	mcr-1.19	ARO:3007240	Perfect
ncbi	mcr-1.2	ARO:3004194	Perfect
ncbi	mcr-1.20	ARO:3007235	Perfect
ncbi	mcr-1.21	ARO:3007237	Perfect
ncbi	mcr-1.22	ARO:3007239	Perfect
ncbi	mcr-1.23	ARO:3007234	Perfect
ncbi	mcr-1.24	ARO:3007243	Perfect
ncbi	mcr-1.25	ARO:3007247	Perfect
ncbi	mcr-1.26	ARO:3007280	Perfect
ncbi	mcr-1.27	ARO:3007232	Perfect
ncbi	mcr-1.28	ARO:3007236	Perfect
ncbi	mcr-1.29	ARO:3007241	Perfect
ncbi	mcr-1.3	ARO:3004514	Perfect
ncbi	mcr-1.30	ARO:3007242	Perfect
ncbi	mcr-1.31	ARO:3007245	Perfect
ncbi	mcr-1.32	ARO:3007289	Perfect
ncbi	mcr-1.33	ARO:3007070	Perfect
ncbi	mcr-1.34	ARO:3007230	Perfect
ncbi	mcr-1.35	ARO:3003689	Strict
ncbi	mcr-1.36	ARO:3003689	Strict
ncbi	mcr-1.37	ARO:3003689	Strict
ncbi	mcr-1.4	ARO:3004515	Perfect
ncbi	mcr-1.5	ARO:3004685	Perfect
ncbi	mcr-1.6	ARO:3004513	Perfect
ncbi	mcr-1.7	ARO:3004686	Perfect
ncbi	mcr-1.8	ARO:3004687	Perfect
ncbi	mcr-1.9	ARO:3004507	Perfect
ncbi	mcr-10.1	ARO:3007137	Perfect
ncbi	mcr-10.2	ARO:3007277	Perfect
ncbi	mcr-10.3	ARO:3007275	Perfect
ncbi	mcr-10.4	ARO:3007276	Perfect
ncbi	mcr-10.5	ARO:3007274	Perfect
ncbi	mcr-11.1	ARO:3004684	Strict
ncbi	mcr-2.1	ARO:3004110	Perfect
ncbi	mcr-2.2	ARO:3004502	Perfect
ncbi	mcr-2.3	ARO:3007284	Perfect
ncbi	mcr-2.4	ARO:3007283	Perfect
ncbi	mcr-2.5	ARO:3007286	Perfect
ncbi	mcr-2.6	ARO:3007288	Perfect
ncbi	mcr-2.7	ARO:3007287	Perfect
ncbi	mcr-2.8	ARO:3007285	Perfect
ncbi	mcr-3.1	ARO:3004139	Perfect
ncbi	mcr-3.10	ARO:3004504	Perfect
ncbi	mcr-3.11	ARO:3004500	Perfect
ncbi	mcr-3.12	ARO:3004693	Perfect
ncbi	mcr-3.13	ARO:3007269	Perfect
ncbi	mcr-3.14	ARO:3007249	Perfect
ncbi	mcr-3.15	ARO:3007252	Perfect
ncbi	mcr-3.16	ARO:3007260	Perfect
ncbi	mcr-3.17	ARO:3007278	Perfect
ncbi	mcr-3.18	ARO:3007263	Perfect
ncbi	mcr-3.19	ARO:3007273	Perfect
ncbi	mcr-3.2	ARO:3004511	Perfect
ncbi	mcr-3.20	ARO:3004139	Strict
ncbi	mcr-3.21	ARO:3007262	Perfect
ncbi	mcr-3.22	ARO:3007259	Perfect
ncbi	mcr-3.23	ARO:3007256	Perfect
ncbi	mcr-3.24	ARO:3007265	Perfect
ncbi	mcr-3.25	ARO:3007258	Perfect
ncbi	mcr-3.26	ARO:3007261	Perfect
ncbi	mcr-3.27	ARO:3007253	Perfect
ncbi	mcr-3.28	ARO:3007270	Perfect
ncbi	mcr-3.29	ARO:3007272	Perfect
ncbi	mcr-3.3	ARO:3004662	Perfect
ncbi	mcr-3.31	ARO:3007255	Perfect
ncbi	mcr-3.32	ARO:3007254	Perfect
ncbi	mcr-3.33	ARO:3007248	Perfect
ncbi	mcr-3.34	ARO:3007268	Perfect
ncbi	mcr-3.35	ARO:3007267	Perfect
ncbi	mcr-3.36	ARO:3007257	Perfect
ncbi	mcr-3.37	ARO:3007250	Perfect
ncbi	mcr-3.38	ARO:3007251	Perfect
ncbi	mcr-3.39	ARO:3007271	Perfect
ncbi	mcr-3.4	ARO:3004691	Perfect
ncbi	mcr-3.40	ARO:3007264	Perfect
ncbi	mcr-3.41	ARO:3005221	Perfect
ncbi	mcr-3.42	ARO:3007254	Strict
ncbi	mcr-3.5	ARO:3004505	Perfect
ncbi	mcr-3.6	ARO:3004503	Perfect
ncbi	mcr-3.7	ARO:3004510	Perfect
ncbi	mcr-3.8	ARO:3004509	Perfect
ncbi	mcr-3.9	ARO:3004508	Perfect
ncbi	mcr-4.1	ARO:3004325	Perfect
ncbi	mcr-4.2	ARO:3004694	Perfect
ncbi	mcr-4.3	ARO:3004695	Perfect
ncbi	mcr-4.4	ARO:3004696	Perfect
ncbi	mcr-4.5	ARO:3004697	Perfect
ncbi	mcr-4.6	ARO:3007231	Perfect
ncbi	mcr-4.7	ARO:3007533	Perfect
ncbi	mcr-4.8	ARO:3007231	Strict
ncbi	mcr-4.9	ARO:3004695	Strict
ncbi	mcr-5.1	ARO:3004332	Perfect
ncbi	mcr-5.2	ARO:3004698	Perfect
ncbi	mcr-5.3	ARO:3007282	Perfect
ncbi	mcr-5.4	ARO:3007281	Perfect
ncbi	mcr-5.5	ARO:3004332	Strict
ncbi	mcr-6.1	ARO:3004501	Perfect
ncbi	mcr-7.1	ARO:3004517	Perfect
ncbi	mcr-8.1	ARO:3004516	Perfect
ncbi	mcr-8.2	ARO:3007229	Perfect
ncbi	mcr-8.3	ARO:3007227	Perfect
ncbi	mcr-8.4	ARO:3007228	Perfect
ncbi	mcr-9.1	ARO:3004684	Perfect
ncbi	mcr-9.2	ARO:3004684	Strict
ncbi	mcr-9.3	ARO:3004684	Strict
ncbi	mdsA	ARO:3000789	Perfect
ncbi	mdsB	ARO:3000790	Perfect
ncbi	mdtM	ARO:3001214	Perfect
ncbi	mecA	ARO:3000617	Strict
ncbi	mecA-ceftar	ARO:3000617	Perfect
ncbi	mecB	ARO:3003440	Perfect
ncbi	mecC	ARO:3001209	Perfect
ncbi	mecC2	ARO:3001209	Strict
ncbi	mecD	ARO:3004185	Perfect
ncbi	mecI_of_mecA	ARO:3000124	Perfect
ncbi	mecI_of_mecC	ARO:3005046	Perfect
ncbi	mecR1	ARO:3000215	Perfect
ncbi	mef(A)	ARO:3000616	Perfect
ncbi	mef(B)	ARO:3003107	Perfect
ncbi	mef(C)	ARO:3003745	Perfect
ncbi	mef(D)	ARO:3005089	Perfect
ncbi	mef(En2)	ARO:3004659	Perfect
ncbi	mef(F)	ARO:3007044	Perfect
ncbi	mef(H)	ARO:3007047	Strict
ncbi	mef(J)	ARO:3007049	Perfect
ncbi	mepA	ARO:3000026	Perfect
ncbi	mexA	ARO:3000377	Perfect
ncbi	mexB	ARO:3000378	Strict
ncbi	mexD	ARO:3000801	Strict
ncbi	mexE	ARO:3000803	Perfect
ncbi	mexR	ARO:3000506	Strict
ncbi	mexT	ARO:3000814	Strict
ncbi	mexX	ARO:3003034	Perfect
ncbi	mexZ	ARO:3003709	Strict
ncbi	mgrB	ARO:3003820	Manual
ncbi	mgt	ARO:3000462	Perfect
ncbi	mph(A)	ARO:3000316	Perfect
ncbi	mph(B)	ARO:3000318	Perfect
ncbi	mph(C)	ARO:3000319	Perfect
ncbi	mph(E)	ARO:3003741	Perfect
ncbi	mph(F)	ARO:3003071	Perfect
ncbi	mph(G)	ARO:3003742	Perfect
ncbi	mphH	ARO:3004539	Perfect
ncbi	mphJ	ARO:3004544	Perfect
ncbi	mphK	ARO:3004541	Perfect
ncbi	mphL	ARO:3003072	Perfect
ncbi	mphM	ARO:3003767	Perfect
ncbi	mphN	ARO:3004542	Perfect
ncbi	mprF	ARO:3003769	Manual
ncbi	msr(A)	ARO:3000251	Perfect
ncbi	msr(C)	ARO:3002819	Perfect
ncbi	msr(E)	ARO:3003109	Perfect
ncbi	msr(F)	ARO:3005087	Perfect
ncbi	msr(G)	ARO:3007042	Perfect
ncbi	msr(H)	ARO:3005088	Perfect
ncbi	msr(I)	ARO:3007043	Perfect
ncbi	mtrA_Ngon	ARO:3000816	Perfect
ncbi	mtrC	ARO:3000810	Perfect
ncbi	mupA	ARO:3000521	Perfect
ncbi	mupB	ARO:3000510	Perfect
ncbi	murG	ARO:3004560	Manual
ncbi	myrA	ARO:3001300	Perfect
ncbi	nalC	ARO:3000818	Strict
ncbi	nalD	ARO:3000819	Strict
ncbi	nfsA	ARO:3003751	Manual
ncbi	nfsB	ARO:3003755	Manual
ncbi	nfxB	ARO:3004060	Strict
ncbi	nimA	ARO:3007104	Perfect
ncbi	nimB	ARO:3004655	Perfect
ncbi	nimB-Cd	ARO:3007671	Perfect
ncbi	nimC	ARO:3007105	Perfect
ncbi	nimD	ARO:3007106	Perfect
ncbi	nimE	ARO:3007107	Perfect
ncbi	nimG	ARO:3007109	Perfect
ncbi	nimI	ARO:3007111	Perfect
ncbi	nimJ	ARO:3007112	Perfect
ncbi	nimK	ARO:3007113	Perfect
ncbi	npmA	ARO:3002665	Perfect
ncbi	nshR	ARO:3003060	Manual
ncbi	ole(B)	ARO:3003036	Perfect
ncbi	oleD	ARO:3000865	Perfect
ncbi	oleI	ARO:3000866	Perfect
ncbi	ompF	ARO:3000265	Manual
ncbi	ompR	ARO:3004282	Manual
ncbi	oprD	ARO:3003686	Manual
ncbi	optrA	ARO:3003746	Perfect
ncbi	oqxA	ARO:3003922	Perfect
ncbi	oqxA10	ARO:3003922	Strict
ncbi	oqxA11	ARO:3003922	Strict
ncbi	oqxA2	ARO:3003922	Strict
ncbi	oqxA3	ARO:3003922	Strict
ncbi	oqxA4	ARO:3003922	Strict
ncbi	oqxA5	ARO:3003922	Strict
ncbi	oqxA6	ARO:3003922	Strict
ncbi	oqxA7	ARO:3003922	Strict
ncbi	oqxA8	ARO:3003922	Strict
ncbi	oqxA9	ARO:3003922	Strict
ncbi	oqxB	ARO:3003923	Perfect
ncbi	oqxB10	ARO:3003923	Strict
ncbi	oqxB11	ARO:3003923	Strict
ncbi	oqxB12	ARO:3003923	Strict
ncbi	oqxB13	ARO:3003923	Strict
ncbi	oqxB14	ARO:3003923	Strict
ncbi	oqxB15	ARO:3003923	Strict
ncbi	oqxB16	ARO:3003923	Strict
ncbi	oqxB17	ARO:3003923	Strict
ncbi	oqxB18	ARO:3003923	Strict
ncbi	oqxB19	ARO:3003923	Strict
ncbi	oqxB2	ARO:3003923	Strict
ncbi	oqxB20	ARO:3003923	Strict
ncbi	oqxB21	ARO:3003923	Strict
ncbi	oqxB22	ARO:3003923	Strict
ncbi	oqxB23	ARO:3003923	Strict
ncbi	oqxB24	ARO:3003923	Strict
ncbi	oqxB25	ARO:3003923	Strict
ncbi	oqxB26	ARO:3003923	Strict
ncbi	oqxB27	ARO:3003923	Strict
ncbi	oqxB28	ARO:3003923	Strict
ncbi	oqxB29	ARO:3003923	Strict
ncbi	oqxB3	ARO:3003923	Strict
ncbi	oqxB30	ARO:3003923	Strict
ncbi	oqxB31	ARO:3003923	Strict
ncbi	oqxB32	ARO:3003923	Strict
ncbi	oqxB4	ARO:3003923	Strict
ncbi	oqxB5	ARO:3003923	Strict
ncbi	oqxB6	ARO:3003923	Strict
ncbi	oqxB7	ARO:3003923	Strict
ncbi	oqxB8	ARO:3003923	Strict
ncbi	oqxB9	ARO:3003923	Strict
ncbi	oqxR	ARO:3003921	Manual
ncbi	otr(A)	ARO:3002891	Perfect
ncbi	otr(B)	ARO:3002892	Perfect
ncbi	parC	ARO:3003818	Strict
ncbi	parE	ARO:3003316	Strict
ncbi	parR	ARO:3005068	Perfect
ncbi	parS	ARO:3005067	Perfect
ncbi	pbp2	ARO:3001208	Manual
ncbi	pexA	ARO:3004666	Perfect
ncbi	phoP	ARO:3000834	Manual
ncbi	phoQ	ARO:3000835	Manual
ncbi	pmrA	ARO:3000822	Perfect
ncbi	pmrB	ARO:3003583	Strict
ncbi	poxtA	ARO:3004470	Perfect
ncbi	poxtA-Ef	ARO:3004470	Strict
ncbi	poxtA2	ARO:3004470	Strict
ncbi	ptsI	ARO:3003899	Manual
ncbi	qacA	ARO:3003046	Perfect
ncbi	qacB	ARO:3003047	Perfect
ncbi	qacC	ARO:3007014	Strict
ncbi	qacE	ARO:3005009	Perfect
ncbi	qacEdelta1	ARO:3005010	Perfect
ncbi	qacF	ARO:3005098	Strict
ncbi	qacG	ARO:3007015	Perfect
ncbi	qacG2	ARO:3007014	Strict
ncbi	qacH	ARO:3003836	Perfect
ncbi	qacH_Lis	ARO:3007015	Strict
ncbi	qacJ	ARO:3007014	Perfect
ncbi	qacK	ARO:3007014	Strict
ncbi	qacL	ARO:3005098	Perfect
ncbi	qacZ	ARO:3003836	Strict
ncbi	qepA1	ARO:3004103	Strict
ncbi	qepA10	ARO:3004103	Strict
ncbi	qepA2	ARO:3004103	Perfect
ncbi	qepA3	ARO:3000448	Perfect
ncbi	qepA4	ARO:3004379	Perfect
ncbi	qepA5	ARO:3004379	Strict
ncbi	qepA6	ARO:3004103	Strict
ncbi	qepA7	ARO:3004103	Strict
ncbi	qepA8	ARO:3004379	Strict
ncbi	qepA9	ARO:3004379	Strict
ncbi	qnrA1	ARO:3002707	Perfect
ncbi	qnrA10	ARO:3002709	Strict
ncbi	qnrA11	ARO:3002708	Strict
ncbi	qnrA12	ARO:3002709	Strict
ncbi	qnrA13	ARO:3002709	Strict
ncbi	qnrA2	ARO:3002708	Perfect
ncbi	qnrA3	ARO:3002709	Perfect
ncbi	qnrA4	ARO:3002710	Perfect
ncbi	qnrA5	ARO:3002711	Perfect
ncbi	qnrA6	ARO:3002712	Perfect
ncbi	qnrA7	ARO:3002713	Perfect
ncbi	qnrA9	ARO:3002707	Strict
ncbi	qnrAS	ARO:3004668	Perfect
ncbi	qnrB1	ARO:3002714	Perfect
ncbi	qnrB10	ARO:3002724	Strict
ncbi	qnrB11	ARO:3002725	Strict
ncbi	qnrB12	ARO:3002726	Strict
ncbi	qnrB13	ARO:3002727	Strict
ncbi	qnrB14	ARO:3002728	Strict
ncbi	qnrB15	ARO:3002730	Strict
ncbi	qnrB16	ARO:3002731	Strict
ncbi	qnrB17	ARO:3002732	Strict
ncbi	qnrB18	ARO:3002733	Strict
ncbi	qnrB19	ARO:3002734	Perfect
ncbi	qnrB2	ARO:3002735	Strict
ncbi	qnrB20	ARO:3002735	Strict
ncbi	qnrB21	ARO:3002736	Perfect
ncbi	qnrB22	ARO:3002737	Strict
ncbi	qnrB23	ARO:3002738	Strict
ncbi	qnrB24	ARO:3002739	Strict
ncbi	qnrB25	ARO:3002740	Perfect
ncbi	qnrB26	ARO:3002741	Strict
ncbi	qnrB27	ARO:3002742	Perfect
ncbi	qnrB28	ARO:3002743	Perfect
ncbi	qnrB29	ARO:3002744	Strict
ncbi	qnrB3	ARO:3002716	Strict
ncbi	qnrB30	ARO:3002745	Strict
ncbi	qnrB31	ARO:3002746	Strict
ncbi	qnrB32	ARO:3002747	Perfect
ncbi	qnrB33	ARO:3002748	Perfect
ncbi	qnrB34	ARO:3002749	Strict
ncbi	qnrB35	ARO:3002750	Perfect
ncbi	qnrB36	ARO:3002751	Perfect
ncbi	qnrB37	ARO:3002752	Perfect
ncbi	qnrB38	ARO:3002753	Perfect
ncbi	qnrB39	ARO:3002754	Perfect
ncbi	qnrB4	ARO:3002718	Perfect
ncbi	qnrB40	ARO:3002755	Perfect
ncbi	qnrB41	ARO:3002756	Strict
ncbi	qnrB42	ARO:3002757	Perfect
ncbi	qnrB43	ARO:3002758	Perfect
ncbi	qnrB44	ARO:3002759	Perfect
ncbi	qnrB45	ARO:3002760	Perfect
ncbi	qnrB46	ARO:3002762	Strict
ncbi	qnrB47	ARO:3002762	Perfect
ncbi	qnrB48	ARO:3002763	Perfect
ncbi	qnrB49	ARO:3002764	Strict
ncbi	qnrB5	ARO:3002719	Strict
ncbi	qnrB50	ARO:3002765	Perfect
ncbi	qnrB52	ARO:3002715	Perfect
ncbi	qnrB53	ARO:3002761	Strict
ncbi	qnrB54	ARO:3002767	Perfect
ncbi	qnrB55	ARO:3002768	Perfect
ncbi	qnrB56	ARO:3002769	Strict
ncbi	qnrB57	ARO:3002770	Strict
ncbi	qnrB58	ARO:3002771	Strict
ncbi	qnrB59	ARO:3002772	Strict
ncbi	qnrB6	ARO:3002720	Strict
ncbi	qnrB60	ARO:3002773	Perfect
ncbi	qnrB61	ARO:3002774	Perfect
ncbi	qnrB62	ARO:3002775	Strict
ncbi	qnrB64	ARO:3002776	Perfect
ncbi	qnrB65	ARO:3002777	Perfect
ncbi	qnrB66	ARO:3002778	Perfect
ncbi	qnrB67	ARO:3002779	Perfect
ncbi	qnrB68	ARO:3002780	Perfect
ncbi	qnrB69	ARO:3002781	Perfect
ncbi	qnrB7	ARO:3002721	Perfect
ncbi	qnrB70	ARO:3002782	Perfect
ncbi	qnrB71	ARO:3002783	Perfect
ncbi	qnrB72	ARO:3002784	Perfect
ncbi	qnrB73	ARO:3002785	Perfect
ncbi	qnrB74	ARO:3002786	Perfect
ncbi	qnrB75	ARO:3003187	Perfect
ncbi	qnrB77	ARO:3003189	Perfect
ncbi	qnrB78	ARO:3003190	Perfect
ncbi	qnrB8	ARO:3002722	Perfect
ncbi	qnrB80	ARO:3003192	Perfect
ncbi	qnrB81	ARO:3002719	Strict
ncbi	qnrB82	ARO:3002719	Strict
ncbi	qnrB84	ARO:3002781	Strict
ncbi	qnrB85	ARO:3002727	Strict
ncbi	qnrB89	ARO:3002726	Strict
ncbi	qnrB9	ARO:3002723	Perfect
ncbi	qnrB90	ARO:3002724	Strict
ncbi	qnrB91	ARO:3002715	Strict
ncbi	qnrB93	ARO:3002727	Strict
ncbi	qnrB94	ARO:3003188	Strict
ncbi	qnrB95	ARO:3002714	Strict
ncbi	qnrB96	ARO:3002752	Strict
ncbi	qnrB97	ARO:3002736	Strict
ncbi	qnrB98	ARO:3002726	Strict
ncbi	qnrB99	ARO:3002720	Strict
ncbi	qnrC	ARO:3002787	Perfect
ncbi	qnrD1	ARO:3002788	Perfect
ncbi	qnrD2	ARO:3002789	Perfect
ncbi	qnrD3	ARO:3002789	Strict
ncbi	qnrE1	ARO:3004636	Perfect
ncbi	qnrE2	ARO:3004637	Perfect
ncbi	qnrE3	ARO:3004636	Strict
ncbi	qnrE4	ARO:3004637	Strict
ncbi	qnrE5	ARO:3004636	Strict
ncbi	qnrE6	ARO:3004636	Strict
ncbi	qnrE7	ARO:3004636	Strict
ncbi	qnrS1	ARO:3002790	Perfect
ncbi	qnrS10	ARO:3004622	Perfect
ncbi	qnrS11	ARO:3004624	Perfect
ncbi	qnrS12	ARO:3004625	Perfect
ncbi	qnrS13	ARO:3002790	Strict
ncbi	qnrS14	ARO:3002790	Strict
ncbi	qnrS15	ARO:3004627	Perfect
ncbi	qnrS2	ARO:3002791	Perfect
ncbi	qnrS4	ARO:3002793	Perfect
ncbi	qnrS5	ARO:3002794	Perfect
ncbi	qnrS6	ARO:3002795	Perfect
ncbi	qnrS7	ARO:3002796	Perfect
ncbi	qnrS8	ARO:3002797	Perfect
ncbi	qnrS9	ARO:3002798	Perfect
ncbi	qnrVC1	ARO:3002799	Perfect
ncbi	qnrVC10	ARO:3002799	Strict
ncbi	qnrVC3	ARO:3002800	Perfect
ncbi	qnrVC4	ARO:3002801	Perfect
ncbi	qnrVC5	ARO:3002802	Perfect
ncbi	qnrVC6	ARO:3002803	Perfect
ncbi	qnrVC7	ARO:3003193	Perfect
ncbi	qnrVC8	ARO:3002803	Strict
ncbi	qnrVC9	ARO:3003193	Strict
ncbi	ranA	ARO:3005091	Perfect
ncbi	ranB	ARO:3005090	Perfect
ncbi	rgt1438	ARO:3002883	Perfect
ncbi	rmtA	ARO:3000859	Perfect
ncbi	rmtB1	ARO:3000860	Perfect
ncbi	rmtB2	ARO:3000860	Strict
ncbi	rmtB3	ARO:3000860	Strict
ncbi	rmtB4	ARO:3000860	Strict
ncbi	rmtC	ARO:3000861	Perfect
ncbi	rmtD1	ARO:3002667	Perfect
ncbi	rmtD2	ARO:3004677	Perfect
ncbi	rmtE1	ARO:3004678	Perfect
ncbi	rmtE2	ARO:3004679	Perfect
ncbi	rmtF1	ARO:3002666	Perfect
ncbi	rmtF2	ARO:3002666	Strict
ncbi	rmtG	ARO:3002668	Perfect
ncbi	rmtH	ARO:3003198	Perfect
ncbi	rox_nf	ARO:3007210	Perfect
ncbi	rox_sv	ARO:3007209	Perfect
ncbi	rph	ARO:3000444	Perfect
ncbi	rplD	ARO:3004956	Manual
ncbi	rpoC	ARO:3004995	Manual
ncbi	rpsE	ARO:3007526	Manual
ncbi	rpsJ	ARO:3003930	Manual
ncbi	rpsL	ARO:3003419	Manual
ncbi	sal(A)	ARO:3003749	Perfect
ncbi	sal(B)	ARO:3007026	Perfect
ncbi	sal(C)	ARO:3007027	Perfect
ncbi	sal(D)	ARO:3007028	Perfect
ncbi	sal(E)	ARO:3007029	Perfect
ncbi	sat2_fam	ARO:3002895	Perfect
ncbi	sat3	ARO:3002898	Perfect
ncbi	sat4	ARO:3002897	Perfect
ncbi	satA_Bant	ARO:3005045	Perfect
ncbi	sdeB	ARO:3000777	Strict
ncbi	sgm	ARO:3000862	Perfect
ncbi	smeF	ARO:3003057	Perfect
ncbi	soxR	ARO:3003381	Strict
ncbi	soxS	ARO:3003511	Strict
ncbi	spd	ARO:3002631	Perfect
ncbi	srm(B)	ARO:3002828	Perfect
ncbi	ssmE	ARO:3007015	Strict
ncbi	sta	ARO:3004699	Perfect
ncbi	sul1	ARO:3000410	Perfect
ncbi	sul2	ARO:3000412	Perfect
ncbi	sul3	ARO:3000413	Perfect
ncbi	sul4	ARO:3004361	Perfect
ncbi	sulR	ARO:3004238	Manual
ncbi	sulX	ARO:3004238	Manual
ncbi	taeA	ARO:3003986	Perfect
ncbi	tcmA	ARO:3003554	Manual
ncbi	tcr3	ARO:3002893	Perfect
ncbi	tet(30)	ARO:3000561	Perfect
ncbi	tet(32)	ARO:3000196	Perfect
ncbi	tet(33)	ARO:3000478	Perfect
ncbi	tet(34)	ARO:3002870	Manual
ncbi	tet(35)	ARO:3000481	Strict
ncbi	tet(36)	ARO:3000197	Perfect
ncbi	tet(37)	ARO:3002871	Perfect
ncbi	tet(38)	ARO:3000565	Perfect
ncbi	tet(39)	ARO:3000566	Perfect
ncbi	tet(40)	ARO:3000567	Perfect
ncbi	tet(41)	ARO:3000569	Perfect
ncbi	tet(42)	ARO:3000572	Perfect
ncbi	tet(44)	ARO:3000556	Perfect
ncbi	tet(45)	ARO:3003196	Perfect
ncbi	tet(47)	ARO:3004613	Perfect
ncbi	tet(48)	ARO:3004581	Perfect
ncbi	tet(49)	ARO:3004582	Perfect
ncbi	tet(50)	ARO:3004584	Perfect
ncbi	tet(51)	ARO:3004586	Perfect
ncbi	tet(52)	ARO:3004587	Perfect
ncbi	tet(53)	ARO:3004589	Perfect
ncbi	tet(54)	ARO:3004590	Perfect
ncbi	tet(55)	ARO:3004591	Perfect
ncbi	tet(56)	ARO:3004603	Perfect
ncbi	tet(57)	ARO:3005006	Perfect
ncbi	tet(59)	ARO:3004441	Perfect
ncbi	tet(62)	ARO:3007492	Strict
ncbi	tet(63)	ARO:3007493	Perfect
ncbi	tet(64)	ARO:3007494	Perfect
ncbi	tet(65)	ARO:3007838	Perfect
ncbi	tet(A)	ARO:3000165	Strict
ncbi	tet(B)	ARO:3000166	Perfect
ncbi	tet(C)	ARO:3000167	Perfect
ncbi	tet(D)	ARO:3000168	Perfect
ncbi	tet(E)	ARO:3000173	Perfect
ncbi	tet(G)	ARO:3000174	Perfect
ncbi	tet(H)	ARO:3000175	Perfect
ncbi	tet(J)	ARO:3000177	Perfect
ncbi	tet(K)	ARO:3000178	Perfect
ncbi	tet(L)	ARO:3000179	Perfect
ncbi	tet(M)	ARO:3000186	Perfect
ncbi	tet(O)	ARO:3000190	Perfect
ncbi	tet(O/32/O)	ARO:3007119	Perfect
ncbi	tet(O/M/O)	ARO:3007120	Perfect
ncbi	tet(O/W)	ARO:3007121	Perfect
ncbi	tet(O/W/32/O)	ARO:3007122	Perfect
ncbi	tet(O/W/O)	ARO:3007123	Perfect
ncbi	tet(Q)	ARO:3000191	Strict
ncbi	tet(S)	ARO:3000192	Perfect
ncbi	tet(T)	ARO:3000193	Perfect
ncbi	tet(V)	ARO:3000181	Perfect
ncbi	tet(W)	ARO:3000194	Perfect
ncbi	tet(W/32/O)	ARO:3007122	Strict
ncbi	tet(W/N/W)	ARO:3004442	Perfect
ncbi	tet(X1)	ARO:3005166	Strict
ncbi	tet(X2)	ARO:3000205	Perfect
ncbi	tet(X3)	ARO:3004719	Perfect
ncbi	tet(X4)	ARO:3004720	Perfect
ncbi	tet(X5)	ARO:3005057	Perfect
ncbi	tet(Y)	ARO:3000182	Perfect
ncbi	tet(Z)	ARO:3000183	Strict
ncbi	tetA(46)	ARO:3004032	Perfect
ncbi	tetA(58)	ARO:3003980	Perfect
ncbi	tetA(60)	ARO:3004035	Perfect
ncbi	tetA(P)	ARO:3000180	Perfect
ncbi	tetAB_A	ARO:3004639	Perfect
ncbi	tetAB_B	ARO:3000166	Manual
ncbi	tetB(46)	ARO:3004033	Perfect
ncbi	tetB(58)	ARO:3003981	Perfect
ncbi	tetB(60)	ARO:3004036	Perfect
ncbi	tetB(P)	ARO:3000195	Perfect
ncbi	thfT	ARO:3007427	Perfect
ncbi	tlr(C)	ARO:3002827	Perfect
ncbi	tsnR	ARO:3003060	Perfect
ncbi	ttgB	ARO:3000777	Strict
ncbi	tufA	ARO:3003368	Manual
ncbi	tva(A)	ARO:3004730	Perfect
ncbi	uhpA	ARO:3004249	Manual
ncbi	uhpT	ARO:3003902	Manual
ncbi	vanA	ARO:3000010	Perfect
ncbi	vanA-Ao2	ARO:3002913	Strict
ncbi	vanA-Pa	ARO:3000010	Strict
ncbi	vanA-Pt	ARO:3000010	Strict
ncbi	vanA-Pt2	ARO:3000010	Strict
ncbi	vanA-Sc	ARO:3003723	Strict
ncbi	vanB	ARO:3000013	Perfect
ncbi	vanC1	ARO:3000368	Perfect
ncbi	vanC2/3	ARO:3000368	Strict
ncbi	vanD	ARO:3000005	Perfect
ncbi	vanE	ARO:3002907	Perfect
ncbi	vanF	ARO:3002908	Perfect
ncbi	vanG	ARO:3002909	Perfect
ncbi	vanG-Cd	ARO:3002909	Strict
ncbi	vanG2	ARO:3002909	Strict
ncbi	vanH	ARO:3002945	Strict
ncbi	vanH-A	ARO:3002942	Perfect
ncbi	vanH-Ac1	ARO:3002948	Strict
ncbi	vanH-Ao1	ARO:3002948	Strict
ncbi	vanH-Ao2	ARO:3002948	Strict
ncbi	vanH-B	ARO:3002943	Perfect
ncbi	vanH-D	ARO:3002944	Perfect
ncbi	vanH-F	ARO:3002945	Perfect
ncbi	vanH-M	ARO:3002947	Perfect
ncbi	vanH-O	ARO:3002948	Perfect
ncbi	vanH-P	ARO:3007188	Perfect
ncbi	vanH-Pt	ARO:3002942	Strict
ncbi	vanH-Pt2	ARO:3002942	Strict
ncbi	vanH-Sc	ARO:3002948	Strict
ncbi	vanI	ARO:3003723	Perfect
ncbi	vanJ	ARO:3002914	Perfect
ncbi	vanK-I	ARO:3003727	Perfect
ncbi	vanL	ARO:3002910	Perfect
ncbi	vanM	ARO:3002911	Perfect
ncbi	vanN	ARO:3002912	Perfect
ncbi	vanO	ARO:3002913	Perfect
ncbi	vanP	ARO:3007189	Perfect
ncbi	vanR-A	ARO:3002919	Perfect
ncbi	vanR-B	ARO:3002921	Perfect
ncbi	vanR-C	ARO:3002922	Perfect
ncbi	vanR-D	ARO:3002923	Perfect
ncbi	vanR-E	ARO:3002924	Perfect
ncbi	vanR-F	ARO:3002925	Perfect
ncbi	vanR-G	ARO:3002926	Perfect
ncbi	vanR-I	ARO:3003728	Perfect
ncbi	vanR-L	ARO:3002927	Perfect
ncbi	vanR-M	ARO:3002928	Perfect
ncbi	vanR-N	ARO:3002929	Perfect
ncbi	vanR-O	ARO:3002930	Perfect
ncbi	vanR-P	ARO:3007191	Perfect
ncbi	vanS-A	ARO:3002931	Perfect
ncbi	vanS-B	ARO:3002932	Perfect
ncbi	vanS-B-Delta	ARO:3002932	Strict
ncbi	vanS-C	ARO:3002933	Perfect
ncbi	vanS-E	ARO:3002935	Perfect
ncbi	vanS-F	ARO:3002936	Perfect
ncbi	vanS-G	ARO:3002937	Perfect
ncbi	vanS-L	ARO:3002938	Perfect
ncbi	vanS-M	ARO:3002939	Perfect
ncbi	vanS-N	ARO:3002940	Perfect
ncbi	vanS-O	ARO:3002941	Strict
ncbi	vanS-P	ARO:3007192	Perfect
ncbi	vanS-Pt2	ARO:3002931	Strict
ncbi	vanT-C	ARO:3002970	Perfect
ncbi	vanT-Cd	ARO:3002972	Strict
ncbi	vanT-E	ARO:3002971	Perfect
ncbi	vanT-G	ARO:3002972	Perfect
ncbi	vanT-N	ARO:3002975	Perfect
ncbi	vanTc2	ARO:3002970	Strict
ncbi	vanTc3	ARO:3002970	Strict
ncbi	vanTm-L	ARO:3002973	Perfect
ncbi	vanTr-L	ARO:3002974	Perfect
ncbi	vanU-G	ARO:3004253	Perfect
ncbi	vanW-B	ARO:3002964	Perfect
ncbi	vanW-G	ARO:3002965	Perfect
ncbi	vanW-I	ARO:3003724	Perfect
ncbi	vanW-Pt	ARO:3002964	Strict
ncbi	vanX-A	ARO:3002949	Perfect
ncbi	vanX-Ac1	ARO:3002954	Strict
ncbi	vanX-Ao1	ARO:3003725	Strict
ncbi	vanX-Ao2	ARO:3003725	Strict
ncbi	vanX-B	ARO:3002950	Perfect
ncbi	vanX-D	ARO:3003070	Perfect
ncbi	vanX-F	ARO:3002952	Perfect
ncbi	vanX-I	ARO:3003725	Perfect
ncbi	vanX-M	ARO:3002953	Perfect
ncbi	vanX-O	ARO:3002954	Perfect
ncbi	vanX-P	ARO:3007190	Perfect
ncbi	vanX-Pt	ARO:3002949	Strict
ncbi	vanX-Sc	ARO:3003725	Strict
ncbi	vanXY-C	ARO:3002966	Perfect
ncbi	vanXY-E	ARO:3002967	Perfect
ncbi	vanXY-G	ARO:3003069	Perfect
ncbi	vanXY-G2	ARO:3003069	Strict
ncbi	vanXY-L	ARO:3002968	Perfect
ncbi	vanXY-N	ARO:3002969	Perfect
ncbi	vanXY-c2/3	ARO:3002966	Strict
ncbi	vanXY-c4	ARO:3002966	Strict
ncbi	vanY-A	ARO:3002955	Perfect
ncbi	vanY-B	ARO:3002956	Perfect
ncbi	vanY-D	ARO:3002957	Strict
ncbi	vanY-F	ARO:3002958	Perfect
ncbi	vanY-G	ARO:3002959	Strict
ncbi	vanY-G1	ARO:3002959	Perfect
ncbi	vanY-M	ARO:3002961	Strict
ncbi	vanY-Pt	ARO:3002955	Strict
ncbi	vanZ-A	ARO:3002962	Perfect
ncbi	vanZ-F	ARO:3002963	Perfect
ncbi	varG	ARO:3004289	Strict
ncbi	vat(A)	ARO:3002840	Perfect
ncbi	vat(B)	ARO:3002841	Perfect
ncbi	vat(C)	ARO:3002842	Perfect
ncbi	vat(D)	ARO:3002843	Strict
ncbi	vat(E)	ARO:3002844	Perfect
ncbi	vat(F)	ARO:3003744	Perfect
ncbi	vat(H)	ARO:3002845	Perfect
ncbi	vat(I)	ARO:3003987	Perfect
ncbi	vga(A)	ARO:3002829	Perfect
ncbi	vga(A)-LC	ARO:3002830	Perfect
ncbi	vga(B)	ARO:3000118	Perfect
ncbi	vga(C)	ARO:3002831	Perfect
ncbi	vga(D)	ARO:3002832	Perfect
ncbi	vga(E)	ARO:3002833	Perfect
ncbi	vga(G)	ARO:3004651	Perfect
ncbi	vgb(A)	ARO:3001307	Perfect
ncbi	vgb(B)	ARO:3001308	Perfect
ncbi	vgb(C)	ARO:3003990	Perfect
ncbi	vmlR	ARO:3004476	Perfect
ncbi	vph	ARO:3003061	Perfect
ncbi	walK	ARO:3003795	Manual
ncbi	yybT	ARO:3003797	Manual
resfinder	ARR-2_1_HQ141279	ARO:3002847	Perfect
resfinder	ARR-3_1_JF806499	ARO:3002848	Perfect
resfinder	ARR-3_4_FM207631	ARO:3002847	Strict
resfinder	ARR-4_1_EF660562	ARO:3002849	Perfect
resfinder	ARR-5_1_EF660563	ARO:3002850	Perfect
resfinder	ARR-6_1_FM955585	ARO:3002848	Strict
resfinder	ARR-6_2_FM897214	ARO:3002848	Strict
resfinder	ARR-6_3_JF922883	ARO:3002848	Perfect
resfinder	ARR-7_1_FN397623	ARO:3002852	Perfect
resfinder	ARR-8_1_KC199968	ARO:3002853	Perfect
resfinder	Cfr(D)_1_NG_067192	ARO:3005021	Perfect
resfinder	Cfr(E)_1_NG_070225	ARO:3005023	Perfect
resfinder	EstDL136_1_JN242251	ARO:3000557	Manual
resfinder	OqxA_1_EU370913	ARO:3003922	Perfect
resfinder	OqxB_1_EU370913	ARO:3003923	Perfect
resfinder	POM-1_1_GU002295	ARO:3006974	Strict
resfinder	VanA_bc_1_Y15704	ARO:3000010	Strict
resfinder	VanC1XY_1_AF162694	ARO:3000246	Manual
resfinder	VanC1XY_2_DQ022190	ARO:3000246	Manual
resfinder	VanC2XY_1_EU151754	ARO:3000246	Manual
resfinder	VanC2XY_2_EU151755	ARO:3000246	Manual
resfinder	VanC2XY_3_EU151757	ARO:3000246	Manual
resfinder	VanC2XY_4_EU151758	ARO:3000246	Manual
resfinder	VanC2XY_5_EU151760	ARO:3000246	Manual
resfinder	VanC2_1_L29638	ARO:3000368	Strict
resfinder	VanC3XY_1_AY033764	ARO:3000368	Strict
resfinder	VanC3XY_2_EU151759	ARO:3000246	Manual
resfinder	VanC4XY_1_EU151752	ARO:3000246	Manual
resfinder	VanC4XY_2_EU151753	ARO:3000246	Manual
resfinder	VanC4XY_3_EU151756	ARO:3000246	Manual
resfinder	VanEXY_1_FJ872411	ARO:3000259	Manual
resfinder	VanE_1_AF136925	ARO:3002907	Strict
resfinder	VanG2XY_1_FJ872410	ARO:3000257	Manual
resfinder	VanGXY_1_AY271782	ARO:3000257	Manual
resfinder	VanHAX_1_FJ866609	ARO:3000236	Manual
resfinder	VanHAX_2_M97297	ARO:3000236	Manual
resfinder	VanHAX_PA_1_DQ018711	ARO:3000236	Manual
resfinder	VanHAX_PT_1_DQ018710	ARO:3000236	Manual
resfinder	VanHAX_PT_2_AY926880	ARO:3000236	Manual
resfinder	VanHBX_1_AF192329	ARO:3000238	Manual
resfinder	VanHBX_2_U35369	ARO:3000238	Manual
resfinder	VanHDX_1_AF130997	ARO:3000253	Manual
resfinder	VanHDX_2_EU999036	ARO:3000253	Manual
resfinder	VanHDX_3_AF175293	ARO:3000253	Manual
resfinder	VanHDX_4_AY082011	ARO:3000253	Manual
resfinder	VanHDX_5_AY489045	ARO:3000253	Manual
resfinder	VanHDX_6_DQ172830	ARO:3000253	Manual
resfinder	VanHDX_7_AB242319	ARO:3000253	Manual
resfinder	VanHFX_1_AF155139	ARO:3000255	Manual
resfinder	VanHMX_1_FJ349556	ARO:3000256	Manual
resfinder	VanHOX_1_KF478993	ARO:3002918	Manual
resfinder	VanH_bc_1_Y15705	ARO:3002942	Strict
resfinder	VanLXY_1_EU250284	ARO:3000260	Manual
resfinder	VanNXY_1_JF802084	ARO:3002917	Manual
resfinder	VanXY_C2_1_AY033089	ARO:3002966	Strict
resfinder	VanX_bc_1_Y15708	ARO:3002949	Strict
resfinder	aac(2')-IIa_1_AB669090	ARO:3004628	Perfect
resfinder	aac(2')-Ia_1_L06156	ARO:3002523	Perfect
resfinder	aac(2')-Ib_1_U41471	ARO:3002524	Strict
resfinder	aac(2')-Ic_1_U72714	ARO:3002525	Strict
resfinder	aac(2')-Id_1_U72743	ARO:3002526	Strict
resfinder	aac(2')-Ie_1_NC011896	ARO:3002527	Perfect
resfinder	aac(3)-IIIa_1_X55652	ARO:3002536	Perfect
resfinder	aac(3)-IIIb_2_LLLC01000048	ARO:3002537	Perfect
resfinder	aac(3)-IIIc_1_L06161	ARO:3002538	Perfect
resfinder	aac(3)-IIa_1_X51534	ARO:3004621	Strict
resfinder	aac(3)-IIa_2_AY138987	ARO:3004621	Strict
resfinder	aac(3)-IIa_3_X13543	ARO:3002533	Perfect
resfinder	aac(3)-IIa_4_L22613	ARO:3004623	Strict
resfinder	aac(3)-IIa_5_FJ012882	ARO:3004621	Strict
resfinder	aac(3)-IIa_6_CP023555	ARO:3004621	Strict
resfinder	aac(3)-IIb_1_M97172	ARO:3002534	Perfect
resfinder	aac(3)-IIc_1_X54723	ARO:3002535	Perfect
resfinder	aac(3)-IId_1_EU022314	ARO:3004623	Perfect
resfinder	aac(3)-IIe_1_EU022315	ARO:3004621	Perfect
resfinder	aac(3)-IV_1_DQ241380	ARO:3002539	Strict
resfinder	aac(3)-IVa_1_X01385	ARO:3002539	Strict
resfinder	aac(3)-IXa_1_M55427	ARO:3002543	Perfect
resfinder	aac(3)-I_1_AJ877225	ARO:3007384	Manual
resfinder	aac(3)-Ia_1_X15852	ARO:3002528	Strict
resfinder	aac(3)-Ib-aac(6')-Ib_1_AF355189	ARO:3002600	Perfect
resfinder	aac(3)-Ib_1_L06157	ARO:3002530	Perfect
resfinder	aac(3)-Ic_1_AJ511268	ARO:3002531	Perfect
resfinder	aac(3)-Id_1_AB114632	ARO:3002529	Strict
resfinder	aac(3)-VIII_1_AB211959	ARO:3002542	Strict
resfinder	aac(3)-VIII_2_AJ843080	ARO:3002542	Strict
resfinder	aac(3)-VIII_3_AJ748131	ARO:3002542	Strict
resfinder	aac(3)-VIIIa_1_M55426	ARO:3002542	Strict
resfinder	aac(3)-VIIa_1_M22999	ARO:3002541	Perfect
resfinder	aac(3)-VIa_1_M88012	ARO:3002540	Perfect
resfinder	aac(3)-VIa_2_NC_009838	ARO:3002540	Strict
resfinder	aac(3)-Xa_1_AB028210	ARO:3002544	Manual
resfinder	aac(6')-30-aac(6')-Ib'_1_AJ584652	ARO:3002599	Perfect
resfinder	aac(6')-31_1_AM283489	ARO:3002585	Perfect
resfinder	aac(6')-32_1_EF614235	ARO:3002586	Perfect
resfinder	aac(6')-33_1_GQ337064	ARO:3002587	Perfect
resfinder	aac(6')-I30_1_AY289608	ARO:3002588	Perfect
resfinder	aac(6')-IIa_1_M29695	ARO:3002594	Perfect
resfinder	aac(6')-IIb_1_L06163	ARO:3002595	Perfect
resfinder	aac(6')-IIc_1_NC_012555	ARO:3002596	Perfect
resfinder	aac(6')-Ia_1_M18967	ARO:3002545	Perfect
resfinder	aac(6')-Ia_2_M86913	ARO:3002545	Perfect
resfinder	aac(6')-Iaa_1_NC_003197	ARO:3002571	Perfect
resfinder	aac(6')-Iad_1_AB119105	ARO:3002572	Perfect
resfinder	aac(6')-Iae_1_AB104852	ARO:3002573	Perfect
resfinder	aac(6')-Iaf_1_AB462903	ARO:3002574	Strict
resfinder	aac(6')-Iag_1_AB472901	ARO:3004638	Perfect
resfinder	aac(6')-Iai_1_EU886977	ARO:3002575	Perfect
resfinder	aac(6')-Iaj_1_AB709942	ARO:3003677	Perfect
resfinder	aac(6')-Iak_1_AB894482	ARO:3003199	Strict
resfinder	aac(6')-Ian_1_AP014611	ARO:3003200	Perfect
resfinder	aac(6')-Ib-Hangzhou_1_FJ503047	ARO:3002592	Perfect
resfinder	aac(6')-Ib-cr_1_DQ303918	ARO:3002581	Strict
resfinder	aac(6')-Ib-cr_2_EF636461	ARO:3005115	Strict
resfinder	aac(6')-Ib11_1_AY136758	ARO:3002582	Perfect
resfinder	aac(6')-Ib3_1_X60321	ARO:3002581	Strict
resfinder	aac(6')-Ib_1_M21682	ARO:3002581	Strict
resfinder	aac(6')-Ib_2_M23634	ARO:3002581	Strict
resfinder	aac(6')-Ic_1_M94066	ARO:3002549	Perfect
resfinder	aac(6')-If_1_X55353	ARO:3002553	Perfect
resfinder	aac(6')-Ig_1_L09246	ARO:3002554	Perfect
resfinder	aac(6')-Ih_1_L29044	ARO:3002555	Perfect
resfinder	aac(6')-Ih_2_KT778788	ARO:3002555	Strict
resfinder	aac(6')-Ii_1_L12710	ARO:3002556	Perfect
resfinder	aac(6')-Iid_1_AJ584700	ARO:3002589	Perfect
resfinder	aac(6')-Iih_1_AJ584701	ARO:3002590	Perfect
resfinder	aac(6')-Ij_1_L29045	ARO:3002557	Perfect
resfinder	aac(6')-Ik_1_L29510	ARO:3002558	Perfect
resfinder	aac(6')-Il_1_U13880	ARO:3004635	Perfect
resfinder	aac(6')-Im_1_AF337947	ARO:3004629	Perfect
resfinder	aac(6')-Im_2_Z54241	ARO:3002559	Perfect
resfinder	aac(6')-Iq_1_AF047556	ARO:3002560	Strict
resfinder	aac(6')-Ir_1_AF031326	ARO:3002561	Perfect
resfinder	aac(6')-Is_1_AF031327	ARO:3002562	Perfect
resfinder	aac(6')-Isa_1_AB116646	ARO:3002563	Perfect
resfinder	aac(6')-It_1_AF031328	ARO:3002564	Perfect
resfinder	aac(6')-Iu_1_AF031329	ARO:3002565	Perfect
resfinder	aac(6')-Iv_1_AF031330	ARO:3002566	Perfect
resfinder	aac(6')-Iw_1_AF031331	ARO:3002567	Perfect
resfinder	aac(6')-Ix_1_AF031332	ARO:3002568	Perfect
resfinder	aac(6')-Iz_1_AF140221	ARO:3002570	Strict
resfinder	aac(6')-Iz_2_AB971834	ARO:3002570	Strict
resfinder	aac(6')-aph(2'')_1_M13771	ARO:3002597	Perfect
resfinder	aac(6')Ib-cr_3_EF210035	ARO:3002591	Perfect
resfinder	aacA43_1_HQ247816	ARO:3004641	Perfect
resfinder	aadA10_1_U37105	ARO:3004692	Perfect
resfinder	aadA10_2_AM087405	ARO:3002622	Perfect
resfinder	aadA11_1_AY144590	ARO:3002611	Perfect
resfinder	aadA11_2_AJ567827	ARO:3002608	Strict
resfinder	aadA12_1_AY665771	ARO:3002612	Perfect
resfinder	aadA13_1_AY713504	ARO:3002613	Perfect
resfinder	aadA13_2_NC010643	ARO:3002613	Strict
resfinder	aadA14_1_AJ884726	ARO:3002614	Perfect
resfinder	aadA15_1_DQ393783	ARO:3002615	Perfect
resfinder	aadA16_1_EU675686	ARO:3002616	Perfect
resfinder	aadA17_1_FJ460181	ARO:3002617	Perfect
resfinder	aadA1_2_FJ591054	ARO:3002619	Strict
resfinder	aadA1_3_JQ414041	ARO:3002601	Perfect
resfinder	aadA1_4_JQ480156	ARO:3002601	Strict
resfinder	aadA1_5_JX185132	ARO:3002601	Strict
resfinder	aadA1b_1_M95287	ARO:3002601	Strict
resfinder	aadA21_1_AY171244	ARO:3002618	Perfect
resfinder	aadA22_1_AM261837	ARO:3002619	Perfect
resfinder	aadA23_1_AJ809407	ARO:3002619	Strict
resfinder	aadA24_1_AM711129	ARO:3002601	Strict
resfinder	aadA24_1_DQ677333	ARO:3002621	Strict
resfinder	aadA2_1_NC_010870	ARO:3002602	Strict
resfinder	aadA2_2_JQ364967	ARO:3002602	Strict
resfinder	aadA2b_1_D43625	ARO:3002602	Strict
resfinder	aadA3_1_AF047479	ARO:3002603	Perfect
resfinder	aadA4_1_Z50802	ARO:3002604	Strict
resfinder	aadA5_1_AF137361	ARO:3002605	Perfect
resfinder	aadA6_1_AF140629	ARO:3002606	Perfect
resfinder	aadA7_1_AF224733	ARO:3002607	Strict
resfinder	aadA7_2_AB114632	ARO:3002607	Perfect
resfinder	aadA8_1_AF326210	ARO:3002608	Strict
resfinder	aadA8b_1_AY139603	ARO:3002608	Perfect
resfinder	aadA8b_2_AM040708	ARO:3004704	Perfect
resfinder	aadA9_1_AJ420072	ARO:3002609	Strict
resfinder	aadD_1_AF181950	ARO:3002623	Strict
resfinder	aadD_2_M19465	ARO:3002623	Strict
resfinder	aadK_1_M26879	ARO:3002627	Perfect
resfinder	ampH_1_AJ276031	ARO:3004837	Perfect
resfinder	ampH_2_HQ586946	ARO:3008727	Strict
resfinder	ampS_1_X80276	ARO:3008720	Perfect
resfinder	ant(2'')-Ia_10_HM367617	ARO:3000230	Strict
resfinder	ant(2'')-Ia_11_HM367620	ARO:3000230	Strict
resfinder	ant(2'')-Ia_12_HQ880250	ARO:3000230	Strict
resfinder	ant(2'')-Ia_13_DQ176450	ARO:3000230	Strict
resfinder	ant(2'')-Ia_14_DQ266447	ARO:3000230	Strict
resfinder	ant(2'')-Ia_15_EF205594	ARO:3000230	Strict
resfinder	ant(2'')-Ia_16_HQ386848	ARO:3000230	Strict
resfinder	ant(2'')-Ia_17_JTTZ01000034	ARO:3000230	Strict
resfinder	ant(2'')-Ia_19_GQ466184	ARO:3000230	Strict
resfinder	ant(2'')-Ia_1_X04555	ARO:3000230	Perfect
resfinder	ant(2'')-Ia_20_AY139599	ARO:3000230	Strict
resfinder	ant(2'')-Ia_2_JF826500	ARO:3000230	Strict
resfinder	ant(2'')-Ia_3_X74412	ARO:3000230	Strict
resfinder	ant(2'')-Ia_4_AF458082	ARO:3000230	Strict
resfinder	ant(2'')-Ia_5_AY139594	ARO:3000230	Strict
resfinder	ant(2'')-Ia_6_AJ871915	ARO:3000230	Strict
resfinder	ant(2'')-Ia_7_DQ018384	ARO:3000230	Strict
resfinder	ant(2'')-Ia_8_AY920928	ARO:3000230	Strict
resfinder	ant(2'')-Ia_9_HM367610	ARO:3000230	Strict
resfinder	ant(3'')-Ia_1_X02340	ARO:3002601	Strict
resfinder	ant(3'')-Ii-aac(6')-IId_1_AF453998	ARO:3002598	Perfect
resfinder	ant(4')-IIa_1_M98270	ARO:3002624	Perfect
resfinder	ant(4')-IIb_1_AY114142	ARO:3002625	Strict
resfinder	ant(4')-Ib_1_AJ506108	ARO:3003905	Perfect
resfinder	ant(6)-Ia_1_AF330699	ARO:3002628	Strict
resfinder	ant(6)-Ia_2_KF421157	ARO:3002626	Perfect
resfinder	ant(6)-Ia_5_AB247327	ARO:3002628	Strict
resfinder	ant(6)-Ib_1_FN594949	ARO:3002629	Perfect
resfinder	ant(9)-Ia_1_X02588	ARO:3002630	Perfect
resfinder	ant(9)-Ia_2_M69221	ARO:3007401	Strict
resfinder	aph(2'')-Ia_2_AP009486	ARO:3002597	Strict
resfinder	aph(2'')-Ia_3_AJ536195	ARO:3002597	Strict
resfinder	aph(2'')-Ib_1_AF337947	ARO:3002635	Perfect
resfinder	aph(2'')-Ib_2_AF207840	ARO:3002635	Strict
resfinder	aph(2'')-Ib_3_KF652098	ARO:3002635	Strict
resfinder	aph(2'')-Ic_1_U51479	ARO:3002636	Perfect
resfinder	aph(2'')-Id_1_AF016483	ARO:3002637	Perfect
resfinder	aph(2'')-Ie_1_AY743255	ARO:3002634	Perfect
resfinder	aph(2'')-If_1_KF652097	ARO:3004191	Strict
resfinder	aph(2'')-If_2_AY701528	ARO:3004191	Perfect
resfinder	aph(2'')-Ig_1_CP004067	ARO:3002669	Perfect
resfinder	aph(2'')-Ih_1_KF652096	ARO:3004191	Strict
resfinder	aph(3'')-Ia_1_X53527	ARO:3002638	Perfect
resfinder	aph(3'')-Ia_2_AP009493	ARO:3002638	Strict
resfinder	aph(3'')-Ia_3_M37378	ARO:3002638	Strict
resfinder	aph(3'')-Ib_1_M28829	ARO:3002639	Strict
resfinder	aph(3'')-Ib_2_AF024602	ARO:3002639	Strict
resfinder	aph(3'')-Ib_3_AF321550	ARO:3002639	Strict
resfinder	aph(3'')-Ib_4_AF313472	ARO:3002639	Strict
resfinder	aph(3'')-Ib_5_AF321551	ARO:3002639	Strict
resfinder	aph(3'')-Ic_1_DQ336355	ARO:3002640	Strict
resfinder	aph(3')-III_1_M26832	ARO:3002647	Perfect
resfinder	aph(3')-IIIa_1_AF330699	ARO:3002647	Strict
resfinder	aph(3')-IIIa_2_AJ490186	ARO:3002647	Strict
resfinder	aph(3')-IIIa_3_AB247327	ARO:3002647	Strict
resfinder	aph(3')-IIa_1_X57709	ARO:3002644	Strict
resfinder	aph(3')-IIa_2_V00618	ARO:3002644	Perfect
resfinder	aph(3')-IIb_1_X90856	ARO:3002645	Perfect
resfinder	aph(3')-IIb_2_CP006832	ARO:3002645	Strict
resfinder	aph(3')-IV_1_X03364	ARO:3002648	Perfect
resfinder	aph(3')-IX_1_APPN01000061	ARO:3004087	Perfect
resfinder	aph(3')-Ia_10_EU855787	ARO:3002641	Strict
resfinder	aph(3')-Ia_1_V00359	ARO:3002641	Strict
resfinder	aph(3')-Ia_2_EU287476	ARO:3002641	Strict
resfinder	aph(3')-Ia_3_EF015636	ARO:3002641	Strict
resfinder	aph(3')-Ia_4_AF498082	ARO:3002641	Strict
resfinder	aph(3')-Ia_5_AP004237	ARO:3002641	Strict
resfinder	aph(3')-Ia_6_L05392	ARO:3002641	Strict
resfinder	aph(3')-Ia_7_X62115	ARO:3002641	Perfect
resfinder	aph(3')-Ia_8_Y00452	ARO:3002641	Strict
resfinder	aph(3')-Ia_9_EU722351	ARO:3002641	Strict
resfinder	aph(3')-Ib_1_M20305	ARO:3002642	Strict
resfinder	aph(3')-Ib_2_AJ744860	ARO:3002642	Strict
resfinder	aph(3')-VIII_1_ATGI01000028	ARO:3004086	Perfect
resfinder	aph(3')-VIIa_1_M29953	ARO:3002654	Perfect
resfinder	aph(3')-VI_1_KC170992	ARO:3002652	Strict
resfinder	aph(3')-VI_2_APPJ01000012	ARO:3002652	Strict
resfinder	aph(3')-VIa_1_X07753	ARO:3002652	Perfect
resfinder	aph(3')-VIb_1_AJ627643	ARO:3002653	Perfect
resfinder	aph(3')-Va_1_K00432	ARO:3002649	Perfect
resfinder	aph(3')-Va_2_AB211959	ARO:3002649	Strict
resfinder	aph(3')-Vb_1_M22126	ARO:3002650	Perfect
resfinder	aph(3')-Vb_2_AJ744850	ARO:3002650	Strict
resfinder	aph(3')-Vc_1_S81599	ARO:3002651	Perfect
resfinder	aph(3')-XV_1_Y18050	ARO:3004675	Perfect
resfinder	aph(3')-XV_2_GQ626879	ARO:3004675	Strict
resfinder	aph(3')-XV_3_EU165039	ARO:3004675	Strict
resfinder	aph(4)-Ia_1_V01499	ARO:3002655	Perfect
resfinder	aph(6)-Ia_1_AY971801	ARO:3002657	Strict
resfinder	aph(6)-Ia_2_Y00459	ARO:3002657	Perfect
resfinder	aph(6)-Ib_1_X05648	ARO:3002658	Perfect
resfinder	aph(6)-Ic_1_X01702	ARO:3002659	Perfect
resfinder	aph(6)-Id_1_M28829	ARO:3002660	Strict
resfinder	aph(6)-Id_2_AF024602	ARO:3002660	Perfect
resfinder	aph(6)-Id_3_AB109805	ARO:3002660	Strict
resfinder	aph(6)-Id_4_CP000971	ARO:3002660	Strict
resfinder	aph(6)-Id_5_18676889	ARO:3002660	Strict
resfinder	aph(7'')-Ia_1_X03615	ARO:3002661	Strict
resfinder	aph(9)-Ia_1_U94857	ARO:3002662	Perfect
resfinder	aph(9)-Ib_1_U70376	ARO:3002663	Perfect
resfinder	armA_1_AY220558	ARO:3000858	Perfect
resfinder	blaACC-1_1_AJ133121	ARO:3001815	Perfect
resfinder	blaACC-1_2_HG530658	ARO:3006228	Strict
resfinder	blaACC-1a_1_AF180953	ARO:3006228	Perfect
resfinder	blaACC-1b_1_AF180955	ARO:3006229	Perfect
resfinder	blaACC-1c_1_AF180959	ARO:3006230	Perfect
resfinder	blaACC-1d_1_ADCU02000001	ARO:3006231	Perfect
resfinder	blaACC-2_1_AF180952	ARO:3001816	Perfect
resfinder	blaACC-3_1_AF180958	ARO:3001817	Strict
resfinder	blaACC-4_1_GU256641	ARO:3001818	Perfect
resfinder	blaACC-4_1_KM087831	ARO:3006228	Strict
resfinder	blaACC-5_1_HE819401	ARO:3001819	Perfect
resfinder	blaACC-7_1_MG028657	ARO:3006232	Perfect
resfinder	blaACI-1_1_AJ007350	ARO:3004359	Perfect
resfinder	blaACT-10_1_JN848330	ARO:3001832	Perfect
resfinder	blaACT-12_1_JX440355	ARO:3001834	Perfect
resfinder	blaACT-14_1_JX440354	ARO:3001836	Perfect
resfinder	blaACT-15_1_JX440356	ARO:3001837	Perfect
resfinder	blaACT-16_1_AB737978	ARO:3007922	Strict
resfinder	blaACT-1_1_U58495	ARO:3001821	Perfect
resfinder	blaACT-2_1_AM076977	ARO:3001822	Perfect
resfinder	blaACT-3_1_EF125013	ARO:3001823	Perfect
resfinder	blaACT-4_2_AJ311172	ARO:3001829	Strict
resfinder	blaACT-5_1_FJ237369	ARO:3001824	Perfect
resfinder	blaACT-6_1_FJ237366	ARO:3001825	Perfect
resfinder	blaACT-7_1_FJ237368	ARO:3001830	Perfect
resfinder	blaACT-9_1_HQ693810	ARO:3001826	Perfect
resfinder	blaADC-25_1_EF016355	ARO:3003868	Perfect
resfinder	blaAER-1_1_U14748	ARO:3002481	Perfect
resfinder	blaAST-1_1_AF279904	ARO:3004740	Strict
resfinder	blaA_1_DQ424965	ARO:3003558	Strict
resfinder	blaA_2_AY954728	ARO:3003558	Perfect
resfinder	blaB-10_1_AY348325	ARO:3005523	Perfect
resfinder	blaB-11_1_AY348326	ARO:3005524	Perfect
resfinder	blaB-12_1_EF595958	ARO:3005525	Perfect
resfinder	blaB-13_1_EF595959	ARO:3005526	Perfect
resfinder	blaB-14_1_JN635697	ARO:3005527	Perfect
resfinder	blaB-2_1_AF189300	ARO:3005533	Perfect
resfinder	blaB-3_1_AF189301	ARO:3005547	Strict
resfinder	blaB-3_2_AF189299	ARO:3005547	Strict
resfinder	blaB-5_1_AF189303	ARO:3005553	Perfect
resfinder	blaB-6_1_AF189302	ARO:3005554	Strict
resfinder	blaB-7_1_AF189304	ARO:3005555	Perfect
resfinder	blaB-8_1_AF189305	ARO:3005556	Perfect
resfinder	blaB-9_1_AY348324	ARO:3005557	Perfect
resfinder	blaBEL-1_1_DQ089809	ARO:3002385	Perfect
resfinder	blaBEL-2_1_FJ666063	ARO:3002386	Perfect
resfinder	blaBEL-3_1_GQ202694	ARO:3002387	Perfect
resfinder	blaBEL4_1_KX388629	ARO:3006154	Perfect
resfinder	blaBES-1_1_AF234999	ARO:3004751	Perfect
resfinder	blaBIC-1_1_GQ260093	ARO:3004753	Perfect
resfinder	blaBIC-2_1_OR143113	ARO:3008080	Perfect
resfinder	blaBIL-1_1_X74512	ARO:3004755	Perfect
resfinder	blaBIM-1_1_CP016446	ARO:3004201	Manual
resfinder	blaBKC-1_1_KP689347	ARO:3004757	Manual
resfinder	blaBKC_1_KP689347	ARO:3004757	Perfect
resfinder	blaBRO-1_1_Z54180	ARO:3004761	Strict
resfinder	blaBRO-2_1_Z54181	ARO:3004762	Perfect
resfinder	blaCARB-10_1_EU850412	ARO:3002249	Perfect
resfinder	blaCARB-11_1_AY008290	ARO:3005559	Perfect
resfinder	blaCARB-12_1_D13210	ARO:3002250	Perfect
resfinder	blaCARB-14_1_JQ364968	ARO:3002252	Perfect
resfinder	blaCARB-16_1_HF953351	ARO:3002255	Perfect
resfinder	blaCARB-17_1_KJ934265	ARO:3002254	Perfect
resfinder	blaCARB-18_1_KJ934266	ARO:3003174	Perfect
resfinder	blaCARB-19_1_KJ934267	ARO:3003175	Perfect
resfinder	blaCARB-1_1_AF313471	ARO:3002240	Perfect
resfinder	blaCARB-20_1_NG_054946	ARO:3003150	Perfect
resfinder	blaCARB-21_1_NG_048724	ARO:3003176	Strict
resfinder	blaCARB-22_1_JYNG01000059	ARO:3003151	Perfect
resfinder	blaCARB-23_1_NG_048726	ARO:3003186	Strict
resfinder	blaCARB-24_1_BK008907	ARO:3005560	Perfect
resfinder	blaCARB-25_1_BK008888	ARO:3005561	Perfect
resfinder	blaCARB-26_1_BK008904	ARO:3005562	Perfect
resfinder	blaCARB-27_1_NG_048730	ARO:3005563	Perfect
resfinder	blaCARB-28_1_BK008906	ARO:3005564	Perfect
resfinder	blaCARB-29_1_BK008905	ARO:3005565	Perfect
resfinder	blaCARB-2_1_M69058	ARO:3002241	Perfect
resfinder	blaCARB-30_1_NG_048734	ARO:3005566	Perfect
resfinder	blaCARB-31_1_NG_048735	ARO:3005567	Perfect
resfinder	blaCARB-32_1_NG_048736	ARO:3005568	Perfect
resfinder	blaCARB-33_1_BK008903	ARO:3005569	Perfect
resfinder	blaCARB-34_1_NG_048738	ARO:3005570	Perfect
resfinder	blaCARB-35_1_BK008900	ARO:3005571	Perfect
resfinder	blaCARB-36_1_LHBD01000022	ARO:3005572	Perfect
resfinder	blaCARB-38_1_BK008898	ARO:3005573	Perfect
resfinder	blaCARB-3_1_S46063	ARO:3002242	Strict
resfinder	blaCARB-40_1_BK008889	ARO:3005574	Perfect
resfinder	blaCARB-41_1_BK008890	ARO:3005575	Perfect
resfinder	blaCARB-42_1_NG_048745	ARO:3005576	Perfect
resfinder	blaCARB-43_1_NG_048746	ARO:3005577	Perfect
resfinder	blaCARB-44_1_JTGS01000066	ARO:3005578	Perfect
resfinder	blaCARB-45_1_JTGR01000061	ARO:3005579	Perfect
resfinder	blaCARB-46_1_NG_048749	ARO:3005580	Perfect
resfinder	blaCARB-47_1_NG050564	ARO:3005581	Perfect
resfinder	blaCARB-48_1_NG050604	ARO:3005582	Perfect
resfinder	blaCARB-49_1_KX599396	ARO:3005583	Perfect
resfinder	blaCARB-4_1_U14749	ARO:3002243	Perfect
resfinder	blaCARB-50_1_NG_052478	ARO:3005589	Perfect
resfinder	blaCARB-5_1_AF135373	ARO:3002244	Perfect
resfinder	blaCARB-6_1_AF030945	ARO:3002245	Perfect
resfinder	blaCARB-7_1_AF409092	ARO:3002246	Perfect
resfinder	blaCARB-8_1_AY178993	ARO:3002247	Perfect
resfinder	blaCARB-9_1_AY248038	ARO:3002248	Perfect
resfinder	blaCEPH-A3_1_AY112998	ARO:3003093	Perfect
resfinder	blaCFE-1_1_AB107899	ARO:3001856	Perfect
resfinder	blaCGB-1_1_EF672680	ARO:3000841	Perfect
resfinder	blaCKO-1_1_AF477396	ARO:3004773	Perfect
resfinder	blaCME-1_1_AJ006275	ARO:3004775	Perfect
resfinder	blaCMG_1_AY265892	ARO:3007894	Perfect
resfinder	blaCMH-3_1_KX192165	ARO:3006855	Perfect
resfinder	blaCMY-100_1_KF526113	ARO:3002112	Perfect
resfinder	blaCMY-101_1_KF526114	ARO:3002113	Perfect
resfinder	blaCMY-102_1_KF526115	ARO:3002114	Perfect
resfinder	blaCMY-103_1_KF526116	ARO:3002115	Perfect
resfinder	blaCMY-104_1_KF150216	ARO:3002116	Perfect
resfinder	blaCMY-105_1_KJ207205	ARO:3002117	Perfect
resfinder	blaCMY-106_1_KM983294	ARO:3002118	Perfect
resfinder	blaCMY-107_1_GQ162215	ARO:3002119	Perfect
resfinder	blaCMY-108_1_KF564648	ARO:3002120	Perfect
resfinder	blaCMY-109_1_AJ746169	ARO:3002121	Perfect
resfinder	blaCMY-10_1_AF381615	ARO:3002021	Perfect
resfinder	blaCMY-110_1_AB872957	ARO:3002071	Perfect
resfinder	blaCMY-111_1_KJ155695	ARO:3002122	Perfect
resfinder	blaCMY-112_1_KM087837	ARO:3002123	Perfect
resfinder	blaCMY-113_1_KM087836	ARO:3002124	Perfect
resfinder	blaCMY-114_1_KM087846	ARO:3002125	Perfect
resfinder	blaCMY-115_1_KM087839	ARO:3002126	Perfect
resfinder	blaCMY-116_1_KM087840	ARO:3002127	Perfect
resfinder	blaCMY-117_1_KM087844	ARO:3002128	Perfect
resfinder	blaCMY-118_1_KM087838	ARO:3002129	Perfect
resfinder	blaCMY-119_1_KM087845	ARO:3002130	Perfect
resfinder	blaCMY-11_1_AF357599	ARO:3002022	Perfect
resfinder	blaCMY-121_1_KM507172	ARO:3003129	Perfect
resfinder	blaCMY-122_1_KM985460	ARO:3003130	Perfect
resfinder	blaCMY-124_1_KM985462	ARO:3003132	Perfect
resfinder	blaCMY-125_1_KM985463	ARO:3003133	Perfect
resfinder	blaCMY-127_1_KM985465	ARO:3003135	Perfect
resfinder	blaCMY-128_1_KM985466	ARO:3003136	Perfect
resfinder	blaCMY-129_1_KM985467	ARO:3003137	Perfect
resfinder	blaCMY-12_1_Y16785	ARO:3002023	Perfect
resfinder	blaCMY-130_1_KP207589	ARO:3003138	Perfect
resfinder	blaCMY-131_1_KP281294	ARO:3003170	Perfect
resfinder	blaCMY-132_1_KP862820	ARO:3003652	Perfect
resfinder	blaCMY-133_1_KP862819	ARO:3003653	Perfect
resfinder	blaCMY-134_1_KP860987	ARO:3003654	Perfect
resfinder	blaCMY-135_1_KP981366	ARO:3004778	Perfect
resfinder	blaCMY-138_1_KT997883	ARO:3005220	Perfect
resfinder	blaCMY-139_1_KU641016	ARO:3005191	Perfect
resfinder	blaCMY-13_1_AY339625	ARO:3002024	Perfect
resfinder	blaCMY-140_1_KX354367	ARO:3005185	Perfect
resfinder	blaCMY-141_1_KX537750	ARO:3005196	Perfect
resfinder	blaCMY-142_1_KX881969	ARO:3005195	Perfect
resfinder	blaCMY-143_1_KY009534	ARO:3005204	Perfect
resfinder	blaCMY-144_1_KY066478	ARO:3005219	Perfect
resfinder	blaCMY-145_1_KX470426	ARO:3005197	Perfect
resfinder	blaCMY-146_1_KX034085	ARO:3005181	Perfect
resfinder	blaCMY-147_1_KY563765	ARO:3005180	Perfect
resfinder	blaCMY-148_1_KY624573	ARO:3005192	Perfect
resfinder	blaCMY-149_1_KY624574	ARO:3005190	Perfect
resfinder	blaCMY-14_1_AJ555825	ARO:3002025	Perfect
resfinder	blaCMY-150_1_QCWX01000028	ARO:3005016	Perfect
resfinder	blaCMY-151_1_KY780116	ARO:3005217	Perfect
resfinder	blaCMY-152_1_KY978224	ARO:3005216	Perfect
resfinder	blaCMY-153_1_MF042206	ARO:3005218	Perfect
resfinder	blaCMY-154_1_MF196231	ARO:3005194	Perfect
resfinder	blaCMY-155_1_KR261698	ARO:3005200	Perfect
resfinder	blaCMY-156_1_MF770636	ARO:3005182	Perfect
resfinder	blaCMY-15_1_AJ555823	ARO:3002026	Perfect
resfinder	blaCMY-16_1_AJ781421	ARO:3002027	Perfect
resfinder	blaCMY-17_1_AY513266	ARO:3002028	Perfect
resfinder	blaCMY-18_1_AY743434	ARO:3002029	Perfect
resfinder	blaCMY-19_1_AB194410	ARO:3002030	Perfect
resfinder	blaCMY-1_1_X92508	ARO:3002012	Perfect
resfinder	blaCMY-20_1_AY960293	ARO:3002031	Perfect
resfinder	blaCMY-21_1_DQ139328	ARO:3002032	Perfect
resfinder	blaCMY-22_1_DQ256079	ARO:3002033	Perfect
resfinder	blaCMY-23_1_DQ438952	ARO:3002034	Perfect
resfinder	blaCMY-24_1_EF415650	ARO:3002035	Perfect
resfinder	blaCMY-25_1_EU515249	ARO:3002036	Perfect
resfinder	blaCMY-26_1_AB300358	ARO:3002037	Perfect
resfinder	blaCMY-27_1_EU515250	ARO:3002038	Perfect
resfinder	blaCMY-28_1_EF561644	ARO:3002039	Perfect
resfinder	blaCMY-29_1_EF685371	ARO:3002040	Perfect
resfinder	blaCMY-2_1_X91840	ARO:3002013	Perfect
resfinder	blaCMY-2b_1_U77414	ARO:3002013	Strict
resfinder	blaCMY-30_1_LMYO01000054	ARO:3002041	Perfect
resfinder	blaCMY-31_1_EF622224	ARO:3002042	Perfect
resfinder	blaCMY-32_1_EU496815	ARO:3002043	Perfect
resfinder	blaCMY-33_1_EU496816	ARO:3002044	Perfect
resfinder	blaCMY-34_1_EF394370	ARO:3002045	Perfect
resfinder	blaCMY-35_1_EF394371	ARO:3002046	Perfect
resfinder	blaCMY-36_1_EU331426	ARO:3002047	Perfect
resfinder	blaCMY-37_1_AB280919	ARO:3002048	Perfect
resfinder	blaCMY-38_1_AM931008	ARO:3002049	Perfect
resfinder	blaCMY-39_1_AB372224	ARO:3002050	Perfect
resfinder	blaCMY-40_1_EU515251	ARO:3002051	Perfect
resfinder	blaCMY-41_1_AB429270	ARO:3002052	Perfect
resfinder	blaCMY-42_1_HM146927	ARO:3002053	Perfect
resfinder	blaCMY-43_1_FJ360626	ARO:3002054	Perfect
resfinder	blaCMY-44_1_FJ437066	ARO:3002055	Perfect
resfinder	blaCMY-45_1_FN546177	ARO:3002056	Perfect
resfinder	blaCMY-46_1_FN556186	ARO:3002057	Perfect
resfinder	blaCMY-47_1_HM046998	ARO:3002058	Perfect
resfinder	blaCMY-48_1_HM569226	ARO:3002059	Perfect
resfinder	blaCMY-49_1_GQ402541	ARO:3002060	Perfect
resfinder	blaCMY-4_1_LNHZ01000079	ARO:3002015	Perfect
resfinder	blaCMY-50_1_FN645444	ARO:3002061	Perfect
resfinder	blaCMY-51_1_JQ733571	ARO:3002062	Perfect
resfinder	blaCMY-53_1_HQ336940	ARO:3002064	Perfect
resfinder	blaCMY-54_1_HM544039	ARO:3002065	Perfect
resfinder	blaCMY-55_1_HM544040	ARO:3002066	Perfect
resfinder	blaCMY-56_1_HQ322613	ARO:3002067	Perfect
resfinder	blaCMY-57_1_HQ285243	ARO:3002068	Perfect
resfinder	blaCMY-58_1_HQ185697	ARO:3002072	Perfect
resfinder	blaCMY-59_1_NG_048854	ARO:3002069	Strict
resfinder	blaCMY-5_1_Y17716	ARO:3002016	Perfect
resfinder	blaCMY-60_1_JF460794	ARO:3002073	Perfect
resfinder	blaCMY-61_1_JF460795	ARO:3002074	Perfect
resfinder	blaCMY-62_1_JF460796	ARO:3002075	Perfect
resfinder	blaCMY-63_1_HQ650104	ARO:3002076	Perfect
resfinder	blaCMY-64_1_HQ832678	ARO:3002077	Perfect
resfinder	blaCMY-65_1_JF780936	ARO:3002078	Perfect
resfinder	blaCMY-66_1_JN714478	ARO:3002079	Perfect
resfinder	blaCMY-67_1_JQ711185	ARO:3002080	Perfect
resfinder	blaCMY-68_1_JN714480	ARO:3002081	Perfect
resfinder	blaCMY-69_1_JX049132	ARO:3002082	Perfect
resfinder	blaCMY-6_1_AJ011293	ARO:3002017	Perfect
resfinder	blaCMY-70_1_JX440350	ARO:3002083	Perfect
resfinder	blaCMY-71_1_JQ711184	ARO:3002084	Perfect
resfinder	blaCMY-72_1_JX440352	ARO:3002085	Perfect
resfinder	blaCMY-73_1_GQ351345	ARO:3002086	Perfect
resfinder	blaCMY-74_1_JX440349	ARO:3002087	Perfect
resfinder	blaCMY-75_1_JQ733572	ARO:3002088	Perfect
resfinder	blaCMY-76_1_JQ733573	ARO:3002089	Perfect
resfinder	blaCMY-77_1_JX440353	ARO:3002090	Perfect
resfinder	blaCMY-78_1_JQ733575	ARO:3002091	Perfect
resfinder	blaCMY-79_1_JQ733576	ARO:3002092	Perfect
resfinder	blaCMY-7_1_DQ173300	ARO:3002018	Perfect
resfinder	blaCMY-80_1_JQ733577	ARO:3002093	Perfect
resfinder	blaCMY-81_1_JQ733578	ARO:3002094	Perfect
resfinder	blaCMY-82_1_KJ207203	ARO:3002095	Perfect
resfinder	blaCMY-83_1_JX440351	ARO:3002096	Perfect
resfinder	blaCMY-84_1_JQ733579	ARO:3002097	Perfect
resfinder	blaCMY-85_1_KJ207202	ARO:3002098	Perfect
resfinder	blaCMY-86_1_KJ207204	ARO:3002099	Perfect
resfinder	blaCMY-87_1_AB699171	ARO:3002100	Perfect
resfinder	blaCMY-89_1_HE819403	ARO:3002102	Perfect
resfinder	blaCMY-8_1_AB201268	ARO:3002019	Perfect
resfinder	blaCMY-8b_1_DQ094251	ARO:3006464	Perfect
resfinder	blaCMY-90_1_HE819404	ARO:3002103	Perfect
resfinder	blaCMY-93_1_KF992025	ARO:3002106	Perfect
resfinder	blaCMY-94_1_JX514368	ARO:3002107	Perfect
resfinder	blaCMY-95_1_JX514369	ARO:3002108	Perfect
resfinder	blaCMY-96_1_KC007362	ARO:3002109	Perfect
resfinder	blaCMY-97_1_KC007363	ARO:3002110	Perfect
resfinder	blaCMY-98_1_KC603538	ARO:3002111	Perfect
resfinder	blaCMY-99_1_KF305673	ARO:3002070	Perfect
resfinder	blaCMY-9_1_AB061794	ARO:3002020	Perfect
resfinder	blaCTX-M-100_1_FR682582	ARO:3001959	Perfect
resfinder	blaCTX-M-101_1_HQ398214	ARO:3001960	Perfect
resfinder	blaCTX-M-102_1_HQ398215	ARO:3001961	Perfect
resfinder	blaCTX-M-103_1_HG423149	ARO:3001962	Perfect
resfinder	blaCTX-M-104_1_HQ833652	ARO:3001963	Perfect
resfinder	blaCTX-M-105_1_HQ833651	ARO:3001965	Perfect
resfinder	blaCTX-M-10_1_AY598759	ARO:3001873	Perfect
resfinder	blaCTX-M-110_1_JF274242	ARO:3001970	Perfect
resfinder	blaCTX-M-111_1_JF274243	ARO:3001971	Perfect
resfinder	blaCTX-M-112_1_JF274246	ARO:3001972	Perfect
resfinder	blaCTX-M-113_1_JF274247	ARO:3001973	Perfect
resfinder	blaCTX-M-114_1_GQ351346	ARO:3001974	Perfect
resfinder	blaCTX-M-116_1_JF966749	ARO:3001976	Perfect
resfinder	blaCTX-M-117_1_JN227085	ARO:3001977	Perfect
resfinder	blaCTX-M-121_1_JN790862	ARO:3001980	Perfect
resfinder	blaCTX-M-122_1_JN790863	ARO:3001981	Perfect
resfinder	blaCTX-M-123_1_JN790864	ARO:3001982	Perfect
resfinder	blaCTX-M-124_1_JQ429324	ARO:3001983	Perfect
resfinder	blaCTX-M-125_1_JQ724542	ARO:3001984	Perfect
resfinder	blaCTX-M-126_1_AB703103	ARO:3001985	Perfect
resfinder	blaCTX-M-127_1_MF196229	ARO:3001986	Perfect
resfinder	blaCTX-M-129_1_JX017364	ARO:3001988	Perfect
resfinder	blaCTX-M-12_1_DQ821704	ARO:3001875	Perfect
resfinder	blaCTX-M-130_1_JX017365	ARO:3001989	Perfect
resfinder	blaCTX-M-131_1_JN969893	ARO:3001990	Strict
resfinder	blaCTX-M-132_1_JX313020	ARO:3001991	Perfect
resfinder	blaCTX-M-134_1_JX896165	ARO:3001992	Perfect
resfinder	blaCTX-M-136_1_KC351754	ARO:3001995	Perfect
resfinder	blaCTX-M-137_1_KF790923	ARO:3001994	Perfect
resfinder	blaCTX-M-138_1_KF526119	ARO:3001996	Perfect
resfinder	blaCTX-M-139_1_KC107824	ARO:3001997	Perfect
resfinder	blaCTX-M-13_2_AF252623	ARO:3001876	Perfect
resfinder	blaCTX-M-141_1_KC964871	ARO:3001999	Perfect
resfinder	blaCTX-M-142_1_KF240809	ARO:3002000	Perfect
resfinder	blaCTX-M-144_1_KJ020573	ARO:3002002	Perfect
resfinder	blaCTX-M-146_1_KY938173	ARO:3002004	Perfect
resfinder	blaCTX-M-147_1_KF513180	ARO:3002005	Perfect
resfinder	blaCTX-M-148_1_KJ020574	ARO:3002006	Perfect
resfinder	blaCTX-M-14_1_AF252622	ARO:3001877	Perfect
resfinder	blaCTX-M-14b_1_DQ359215	ARO:3001877	Perfect
resfinder	blaCTX-M-150_1_KF769131	ARO:3002007	Perfect
resfinder	blaCTX-M-151_1_AB916359	ARO:3002008	Perfect
resfinder	blaCTX-M-155_1_KM211508	ARO:3003163	Perfect
resfinder	blaCTX-M-156_1_KM211509	ARO:3003164	Perfect
resfinder	blaCTX-M-157_1_KM211510	ARO:3003165	Perfect
resfinder	blaCTX-M-158_1_KM211691	ARO:3003166	Perfect
resfinder	blaCTX-M-159_1_AB976602	ARO:3003167	Perfect
resfinder	blaCTX-M-15_1_AY044436	ARO:3001878	Perfect
resfinder	blaCTX-M-160_1_KP050493	ARO:3003168	Perfect
resfinder	blaCTX-M-161_1_KP128034	ARO:3003169	Perfect
resfinder	blaCTX-M-162_1_KP681697	ARO:3003646	Perfect
resfinder	blaCTX-M-163_1_KP681698	ARO:3003647	Perfect
resfinder	blaCTX-M-164_1_KP727571	ARO:3003648	Perfect
resfinder	blaCTX-M-165_1_KP727572	ARO:3003649	Perfect
resfinder	blaCTX-M-166_1_KU978909	ARO:3003650	Perfect
resfinder	blaCTX-M-167_1_KR537428	ARO:3005590	Perfect
resfinder	blaCTX-M-168_1_KR537429	ARO:3005591	Perfect
resfinder	blaCTX-M-169_1_KR779864	ARO:3005592	Perfect
resfinder	blaCTX-M-16_1_AY029068	ARO:3001879	Perfect
resfinder	blaCTX-M-170_1_KR822223	ARO:3005593	Perfect
resfinder	blaCTX-M-171_1_KT277545	ARO:3005594	Perfect
resfinder	blaCTX-M-172_1_KT251041	ARO:3005595	Perfect
resfinder	blaCTX-M-173_1_KT997884	ARO:3005596	Perfect
resfinder	blaCTX-M-174_1_KT997886	ARO:3005597	Perfect
resfinder	blaCTX-M-175_1_KT997887	ARO:3005598	Perfect
resfinder	blaCTX-M-176_1_KT997888	ARO:3005599	Perfect
resfinder	blaCTX-M-177_1_KT997889	ARO:3005600	Perfect
resfinder	blaCTX-M-179_1_KU705393	ARO:3005602	Perfect
resfinder	blaCTX-M-17_1_AY033516	ARO:3001880	Perfect
resfinder	blaCTX-M-180_1_KX056899	ARO:3005603	Perfect
resfinder	blaCTX-M-181_1_KX056900	ARO:3005604	Perfect
resfinder	blaCTX-M-182_1_KX056901	ARO:3005605	Perfect
resfinder	blaCTX-M-183_1_KX263246	ARO:3005606	Perfect
resfinder	blaCTX-M-184_1_KX263247	ARO:3005607	Perfect
resfinder	blaCTX-M-186_1_KX446939	ARO:3005609	Perfect
resfinder	blaCTX-M-188_1_KX676491	ARO:3005611	Perfect
resfinder	blaCTX-M-189_1_FJ657512	ARO:3005612	Perfect
resfinder	blaCTX-M-190_1_KX664469	ARO:3005613	Perfect
resfinder	blaCTX-M-191_1_KY271097	ARO:3005614	Perfect
resfinder	blaCTX-M-192_1_KY271098	ARO:3005615	Perfect
resfinder	blaCTX-M-193_1_KY563766	ARO:3005616	Perfect
resfinder	blaCTX-M-194_1_KY563767	ARO:3005617	Perfect
resfinder	blaCTX-M-195_1_KY563768	ARO:3005618	Perfect
resfinder	blaCTX-M-196_1_KY563769	ARO:3005619	Perfect
resfinder	blaCTX-M-197_1_KY646303	ARO:3005620	Perfect
resfinder	blaCTX-M-198_1_KY646304	ARO:3005621	Perfect
resfinder	blaCTX-M-199_1_KY786032	ARO:3005622	Perfect
resfinder	blaCTX-M-19_1_AF325134	ARO:3001881	Perfect
resfinder	blaCTX-M-1_1_DQ915955	ARO:3001864	Perfect
resfinder	blaCTX-M-200_1_KY997188	ARO:3005623	Perfect
resfinder	blaCTX-M-201_1_KY997189	ARO:3005624	Perfect
resfinder	blaCTX-M-202_1_MF195067	ARO:3005625	Perfect
resfinder	blaCTX-M-203_1_MF196230	ARO:3005626	Perfect
resfinder	blaCTX-M-204_1_MF281085	ARO:3005627	Perfect
resfinder	blaCTX-M-206_1_KJ802520	ARO:3005629	Perfect
resfinder	blaCTX-M-207_1_LC348384	ARO:3005630	Perfect
resfinder	blaCTX-M-208_1_MH067958	ARO:3005631	Perfect
resfinder	blaCTX-M-209_1_MH067959	ARO:3005632	Perfect
resfinder	blaCTX-M-20_1_AJ416344	ARO:3001882	Perfect
resfinder	blaCTX-M-210_1_MH067960	ARO:3005633	Perfect
resfinder	blaCTX-M-211_1_MH067961	ARO:3005634	Perfect
resfinder	blaCTX-M-212_1_MH067962	ARO:3005635	Perfect
resfinder	blaCTX-M-213_1_MH094805	ARO:3005636	Perfect
resfinder	blaCTX-M-214_1_MH121688	ARO:3005637	Perfect
resfinder	blaCTX-M-216_1_MH243352	ARO:3005639	Perfect
resfinder	blaCTX-M-217_1_MH243354	ARO:3005640	Perfect
resfinder	blaCTX-M-218_1_MH243358	ARO:3005641	Perfect
resfinder	blaCTX-M-219_1_CP019080	ARO:3005642	Perfect
resfinder	blaCTX-M-21_1_AJ416346	ARO:3001883	Perfect
resfinder	blaCTX-M-220_1_MH450163	ARO:3005643	Perfect
resfinder	blaCTX-M-22_1_AY080894	ARO:3001884	Perfect
resfinder	blaCTX-M-23_1_AF488377	ARO:3001885	Perfect
resfinder	blaCTX-M-24_1_EF374096	ARO:3001886	Perfect
resfinder	blaCTX-M-25_1_AF518567	ARO:3001887	Perfect
resfinder	blaCTX-M-26_1_AY157676	ARO:3001888	Perfect
resfinder	blaCTX-M-27_1_AY156923	ARO:3001889	Perfect
resfinder	blaCTX-M-28_6_AJ549244	ARO:3001890	Perfect
resfinder	blaCTX-M-29_1_AY267213	ARO:3001891	Perfect
resfinder	blaCTX-M-2_1_AB176535	ARO:3001865	Perfect
resfinder	blaCTX-M-30_1_AY292654	ARO:3001892	Perfect
resfinder	blaCTX-M-31_1_AJ567481	ARO:3001893	Perfect
resfinder	blaCTX-M-32_2_AJ557142	ARO:3001894	Perfect
resfinder	blaCTX-M-33_1_AY238472	ARO:3001895	Perfect
resfinder	blaCTX-M-34_1_AY515297	ARO:3001896	Perfect
resfinder	blaCTX-M-35_1_AB176532	ARO:3001897	Perfect
resfinder	blaCTX-M-36_1_AB177384	ARO:3001898	Perfect
resfinder	blaCTX-M-37_1_AY649755	ARO:3001899	Perfect
resfinder	blaCTX-M-38_1_AY822595	ARO:3001900	Perfect
resfinder	blaCTX-M-39_1_AY954516	ARO:3001901	Perfect
resfinder	blaCTX-M-3_1_Y10278	ARO:3001866	Perfect
resfinder	blaCTX-M-40_1_AY750914	ARO:3001902	Perfect
resfinder	blaCTX-M-41_1_DQ023162	ARO:3001903	Perfect
resfinder	blaCTX-M-42_1_DQ061159	ARO:3001904	Perfect
resfinder	blaCTX-M-43_1_DQ102702	ARO:3001905	Perfect
resfinder	blaCTX-M-44_1_D37830	ARO:3001906	Perfect
resfinder	blaCTX-M-46_1_AY847147	ARO:3001908	Perfect
resfinder	blaCTX-M-47_1_AY847143	ARO:3001909	Perfect
resfinder	blaCTX-M-48_1_AY847144	ARO:3001910	Perfect
resfinder	blaCTX-M-49_1_AY847145	ARO:3001911	Perfect
resfinder	blaCTX-M-4_1_Y14156	ARO:3001867	Perfect
resfinder	blaCTX-M-50_1_AY847146	ARO:3001912	Perfect
resfinder	blaCTX-M-51_1_DQ211987	ARO:3001913	Perfect
resfinder	blaCTX-M-52_1_DQ223685	ARO:3001914	Perfect
resfinder	blaCTX-M-53_1_DQ268764	ARO:3001915	Perfect
resfinder	blaCTX-M-54_1_DQ303459	ARO:3001916	Perfect
resfinder	blaCTX-M-55_1_DQ810789	ARO:3001917	Perfect
resfinder	blaCTX-M-56_1_EF374097	ARO:3001918	Perfect
resfinder	blaCTX-M-58_1_EF210159	ARO:3001919	Perfect
resfinder	blaCTX-M-59_1_DQ408762	ARO:3001920	Perfect
resfinder	blaCTX-M-5_1_U95364	ARO:3001868	Perfect
resfinder	blaCTX-M-60_1_AM411407	ARO:3001921	Perfect
resfinder	blaCTX-M-61_1_EF219142	ARO:3001922	Perfect
resfinder	blaCTX-M-62_1_EF219134	ARO:3001923	Perfect
resfinder	blaCTX-M-63_1_AB205197	ARO:3001924	Perfect
resfinder	blaCTX-M-64_1_AB284167	ARO:3001925	Perfect
resfinder	blaCTX-M-65_1_EF418608	ARO:3001926	Perfect
resfinder	blaCTX-M-66_1_EF576988	ARO:3001927	Perfect
resfinder	blaCTX-M-67_1_EF581888	ARO:3001928	Perfect
resfinder	blaCTX-M-68_1_EU177100	ARO:3001929	Perfect
resfinder	blaCTX-M-69_1_EU402393	ARO:3001930	Perfect
resfinder	blaCTX-M-6_1_AJ005044	ARO:3001869	Perfect
resfinder	blaCTX-M-71_1_FJ815436	ARO:3001932	Perfect
resfinder	blaCTX-M-72_1_AY847148	ARO:3001933	Perfect
resfinder	blaCTX-M-73_1_DQ343292	ARO:3001934	Perfect
resfinder	blaCTX-M-74_1_GQ149243	ARO:3001935	Perfect
resfinder	blaCTX-M-75_1_GQ149244	ARO:3001936	Perfect
resfinder	blaCTX-M-76_1_AM982520	ARO:3001937	Perfect
resfinder	blaCTX-M-77_1_AM982521	ARO:3001938	Perfect
resfinder	blaCTX-M-78_1_AM982522	ARO:3001939	Perfect
resfinder	blaCTX-M-79_1_EF426798	ARO:3001940	Perfect
resfinder	blaCTX-M-7_1_AJ005045	ARO:3001870	Perfect
resfinder	blaCTX-M-80_1_EU202673	ARO:3001941	Perfect
resfinder	blaCTX-M-81_1_EU136031	ARO:3001942	Perfect
resfinder	blaCTX-M-82_1_DQ256091	ARO:3001943	Perfect
resfinder	blaCTX-M-83_1_FJ214366	ARO:3001944	Perfect
resfinder	blaCTX-M-84_1_FJ214367	ARO:3001945	Perfect
resfinder	blaCTX-M-85_1_FJ214368	ARO:3002495	Perfect
resfinder	blaCTX-M-86_1_FJ214369	ARO:3001946	Perfect
resfinder	blaCTX-M-87_1_EU545409	ARO:3001947	Perfect
resfinder	blaCTX-M-88_1_FJ873739	ARO:3001948	Perfect
resfinder	blaCTX-M-89_1_FJ971899	ARO:3001949	Perfect
resfinder	blaCTX-M-8_1_AF189721	ARO:3001871	Perfect
resfinder	blaCTX-M-90_1_FJ907381	ARO:3001950	Perfect
resfinder	blaCTX-M-91_1_GQ870432	ARO:3001951	Perfect
resfinder	blaCTX-M-92_1_GU127598	ARO:3001952	Perfect
resfinder	blaCTX-M-93_1_HQ166709	ARO:3001953	Perfect
resfinder	blaCTX-M-94_1_HM167760	ARO:3001954	Perfect
resfinder	blaCTX-M-95_1_FN813245	ARO:3001955	Perfect
resfinder	blaCTX-M-96_1_AJ704396	ARO:3001956	Perfect
resfinder	blaCTX-M-97_1_HM776707	ARO:3005667	Perfect
resfinder	blaCTX-M-98_1_HM755448	ARO:3001957	Perfect
resfinder	blaCTX-M-99_1_HM803271	ARO:3001958	Perfect
resfinder	blaCTX-M-9_1_AF174129	ARO:3001872	Perfect
resfinder	blaDES-1_1_AF426161	ARO:3004780	Perfect
resfinder	blaDHA-10_1_KP050490	ARO:3002141	Perfect
resfinder	blaDHA-12_1_HG798963	ARO:3002143	Perfect
resfinder	blaDHA-13_1_KM087855	ARO:3002144	Perfect
resfinder	blaDHA-14_1_DQ478687	ARO:3002145	Perfect
resfinder	blaDHA-15_1_KM087853	ARO:3002146	Perfect
resfinder	blaDHA-16_1_KM087852	ARO:3002147	Perfect
resfinder	blaDHA-17_1_KM087850	ARO:3002148	Perfect
resfinder	blaDHA-18_1_KM087841	ARO:3002149	Perfect
resfinder	blaDHA-19_1_KM087849	ARO:3002150	Perfect
resfinder	blaDHA-1_1_Y16410	ARO:3002132	Perfect
resfinder	blaDHA-20_1_KM087848	ARO:3002151	Perfect
resfinder	blaDHA-21_1_KM087847	ARO:3002152	Perfect
resfinder	blaDHA-22_1_KM087856	ARO:3002153	Perfect
resfinder	blaDHA-23_1_KX068223	ARO:3002154	Perfect
resfinder	blaDHA-24_1_KU759569	ARO:3006465	Perfect
resfinder	blaDHA-25_1_KY563770	ARO:3006466	Perfect
resfinder	blaDHA-26_1_MH067966	ARO:3006467	Perfect
resfinder	blaDHA-27_1_MH067965	ARO:3006468	Perfect
resfinder	blaDHA-2_1_AF259520	ARO:3002133	Perfect
resfinder	blaDHA-3_1_AY494945	ARO:3002134	Perfect
resfinder	blaDHA-4_1_CP026046	ARO:3002137	Perfect
resfinder	blaDHA-5_1_JF273491	ARO:3002138	Perfect
resfinder	blaDHA-6_1_HQ322612	ARO:3002135	Perfect
resfinder	blaDHA-7_1_HQ456945	ARO:3002136	Perfect
resfinder	blaDHA-9_1_KJ207201	ARO:3002140	Perfect
resfinder	blaDIM-1_1_GU323019	ARO:3000848	Perfect
resfinder	blaEBR-1_1_AF416700	ARO:3000842	Perfect
resfinder	blaERP-1_1_AY077733	ARO:3004782	Perfect
resfinder	blaFAR-1_1_AF024601	ARO:3004784	Perfect
resfinder	blaFONA-1_1_AJ251239	ARO:3004788	Perfect
resfinder	blaFONA-2_1_AJ251240	ARO:3004789	Perfect
resfinder	blaFONA-3_1_AJ251241	ARO:3004790	Perfect
resfinder	blaFONA-4_1_AJ251242	ARO:3004791	Perfect
resfinder	blaFONA-5_1_AJ251243	ARO:3004792	Perfect
resfinder	blaFONA-6_1_AJ251244	ARO:3004793	Perfect
resfinder	blaFOX-10_1_JX049131	ARO:3002162	Perfect
resfinder	blaFOX-1_1_X77455	ARO:3002155	Perfect
resfinder	blaFOX-2_1_Y10282	ARO:3002156	Perfect
resfinder	blaFOX-3_1_Y11068	ARO:3002157	Perfect
resfinder	blaFOX-4_1_AJ277535	ARO:3002158	Perfect
resfinder	blaFOX-5_1_AY007369	ARO:3002159	Perfect
resfinder	blaFOX-6_1_AY034848	ARO:3002159	Perfect
resfinder	blaFOX-7_1_AJ703796	ARO:3002160	Perfect
resfinder	blaFOX-8_1_HM565917	ARO:3002161	Perfect
resfinder	blaFOX-9_1_JF896803	ARO:3002163	Perfect
resfinder	blaFRI-1_1_KT192551	ARO:3004797	Perfect
resfinder	blaFRI-2_1_KX620467	ARO:3004798	Perfect
resfinder	blaFRI-3_1_KY524440	ARO:3004799	Perfect
resfinder	blaFRI-4_1_NG_055267	ARO:3005027	Perfect
resfinder	blaFRI-5_1_MH208723	ARO:3005028	Perfect
resfinder	blaGES-10_1_FJ820124	ARO:3002339	Perfect
resfinder	blaGES-11_1_FJ854362	ARO:3002340	Perfect
resfinder	blaGES-12_1_FN554543	ARO:3002341	Perfect
resfinder	blaGES-13_1_GU169702	ARO:3002342	Perfect
resfinder	blaGES-14_1_GU207844	ARO:3002343	Perfect
resfinder	blaGES-15_1_GU208678	ARO:3002344	Perfect
resfinder	blaGES-16_1_HM173356	ARO:3002345	Perfect
resfinder	blaGES-17_1_HQ874631	ARO:3002346	Perfect
resfinder	blaGES-18_1_JQ028729	ARO:3002347	Perfect
resfinder	blaGES-19_1_JN596280	ARO:3002348	Perfect
resfinder	blaGES-1_1_HQ170511	ARO:3002330	Perfect
resfinder	blaGES-20_1_JN596280	ARO:3002349	Perfect
resfinder	blaGES-21_1_JQ772478	ARO:3002350	Perfect
resfinder	blaGES-22_1_JX023441	ARO:3002351	Perfect
resfinder	blaGES-23_1_KF179354	ARO:3002352	Perfect
resfinder	blaGES-2_1_AF326355	ARO:3002331	Perfect
resfinder	blaGES-3_1_AB113580	ARO:3002332	Perfect
resfinder	blaGES-4_1_AB116723	ARO:3002333	Perfect
resfinder	blaGES-5_1_DQ236171	ARO:3002334	Perfect
resfinder	blaGES-6_1_AY494718	ARO:3002335	Perfect
resfinder	blaGES-7_1_HM453325	ARO:3002336	Perfect
resfinder	blaGES-8_1_AF329699	ARO:3002337	Perfect
resfinder	blaGES-9_1_AY920928	ARO:3002338	Perfect
resfinder	blaGIM-1_1_JF414726	ARO:3000845	Perfect
resfinder	blaGMB-1_1_MZ215787	ARO:3006889	Perfect
resfinder	blaGOB-10_1_AY647247	ARO:3004802	Perfect
resfinder	blaGOB-11_1_AY647248	ARO:3004803	Perfect
resfinder	blaGOB-12_1_AY647249	ARO:3004804	Perfect
resfinder	blaGOB-13_1_AY647251	ARO:3004805	Perfect
resfinder	blaGOB-14_1_AY647252	ARO:3004806	Perfect
resfinder	blaGOB-15_1_AY775547	ARO:3004807	Perfect
resfinder	blaGOB-16_1_GU188443	ARO:3008195	Perfect
resfinder	blaGOB-16_2_AY899331	ARO:3004808	Perfect
resfinder	blaGOB-17_1_AY899332	ARO:3008195	Perfect
resfinder	blaGOB-18_1_DQ004496	ARO:3004213	Perfect
resfinder	blaGOB-1_1_EF394442	ARO:3005696	Strict
resfinder	blaGOB-1_2_AF090141	ARO:3000850	Perfect
resfinder	blaGOB-2_1_AF189296	ARO:3000850	Strict
resfinder	blaGOB-3_1_AF189291	ARO:3005696	Strict
resfinder	blaGOB-4_1_AF189293	ARO:3005696	Strict
resfinder	blaGOB-5_1_AF189290	ARO:3005670	Strict
resfinder	blaGOB-6_1_AF189292	ARO:3005670	Strict
resfinder	blaGOB-7_1_AF189297	ARO:3005696	Strict
resfinder	blaGOB-8_1_AY348327	ARO:3004815	Perfect
resfinder	blaGOB-9_1_AY647246	ARO:3004816	Perfect
resfinder	blaHERA-1_1_AF311385	ARO:3008200	Perfect
resfinder	blaHERA-2_1_AF398334	ARO:3008201	Perfect
resfinder	blaHERA-3_1_AF398335	ARO:3008202	Perfect
resfinder	blaHERA-4_1_AJ536088	ARO:3008203	Perfect
resfinder	blaHERA-5_1_AJ536089	ARO:3008204	Perfect
resfinder	blaHERA-6_1_AJ536090	ARO:3008205	Perfect
resfinder	blaHERA-8_1_AJ536092	ARO:3008206	Perfect
resfinder	blaIMI-1_1_U50278	ARO:3001858	Perfect
resfinder	blaIMI-2_1_DQ173429	ARO:3001859	Perfect
resfinder	blaIMI-3_1_GU015024	ARO:3001860	Perfect
resfinder	blaIMI-4_1_NG_049167	ARO:3001861	Perfect
resfinder	blaIMI-5_1_KX858825	ARO:3001862	Perfect
resfinder	blaIMP-10_1_AB074435	ARO:3002201	Perfect
resfinder	blaIMP-11_1_AB074436	ARO:3002202	Perfect
resfinder	blaIMP-12_1_AJ420864	ARO:3002203	Perfect
resfinder	blaIMP-13_1_AJ550807	ARO:3002204	Perfect
resfinder	blaIMP-14_1_AY553332	ARO:3002205	Perfect
resfinder	blaIMP-15_1_AY553333	ARO:3002206	Perfect
resfinder	blaIMP-16_1_AJ584652	ARO:3002207	Perfect
resfinder	blaIMP-17_1_AJ512502	ARO:3002208	Perfect
resfinder	blaIMP-18_1_AY780674	ARO:3002209	Perfect
resfinder	blaIMP-19_1_EF118171	ARO:3002210	Perfect
resfinder	blaIMP-1_1_EF027105	ARO:3002192	Perfect
resfinder	blaIMP-1b_1_MK388919	ARO:3002192	Perfect
resfinder	blaIMP-20_1_AB196988	ARO:3002211	Perfect
resfinder	blaIMP-21_1_AB204557	ARO:3002212	Perfect
resfinder	blaIMP-22_2_DQ361087	ARO:3002213	Perfect
resfinder	blaIMP-23_1_DQ417222	ARO:3002214	Perfect
resfinder	blaIMP-24_1_EF192154	ARO:3002215	Perfect
resfinder	blaIMP-25_1_EU541448	ARO:3002216	Perfect
resfinder	blaIMP-26_1_GU045307	ARO:3002217	Perfect
resfinder	blaIMP-27_1_JF894248	ARO:3002218	Perfect
resfinder	blaIMP-28_1_JQ407409	ARO:3002219	Perfect
resfinder	blaIMP-29_1_HQ438058	ARO:3002220	Perfect
resfinder	blaIMP-2_1_AJ243491	ARO:3002193	Perfect
resfinder	blaIMP-30_1_KM589497	ARO:3002221	Perfect
resfinder	blaIMP-31_1_KF148593	ARO:3002222	Perfect
resfinder	blaIMP-32_1_JQ002629	ARO:3002223	Perfect
resfinder	blaIMP-33_1_JN848782	ARO:3002224	Perfect
resfinder	blaIMP-34_1_AB715422	ARO:3002225	Perfect
resfinder	blaIMP-35_1_JF816544	ARO:3002226	Perfect
resfinder	blaIMP-37_1_JX131372	ARO:3002228	Perfect
resfinder	blaIMP-38_1_HQ875573	ARO:3002229	Perfect
resfinder	blaIMP-3_1_AB010417	ARO:3002194	Perfect
resfinder	blaIMP-40_1_AB753457	ARO:3002231	Perfect
resfinder	blaIMP-41_1_AB753458	ARO:3002232	Perfect
resfinder	blaIMP-42_1_AB753456	ARO:3002233	Perfect
resfinder	blaIMP-43_1_AB777500	ARO:3002234	Perfect
resfinder	blaIMP-44_1_AB777501	ARO:3002235	Perfect
resfinder	blaIMP-45_1_EU352796	ARO:3002236	Perfect
resfinder	blaIMP-48_1_KM087857	ARO:3002239	Perfect
resfinder	blaIMP-49_1_KP681694	ARO:3003657	Perfect
resfinder	blaIMP-4_1_AF244145	ARO:3002195	Perfect
resfinder	blaIMP-4_1_DQ307573	ARO:3002217	Perfect
resfinder	blaIMP-51_1_LC031883	ARO:3003659	Perfect
resfinder	blaIMP-52_1_LC055762	ARO:3004823	Perfect
resfinder	blaIMP-53_1_HM106457	ARO:3005463	Perfect
resfinder	blaIMP-54_1_KU052795	ARO:3005464	Perfect
resfinder	blaIMP-55_1_KT935306	ARO:3004494	Perfect
resfinder	blaIMP-56_1_KU315553	ARO:3004495	Perfect
resfinder	blaIMP-58_1_KU647281	ARO:3005465	Perfect
resfinder	blaIMP-59_1_KX196782	ARO:3005466	Perfect
resfinder	blaIMP-5_1_AF290912	ARO:3002196	Perfect
resfinder	blaIMP-60_1_LC159227	ARO:3005467	Perfect
resfinder	blaIMP-61_1_KX462700	ARO:3005468	Perfect
resfinder	blaIMP-62_1_KX753224	ARO:3005469	Perfect
resfinder	blaIMP-63_1_KX821663	ARO:3005470	Perfect
resfinder	blaIMP-64_1_KX949735	ARO:3005471	Perfect
resfinder	blaIMP-66_1_LC190726	ARO:3005473	Perfect
resfinder	blaIMP-67_1_MF281100	ARO:3005474	Perfect
resfinder	blaIMP-68_1_MF669572	ARO:3005019	Perfect
resfinder	blaIMP-6_1_AB753460	ARO:3002197	Perfect
resfinder	blaIMP-70_1_MG748725	ARO:3005476	Perfect
resfinder	blaIMP-71_1_MG818167	ARO:3005477	Perfect
resfinder	blaIMP-73_1_MH021848	ARO:3005478	Perfect
resfinder	blaIMP-74_1_MH243349	ARO:3005479	Perfect
resfinder	blaIMP-75_1_MH243350	ARO:3005480	Perfect
resfinder	blaIMP-7_1_AF318077	ARO:3002198	Perfect
resfinder	blaIMP-8_1_DQ845788	ARO:3002199	Perfect
resfinder	blaIMP-9_1_FJ655384	ARO:3002200	Perfect
resfinder	blaIND-10_1_GU206353	ARO:3002266	Perfect
resfinder	blaIND-11_1_HM245379	ARO:3002267	Perfect
resfinder	blaIND-12_1_HM245380	ARO:3002268	Perfect
resfinder	blaIND-14_1_HM367709	ARO:3002269	Perfect
resfinder	blaIND-15_1_AB563173	ARO:3002270	Perfect
resfinder	blaIND-1_1_AF099139	ARO:3002256	Perfect
resfinder	blaIND-2_2_AF219127	ARO:3002257	Perfect
resfinder	blaIND-2a_4_AF219130	ARO:3002258	Perfect
resfinder	blaIND-2b_3_EF672681	ARO:3002257	Perfect
resfinder	blaIND-2c_1_GU186042	ARO:3002257	Perfect
resfinder	blaIND-3_1_AF219131	ARO:3002259	Perfect
resfinder	blaIND-4_1_AF219135	ARO:3002260	Perfect
resfinder	blaIND-5_1_AY504627	ARO:3002261	Perfect
resfinder	blaIND-6_1_AM087455	ARO:3002262	Perfect
resfinder	blaIND-7_1_AB529520	ARO:3002263	Perfect
resfinder	blaIND-8_1_GU186044	ARO:3002264	Perfect
resfinder	blaIND-9_1_GU186045	ARO:3002265	Perfect
resfinder	blaJOHN-1_1_AY028464	ARO:3000840	Perfect
resfinder	blaKHM-1_1_AB364006	ARO:3000847	Perfect
resfinder	blaKLUC-2_1_EF057432	ARO:3006928	Perfect
resfinder	blaKLUC-3_1_JX185316	ARO:3006929	Perfect
resfinder	blaKLUC-4_1_JX185317	ARO:3006930	Perfect
resfinder	blaKPC-10_1_GQ140348	ARO:3002320	Perfect
resfinder	blaKPC-11_1_HM066995	ARO:3002321	Perfect
resfinder	blaKPC-12_1_HQ641422	ARO:3002322	Perfect
resfinder	blaKPC-13_1_HQ342889	ARO:3002323	Perfect
resfinder	blaKPC-14_1_JX524191	ARO:3002324	Perfect
resfinder	blaKPC-15_1_KC433553	ARO:3002325	Perfect
resfinder	blaKPC-16_1_KC465199	ARO:3002326	Perfect
resfinder	blaKPC-17_1_KC465200	ARO:3002327	Perfect
resfinder	blaKPC-18_1_KT884517	ARO:3002328	Perfect
resfinder	blaKPC-19_1_KJ775801	ARO:3002329	Perfect
resfinder	blaKPC-21_1_LN609376	ARO:3003145	Perfect
resfinder	blaKPC-22_1_KM379100	ARO:3003180	Perfect
resfinder	blaKPC-23_1_MH450213	ARO:3005356	Perfect
resfinder	blaKPC-24_1_KR052099	ARO:3004496	Perfect
resfinder	blaKPC-25_1_KU216748	ARO:3005357	Perfect
resfinder	blaKPC-26_1_KX619622	ARO:3005358	Perfect
resfinder	blaKPC-27_1_KX828722	ARO:3005359	Perfect
resfinder	blaKPC-28_1_KY282958	ARO:3005361	Perfect
resfinder	blaKPC-29_1_KY563764	ARO:3005360	Perfect
resfinder	blaKPC-2_1_AY034847	ARO:3002312	Perfect
resfinder	blaKPC-30_1_KY646302	ARO:3005364	Perfect
resfinder	blaKPC-31_1_MAPH01000113	ARO:3005362	Perfect
resfinder	blaKPC-32_1_MAPO01000050	ARO:3005363	Perfect
resfinder	blaKPC-33_1_CP025144	ARO:3005365	Perfect
resfinder	blaKPC-34_1_KU985429	ARO:3005366	Perfect
resfinder	blaKPC-35_1_MH404098	ARO:3005367	Perfect
resfinder	blaKPC-36_1_MH593787	ARO:3005368	Perfect
resfinder	blaKPC-37_1_MH718730	ARO:3005369	Perfect
resfinder	blaKPC-38_1_MK098861	ARO:3005370	Perfect
resfinder	blaKPC-39_1_MK118771	ARO:3005371	Perfect
resfinder	blaKPC-3_1_HM769262	ARO:3002313	Perfect
resfinder	blaKPC-40_1_NG_064726:101-988	ARO:3005372	Perfect
resfinder	blaKPC-41_1_MK497255	ARO:3005373	Perfect
resfinder	blaKPC-4_1_FJ473382	ARO:3002314	Perfect
resfinder	blaKPC-5_1_EU400222	ARO:3002315	Perfect
resfinder	blaKPC-6_1_EU555534	ARO:3002316	Perfect
resfinder	blaKPC-7_1_EU729727	ARO:3002317	Perfect
resfinder	blaKPC-8_1_FJ234412	ARO:3002318	Perfect
resfinder	blaKPC-9_1_FJ624872	ARO:3005356	Perfect
resfinder	blaLAP-1_1_EF026092	ARO:3004825	Perfect
resfinder	blaLAP-2_1_EU159120	ARO:3004826	Perfect
resfinder	blaLAT-1_1_X78117	ARO:3001857	Perfect
resfinder	blaLCR-1_1_X56809	ARO:3002997	Perfect
resfinder	blaLEN10_1_AJ635419	ARO:3002460	Perfect
resfinder	blaLEN12_1_AJ635406	ARO:3002462	Perfect
resfinder	blaLEN13_1_AJ635403	ARO:3002463	Perfect
resfinder	blaLEN15_1_AF452105	ARO:3002478	Perfect
resfinder	blaLEN16_1_AY743416	ARO:3002464	Perfect
resfinder	blaLEN17_1_EF205593	ARO:3002473	Perfect
resfinder	blaLEN18_1_AM850908	ARO:3002465	Perfect
resfinder	blaLEN19_1_AM850909	ARO:3002466	Perfect
resfinder	blaLEN1_1_X04515	ARO:3002454	Perfect
resfinder	blaLEN20_1_AM850910	ARO:3002467	Perfect
resfinder	blaLEN21_1_AM850911	ARO:3002468	Perfect
resfinder	blaLEN22_1_AM850912	ARO:3002469	Perfect
resfinder	blaLEN23_1_AM850913	ARO:3002470	Perfect
resfinder	blaLEN24_1_AM850914	ARO:3002471	Perfect
resfinder	blaLEN25_1_HQ709169	ARO:3002479	Perfect
resfinder	blaLEN26_1_JQ067123	ARO:3002474	Perfect
resfinder	blaLEN2_1_AY037780	ARO:3002455	Perfect
resfinder	blaLEN3_1_AY130286	ARO:3002459	Strict
resfinder	blaLEN4_1_AY130287	ARO:3006932	Strict
resfinder	blaLEN5_1_AY633109	ARO:3002456	Perfect
resfinder	blaLEN7_1_AJ635425	ARO:3002457	Perfect
resfinder	blaLEN8_1_AJ635424	ARO:3002458	Perfect
resfinder	blaLEN9_1_AJ635405	ARO:3002459	Perfect
resfinder	blaLMB-1_1_MH475146	ARO:3005018	Perfect
resfinder	blaLUT-1_1_AY695112	ARO:3006943	Perfect
resfinder	blaMAL-1_1_AJ277209	ARO:3006949	Perfect
resfinder	blaMAL-1_2_AJ609506	ARO:3006949	Perfect
resfinder	blaMIR-1_1_M37839	ARO:3002166	Perfect
resfinder	blaMIR-2_1_AY227752	ARO:3002168	Perfect
resfinder	blaMIR-3_1_AY743435	ARO:3002169	Perfect
resfinder	blaMIR-4_1_EF417572	ARO:3002167	Perfect
resfinder	blaMIR-5_1_FJ237367	ARO:3002170	Perfect
resfinder	blaMIR-6_1_JQ664733	ARO:3002171	Perfect
resfinder	blaMOR-2_1_AY235804	ARO:3006953	Perfect
resfinder	blaMOR_1_Y10283	ARO:3002152	Perfect
resfinder	blaMOX-1_1_D13304	ARO:3002182	Perfect
resfinder	blaMOX-2_1_AJ276453	ARO:3002183	Perfect
resfinder	blaMOX-3_1_EU515248	ARO:3002186	Perfect
resfinder	blaMOX-4_1_FJ262599	ARO:3002184	Perfect
resfinder	blaMOX-5_1_GQ152600	ARO:3002188	Perfect
resfinder	blaMOX-6_1_GQ152601	ARO:3002185	Perfect
resfinder	blaMOX-7_1_GQ152602	ARO:3002189	Perfect
resfinder	blaMUS-1_1_AF441286	ARO:3000843	Perfect
resfinder	blaNDM-10_1_KF361506	ARO:3002360	Perfect
resfinder	blaNDM-11_1_KP265939	ARO:3002361	Perfect
resfinder	blaNDM-12_1_AB926431	ARO:3002362	Perfect
resfinder	blaNDM-13_1_LC012596	ARO:3003182	Perfect
resfinder	blaNDM-14_1_KM210086	ARO:3003183	Perfect
resfinder	blaNDM-15_1_KP735848	ARO:3003663	Perfect
resfinder	blaNDM-16_1_KP862821	ARO:3003664	Perfect
resfinder	blaNDM-17_1_KX812714	ARO:3004093	Perfect
resfinder	blaNDM-18_1_KY503030	ARO:3004861	Perfect
resfinder	blaNDM-19_1_MF370080	ARO:3004862	Perfect
resfinder	blaNDM-1_1_FN396876	ARO:3000589	Perfect
resfinder	blaNDM-20_1_KY654092	ARO:3004863	Perfect
resfinder	blaNDM-21_1_MG183694	ARO:3004864	Perfect
resfinder	blaNDM-22_1_MH243357	ARO:3004865	Perfect
resfinder	blaNDM-23_1_MH450214	ARO:3004866	Perfect
resfinder	blaNDM-24_1_MH450215	ARO:3004867	Perfect
resfinder	blaNDM-2_1_JF703135	ARO:3000590	Perfect
resfinder	blaNDM-3_1_JQ734687	ARO:3002354	Perfect
resfinder	blaNDM-4_1_JQ348841	ARO:3002355	Perfect
resfinder	blaNDM-5_1_JN104597	ARO:3000467	Perfect
resfinder	blaNDM-6_1_JN967644	ARO:3002356	Perfect
resfinder	blaNDM-7_1_JX262694	ARO:3002357	Perfect
resfinder	blaNDM-8_1_AB744718	ARO:3002358	Perfect
resfinder	blaNDM-9_1_KC999080	ARO:3002359	Perfect
resfinder	blaNMC-A_1_AJ536087	ARO:3003589	Perfect
resfinder	blaNPS_1_AY027589	ARO:3004239	Perfect
resfinder	blaOCH-2_1_AJ295340	ARO:3002515	Perfect
resfinder	blaOCH-3_1_AJ295341	ARO:3002516	Perfect
resfinder	blaOCH-4_1_AJ295342	ARO:3002517	Perfect
resfinder	blaOCH-5_1_AJ295343	ARO:3002518	Perfect
resfinder	blaOCH-6_1_AJ295344	ARO:3002519	Perfect
resfinder	blaOCH-7_1_AJ295345	ARO:3002520	Perfect
resfinder	blaOCH-8_1_DQ489307	ARO:3002521	Perfect
resfinder	blaOKP-A-10_1_AM051149	ARO:3002427	Perfect
resfinder	blaOKP-A-11_1_AM850915	ARO:3002428	Perfect
resfinder	blaOKP-A-12_1_AM850915	ARO:3002429	Perfect
resfinder	blaOKP-A-13_1_FJ534513	ARO:3002430	Perfect
resfinder	blaOKP-A-14_1_FJ534512	ARO:3002431	Perfect
resfinder	blaOKP-A-15_1_FJ755841	ARO:3002432	Perfect
resfinder	blaOKP-A-16_1_FJ755840	ARO:3002433	Perfect
resfinder	blaOKP-A-1_1_AM051138	ARO:3002418	Perfect
resfinder	blaOKP-A-2_1_AM051139	ARO:3002419	Perfect
resfinder	blaOKP-A-3_1_AM051140	ARO:3002420	Perfect
resfinder	blaOKP-A-4_1_AM051142	ARO:3002421	Perfect
resfinder	blaOKP-A-5_1_AM051143	ARO:3002422	Perfect
resfinder	blaOKP-A-6_1_AM051144	ARO:3002423	Perfect
resfinder	blaOKP-A-7_1_AM051145	ARO:3002424	Perfect
resfinder	blaOKP-A-8_1_AM051147	ARO:3002425	Perfect
resfinder	blaOKP-A-9_1_AM051148	ARO:3002426	Perfect
resfinder	blaOKP-B-10_1_AM051160	ARO:3002443	Perfect
resfinder	blaOKP-B-11_1_AM051161	ARO:3002444	Perfect
resfinder	blaOKP-B-12_1_AJ635420	ARO:3002434	Strict
resfinder	blaOKP-B-13_1_AY825330	ARO:3002446	Perfect
resfinder	blaOKP-B-14_1_DQ995288	ARO:3002439	Strict
resfinder	blaOKP-B-15_1_AM850917	ARO:3002439	Perfect
resfinder	blaOKP-B-16_1_AM850918	ARO:3002438	Perfect
resfinder	blaOKP-B-17_1_AM850919	ARO:3002450	Perfect
resfinder	blaOKP-B-18_1_AM850920	ARO:3002451	Perfect
resfinder	blaOKP-B-19_1_AM850921	ARO:3002452	Perfect
resfinder	blaOKP-B-1_1_AM051150	ARO:3002434	Perfect
resfinder	blaOKP-B-20_1_AM850922	ARO:3002453	Perfect
resfinder	blaOKP-B-2_1_AM051151	ARO:3002435	Perfect
resfinder	blaOKP-B-3_1_AM051152	ARO:3002436	Perfect
resfinder	blaOKP-B-4_1_AM051153	ARO:3002437	Perfect
resfinder	blaOKP-B-5_1_AY512506	ARO:3002438	Perfect
resfinder	blaOKP-B-6_1_AY850171	ARO:3002439	Perfect
resfinder	blaOKP-B-7_1_AM051156	ARO:3002440	Perfect
resfinder	blaOKP-B-8_1_AM051157	ARO:3002441	Perfect
resfinder	blaOKP-B-9_1_AM051159	ARO:3002442	Perfect
resfinder	blaOXA-100_1_AM231720	ARO:3001438	Perfect
resfinder	blaOXA-101_1_AM412777	ARO:3001439	Perfect
resfinder	blaOXA-102_1_NZ_LWGP01000001	ARO:3006016	Perfect
resfinder	blaOXA-103_1_APQF01000011	ARO:3001707	Perfect
resfinder	blaOXA-104_1_EF581285	ARO:3001636	Perfect
resfinder	blaOXA-106_1_EF650032	ARO:3001637	Perfect
resfinder	blaOXA-107_1_LAVJ01000082	ARO:3001638	Perfect
resfinder	blaOXA-108_1_EF650034	ARO:3001639	Perfect
resfinder	blaOXA-109_1_EF650035	ARO:3001640	Perfect
resfinder	blaOXA-10_1_J03427	ARO:3001405	Perfect
resfinder	blaOXA-110_1_EF650036	ARO:3001641	Perfect
resfinder	blaOXA-111_1_EF650037	ARO:3001642	Perfect
resfinder	blaOXA-112_1_EF650038	ARO:3001643	Perfect
resfinder	blaOXA-113_1_EF653400	ARO:3001644	Perfect
resfinder	blaOXA-114a_1_EU188842	ARO:3001609	Perfect
resfinder	blaOXA-114b_1_HM056040	ARO:3005702	Perfect
resfinder	blaOXA-114c_1_HM056041	ARO:3005703	Perfect
resfinder	blaOXA-114d_1_HM104633	ARO:3005704	Perfect
resfinder	blaOXA-114e_1_HM104634	ARO:3005705	Perfect
resfinder	blaOXA-114f_1_HM368375	ARO:3005706	Perfect
resfinder	blaOXA-114g_1_HM368376	ARO:3005707	Perfect
resfinder	blaOXA-115_1_EU029998	ARO:3001440	Perfect
resfinder	blaOXA-116_1_EU220744	ARO:3005905	Perfect
resfinder	blaOXA-117_1_GQ423625	ARO:3001442	Perfect
resfinder	blaOXA-118_1_AF371964	ARO:3001768	Perfect
resfinder	blaOXA-119_1_DQ767903	ARO:3001775	Perfect
resfinder	blaOXA-11_1_Z22590	ARO:3001406	Perfect
resfinder	blaOXA-120_1_EU255289	ARO:3001672	Perfect
resfinder	blaOXA-121_1_EU255290	ARO:3001443	Perfect
resfinder	blaOXA-122_1_EU255291	ARO:3001444	Perfect
resfinder	blaOXA-123_1_EU255292	ARO:3001445	Perfect
resfinder	blaOXA-124_1_EU255293	ARO:3001446	Perfect
resfinder	blaOXA-125_1_EU255294	ARO:3001447	Perfect
resfinder	blaOXA-126_1_EU255295	ARO:3001448	Perfect
resfinder	blaOXA-127_1_EU255296	ARO:3001449	Perfect
resfinder	blaOXA-128_1_EU375515	ARO:3001648	Perfect
resfinder	blaOXA-129_1_FJWZ01000025	ARO:3001811	Perfect
resfinder	blaOXA-130_1_EU547445	ARO:3001651	Perfect
resfinder	blaOXA-131_1_EU547446	ARO:3001652	Perfect
resfinder	blaOXA-132_1_EU547447	ARO:3001653	Perfect
resfinder	blaOXA-133_1_EU571228	ARO:3001702	Perfect
resfinder	blaOXA-134_1_HQ122933	ARO:3001695	Perfect
resfinder	blaOXA-136_1_EU086831	ARO:3001765	Perfect
resfinder	blaOXA-137_1_EU086834	ARO:3001767	Perfect
resfinder	blaOXA-138_1_EU670845	ARO:3001655	Perfect
resfinder	blaOXA-139_1_AM991978	ARO:3001451	Perfect
resfinder	blaOXA-13_1_AF043558	ARO:3001414	Strict
resfinder	blaOXA-13_1_U59183	ARO:3001408	Perfect
resfinder	blaOXA-141_1_EF552405	ARO:3001802	Perfect
resfinder	blaOXA-142_1_LC169567	ARO:3001803	Perfect
resfinder	blaOXA-143_1_GQ861437	ARO:3001654	Perfect
resfinder	blaOXA-144_1_FJ872530	ARO:3002480	Perfect
resfinder	blaOXA-145_1_FJ790516	ARO:3001804	Perfect
resfinder	blaOXA-146_1_FJ194494	ARO:3001779	Perfect
resfinder	blaOXA-147_1_FJ848783	ARO:3001801	Perfect
resfinder	blaOXA-148_1_GQ853679	ARO:3001453	Perfect
resfinder	blaOXA-149_1_GQ853680	ARO:3001454	Perfect
resfinder	blaOXA-14_1_KJ420612	ARO:3001409	Perfect
resfinder	blaOXA-150_1_GQ853681	ARO:3001455	Perfect
resfinder	blaOXA-151_1_CP009553	ARO:3001456	Perfect
resfinder	blaOXA-152_1_KP771980	ARO:3001457	Perfect
resfinder	blaOXA-153_1_KP771981	ARO:3001458	Perfect
resfinder	blaOXA-154_1_KP771982	ARO:3001459	Perfect
resfinder	blaOXA-155_1_KP771983	ARO:3001460	Perfect
resfinder	blaOXA-156_1_KP771984	ARO:3001461	Perfect
resfinder	blaOXA-157_1_KP771985	ARO:3001462	Perfect
resfinder	blaOXA-158_1_KP771986	ARO:3001463	Perfect
resfinder	blaOXA-159_1_KP771987	ARO:3001464	Perfect
resfinder	blaOXA-15_1_U63835	ARO:3001410	Perfect
resfinder	blaOXA-160_1_GU199038	ARO:3001663	Perfect
resfinder	blaOXA-161_1_GQ202693	ARO:3001799	Perfect
resfinder	blaOXA-162_1_GU197550	ARO:3001776	Perfect
resfinder	blaOXA-163_1_HQ700343	ARO:3001783	Perfect
resfinder	blaOXA-164_1_GU831575	ARO:3001662	Perfect
resfinder	blaOXA-165_1_HM488986	ARO:3001465	Perfect
resfinder	blaOXA-166_1_HM488987	ARO:3001466	Perfect
resfinder	blaOXA-167_1_HM488988	ARO:3001467	Perfect
resfinder	blaOXA-168_1_HM488989	ARO:3001468	Perfect
resfinder	blaOXA-169_1_HM488990	ARO:3001469	Perfect
resfinder	blaOXA-16_1_AF043100	ARO:3001409	Strict
resfinder	blaOXA-170_1_HM488991	ARO:3001470	Perfect
resfinder	blaOXA-171_1_HM488992	ARO:3001471	Perfect
resfinder	blaOXA-172_1_HM113558	ARO:3001656	Perfect
resfinder	blaOXA-173_1_HM113559	ARO:3001657	Perfect
resfinder	blaOXA-174_1_HM113560	ARO:3001658	Perfect
resfinder	blaOXA-175_1_HM113561	ARO:3001659	Perfect
resfinder	blaOXA-176_1_HM113562	ARO:3001660	Perfect
resfinder	blaOXA-177_1_HM113563	ARO:3001661	Perfect
resfinder	blaOXA-178_1_HM113564	ARO:3001472	Perfect
resfinder	blaOXA-179_1_HM570035	ARO:3001473	Perfect
resfinder	blaOXA-17_1_DQ902344	ARO:3001412	Perfect
resfinder	blaOXA-180_1_HM570036	ARO:3001474	Perfect
resfinder	blaOXA-181_1_CM004561	ARO:3001784	Perfect
resfinder	blaOXA-182_1_HM640278	ARO:3001709	Perfect
resfinder	blaOXA-183_1_HQ111474	ARO:3001475	Perfect
resfinder	blaOXA-184_1_JQ396378	ARO:3001476	Strict
resfinder	blaOXA-185_1_JQ396379	ARO:3001476	Strict
resfinder	blaOXA-18_1_U85514	ARO:3001413	Perfect
resfinder	blaOXA-192_1_JF273470	ARO:3001766	Perfect
resfinder	blaOXA-193_1_CP013032	ARO:3001478	Perfect
resfinder	blaOXA-194_1_HQ425492	ARO:3001479	Perfect
resfinder	blaOXA-195_1_HQ425493	ARO:3001480	Perfect
resfinder	blaOXA-196_1_HQ425494	ARO:3001481	Perfect
resfinder	blaOXA-197_1_HQ425495	ARO:3001482	Perfect
resfinder	blaOXA-198_1_HQ634775	ARO:3001805	Perfect
resfinder	blaOXA-199_1_JN704570	ARO:3001814	Perfect
resfinder	blaOXA-19_1_AF043381	ARO:3001414	Perfect
resfinder	blaOXA-1_1_HQ170510	ARO:3001396	Perfect
resfinder	blaOXA-200_1_HQ734811	ARO:3001665	Perfect
resfinder	blaOXA-201_1_HQ734812	ARO:3001666	Perfect
resfinder	blaOXA-202_1_HQ734813	ARO:3001667	Perfect
resfinder	blaOXA-203_1_HQ998857	ARO:3001664	Perfect
resfinder	blaOXA-204_1_KP027885	ARO:3001788	Perfect
resfinder	blaOXA-205_1_JF800667	ARO:3001483	Perfect
resfinder	blaOXA-206_1_AB634250	ARO:3001484	Perfect
resfinder	blaOXA-207_1_LLFS01000355	ARO:3001485	Perfect
resfinder	blaOXA-208_1_KF305665	ARO:3001486	Perfect
resfinder	blaOXA-209_1_JF268688	ARO:3001809	Perfect
resfinder	blaOXA-20_1_AY307114	ARO:3001415	Strict
resfinder	blaOXA-20_2_AF024602	ARO:3001415	Strict
resfinder	blaOXA-210_1_JF795487	ARO:3001487	Perfect
resfinder	blaOXA-211_1_JN861779	ARO:3001710	Perfect
resfinder	blaOXA-212_1_JN861780	ARO:3001711	Perfect
resfinder	blaOXA-213_1_JN861781	ARO:3001712	Perfect
resfinder	blaOXA-214_1_JN861782	ARO:3001713	Perfect
resfinder	blaOXA-215_1_JN861783	ARO:3001714	Perfect
resfinder	blaOXA-216_1_FR865168	ARO:3001488	Perfect
resfinder	blaOXA-217_1_JN603240	ARO:3001489	Perfect
resfinder	blaOXA-219_1_JN215211	ARO:3001668	Perfect
resfinder	blaOXA-21_1_AB626885	ARO:3001416	Perfect
resfinder	blaOXA-223_1_JN248564	ARO:3001669	Perfect
resfinder	blaOXA-224_1_JN412067	ARO:3001806	Perfect
resfinder	blaOXA-225_1_JN638887	ARO:3001493	Perfect
resfinder	blaOXA-226_1_FJ617207	ARO:3001800	Perfect
resfinder	blaOXA-228_1_JQ422053	ARO:3001691	Perfect
resfinder	blaOXA-229_1_JQ422052	ARO:3001692	Perfect
resfinder	blaOXA-22_1_AF064820	ARO:3001417	Perfect
resfinder	blaOXA-230_1_JQ422054	ARO:3001693	Perfect
resfinder	blaOXA-231_1_JQ326200	ARO:3001670	Perfect
resfinder	blaOXA-232_1_JX423831	ARO:3001778	Perfect
resfinder	blaOXA-233_1_KJ657570	ARO:3001495	Perfect
resfinder	blaOXA-234_1_NG_050607	ARO:3001496	Perfect
resfinder	blaOXA-235_1_JQ820240	ARO:3001676	Perfect
resfinder	blaOXA-236_1_JQ820242	ARO:3001677	Perfect
resfinder	blaOXA-237_1_JQ820241	ARO:3001678	Perfect
resfinder	blaOXA-239_1_JQ837239	ARO:3001498	Perfect
resfinder	blaOXA-23_1_AY795964	ARO:3001418	Perfect
resfinder	blaOXA-240_1_JX089628	ARO:3001499	Perfect
resfinder	blaOXA-241_1_JX025021	ARO:3001679	Perfect
resfinder	blaOXA-242_1_JX025022	ARO:3001680	Perfect
resfinder	blaOXA-243_1_AFRQ01000031	ARO:3001610	Perfect
resfinder	blaOXA-244_1_KP659189	ARO:3001786	Perfect
resfinder	blaOXA-245_1_JX438001	ARO:3001787	Perfect
resfinder	blaOXA-246_1_EU886980	ARO:3001807	Perfect
resfinder	blaOXA-247_1_JX893517	ARO:3001791	Perfect
resfinder	blaOXA-248_1_HE963769	ARO:3001673	Perfect
resfinder	blaOXA-249_1_HE963770	ARO:3001674	Perfect
resfinder	blaOXA-24_1_AJ239129	ARO:3001419	Perfect
resfinder	blaOXA-250_1_HE963771	ARO:3001675	Perfect
resfinder	blaOXA-251_1_JN118546	ARO:3001500	Perfect
resfinder	blaOXA-252_1_NG_050608	ARO:3001501	Perfect
resfinder	blaOXA-253_1_KC479324	ARO:3001689	Perfect
resfinder	blaOXA-254_1_AB781687	ARO:3001682	Perfect
resfinder	blaOXA-255_1_KC479325	ARO:3001690	Perfect
resfinder	blaOXA-256_1_HE616889	ARO:3001502	Perfect
resfinder	blaOXA-257_1_KC567681	ARO:3001694	Perfect
resfinder	blaOXA-258_1_HE614014	ARO:3001503	Perfect
resfinder	blaOXA-259_1_KF057028	ARO:3001715	Perfect
resfinder	blaOXA-25_1_AF201826	ARO:3001420	Perfect
resfinder	blaOXA-260_1_APOR01000009	ARO:3001716	Perfect
resfinder	blaOXA-261_1_APQV01000009	ARO:3001717	Perfect
resfinder	blaOXA-262_1_APRA01000005	ARO:3001718	Perfect
resfinder	blaOXA-263_1_APQY01000006	ARO:3001719	Perfect
resfinder	blaOXA-264_1_APQQ01000012	ARO:3001720	Perfect
resfinder	blaOXA-265_1_APQR01000003	ARO:3001721	Perfect
resfinder	blaOXA-266_1_APPO01000008	ARO:3001722	Perfect
resfinder	blaOXA-267_1_APQH01000006	ARO:3001723	Perfect
resfinder	blaOXA-268_1_APOE01000008	ARO:3001724	Perfect
resfinder	blaOXA-269_1_APQJ01000007	ARO:3001725	Perfect
resfinder	blaOXA-26_1_AF201827	ARO:3001421	Perfect
resfinder	blaOXA-270_1_APQM01000006	ARO:3001726	Perfect
resfinder	blaOXA-271_1_APQO01000006	ARO:3001727	Perfect
resfinder	blaOXA-272_1_LSAL01000001	ARO:3001728	Perfect
resfinder	blaOXA-273_1_APQN01000012	ARO:3001729	Perfect
resfinder	blaOXA-274_1_APOS01000038	ARO:3001730	Perfect
resfinder	blaOXA-275_1_APPJ01000001	ARO:3001731	Perfect
resfinder	blaOXA-276_1_APPI01000013	ARO:3001732	Perfect
resfinder	blaOXA-277_1_APPQ01000011	ARO:3001733	Perfect
resfinder	blaOXA-278_1_KC771279	ARO:3001681	Perfect
resfinder	blaOXA-279_1_APOM01000058	ARO:3001734	Perfect
resfinder	blaOXA-27_1_AF201828	ARO:3001422	Perfect
resfinder	blaOXA-280_1_APPZ01000001	ARO:3001735	Perfect
resfinder	blaOXA-281_1_APON01000041	ARO:3001736	Perfect
resfinder	blaOXA-282_1_APQS01000019	ARO:3001737	Perfect
resfinder	blaOXA-283_1_AYHO01000005	ARO:3001738	Perfect
resfinder	blaOXA-284_1_APRU01000004	ARO:3001739	Perfect
resfinder	blaOXA-285_1_APRY01000059	ARO:3001740	Perfect
resfinder	blaOXA-286_1_APOI01000030	ARO:3001741	Perfect
resfinder	blaOXA-287_1_NG_050609	ARO:3001742	Perfect
resfinder	blaOXA-288_1_APRN01000033	ARO:3001743	Perfect
resfinder	blaOXA-289_1_APRM01000005	ARO:3001744	Strict
resfinder	blaOXA-28_1_AF231133	ARO:3001423	Perfect
resfinder	blaOXA-290_1_APOK01000044	ARO:3001745	Perfect
resfinder	blaOXA-291_1_APRL01000010	ARO:3001746	Perfect
resfinder	blaOXA-292_1_APRO01000007	ARO:3001747	Perfect
resfinder	blaOXA-293_1_NG_050610	ARO:3001748	Perfect
resfinder	blaOXA-294_1_APPC01000015	ARO:3001749	Perfect
resfinder	blaOXA-295_1_APRW01000016	ARO:3001750	Perfect
resfinder	blaOXA-296_1_APOH01000009	ARO:3001751	Perfect
resfinder	blaOXA-297_1_APRR01000006	ARO:3001752	Strict
resfinder	blaOXA-298_1_APSA01000003	ARO:3001753	Strict
resfinder	blaOXA-299_1_APQD01000016	ARO:3001754	Perfect
resfinder	blaOXA-29_1_AJ400619	ARO:3001424	Perfect
resfinder	blaOXA-2_1_DQ112222	ARO:3001397	Perfect
resfinder	blaOXA-2_2_GQ466184	ARO:3001397	Perfect
resfinder	blaOXA-300_1_APPK01000054	ARO:3001755	Perfect
resfinder	blaOXA-301_1_APQG01000050	ARO:3001756	Perfect
resfinder	blaOXA-302_1_APRT01000004	ARO:3001757	Perfect
resfinder	blaOXA-303_1_APSD01000035	ARO:3001758	Perfect
resfinder	blaOXA-304_1_APSC01000007	ARO:3001759	Perfect
resfinder	blaOXA-305_1_APPF01000021	ARO:3001760	Perfect
resfinder	blaOXA-306_1_APSB01000022	ARO:3001761	Perfect
resfinder	blaOXA-307_1_NG_050611	ARO:3001762	Perfect
resfinder	blaOXA-308_1_APPN01000080	ARO:3001763	Perfect
resfinder	blaOXA-309_1_HF947514	ARO:3001504	Perfect
resfinder	blaOXA-312_1_KF057029	ARO:3001683	Perfect
resfinder	blaOXA-313_1_KF057030	ARO:3001684	Perfect
resfinder	blaOXA-314_1_KF057031	ARO:3001685	Perfect
resfinder	blaOXA-315_1_KF057032	ARO:3001686	Perfect
resfinder	blaOXA-316_1_KF057033	ARO:3001687	Perfect
resfinder	blaOXA-317_1_KF057034	ARO:3001688	Perfect
resfinder	blaOXA-31_1_AF294653	ARO:3001425	Perfect
resfinder	blaOXA-320_1_KF151169	ARO:3001793	Perfect
resfinder	blaOXA-322_1_KF203096	ARO:3001510	Perfect
resfinder	blaOXA-323_1_KF203097	ARO:3001511	Perfect
resfinder	blaOXA-324_1_KF203098	ARO:3001512	Perfect
resfinder	blaOXA-325_1_KF203099	ARO:3001513	Perfect
resfinder	blaOXA-326_1_KF203100	ARO:3001514	Perfect
resfinder	blaOXA-327_1_KF203101	ARO:3001515	Perfect
resfinder	blaOXA-328_1_KF203102	ARO:3001516	Perfect
resfinder	blaOXA-329_1_KF203103	ARO:3001517	Perfect
resfinder	blaOXA-32_1_AF315351	ARO:3001426	Perfect
resfinder	blaOXA-330_1_KF203104	ARO:3001518	Perfect
resfinder	blaOXA-331_1_KF203105	ARO:3001519	Perfect
resfinder	blaOXA-332_1_KF203106	ARO:3001520	Perfect
resfinder	blaOXA-333_1_KF203107	ARO:3001521	Perfect
resfinder	blaOXA-334_1_KF203108	ARO:3001522	Perfect
resfinder	blaOXA-335_1_KF203109	ARO:3001523	Perfect
resfinder	blaOXA-336_1_KF048907	ARO:3001524	Perfect
resfinder	blaOXA-337_1_KF048908	ARO:3001525	Perfect
resfinder	blaOXA-338_1_KF048909	ARO:3001526	Perfect
resfinder	blaOXA-339_1_KF048911	ARO:3001527	Perfect
resfinder	blaOXA-340_1_KF048912	ARO:3001528	Perfect
resfinder	blaOXA-341_1_KF048913	ARO:3001529	Perfect
resfinder	blaOXA-342_1_KF048915	ARO:3001530	Perfect
resfinder	blaOXA-343_1_KF048916	ARO:3001531	Perfect
resfinder	blaOXA-344_1_KF048917	ARO:3001532	Perfect
resfinder	blaOXA-345_1_KF048918	ARO:3001533	Perfect
resfinder	blaOXA-346_1_KF048919	ARO:3001534	Perfect
resfinder	blaOXA-347_1_ACWG01000053	ARO:3001777	Perfect
resfinder	blaOXA-348_1_KF297577	ARO:3001535	Perfect
resfinder	blaOXA-349_1_KF297578	ARO:3001536	Perfect
resfinder	blaOXA-34_1_AF350424	ARO:3005318	Strict
resfinder	blaOXA-350_1_KF297579	ARO:3001537	Perfect
resfinder	blaOXA-351_1_KF297580	ARO:3001538	Perfect
resfinder	blaOXA-352_1_KF297581	ARO:3001539	Perfect
resfinder	blaOXA-353_1_KF297582	ARO:3001540	Perfect
resfinder	blaOXA-354_1_KF297583	ARO:3001541	Perfect
resfinder	blaOXA-355_1_KF297584	ARO:3001542	Perfect
resfinder	blaOXA-356_1_KF297585	ARO:3001543	Perfect
resfinder	blaOXA-357_1_KF421160	ARO:3001544	Perfect
resfinder	blaOXA-358_1_KF421161	ARO:3001545	Perfect
resfinder	blaOXA-359_1_KF421162	ARO:3001546	Perfect
resfinder	blaOXA-35_1_AF315786	ARO:3001429	Perfect
resfinder	blaOXA-360_1_KF421163	ARO:3001547	Perfect
resfinder	blaOXA-361_1_KF460531	ARO:3001548	Perfect
resfinder	blaOXA-362_1_KF460532	ARO:3001549	Perfect
resfinder	blaOXA-363_1_KF460533	ARO:3001550	Perfect
resfinder	blaOXA-364_1_JX306689	ARO:3001551	Perfect
resfinder	blaOXA-365_1_KF885217	ARO:3001552	Perfect
resfinder	blaOXA-366_1_KP050485	ARO:3001553	Perfect
resfinder	blaOXA-368_1_KT736121	ARO:3001555	Perfect
resfinder	blaOXA-36_1_AF300985	ARO:3008468	Strict
resfinder	blaOXA-370_1_KJ488943	ARO:3001774	Perfect
resfinder	blaOXA-371_1_AB871653	ARO:3001557	Perfect
resfinder	blaOXA-372_1_KJ746496	ARO:3001558	Perfect
resfinder	blaOXA-373_1_HG931732	ARO:3001559	Perfect
resfinder	blaOXA-374_1_KF986255	ARO:3001560	Perfect
resfinder	blaOXA-375_1_KF986256	ARO:3001561	Perfect
resfinder	blaOXA-376_1_KF986257	ARO:3001562	Perfect
resfinder	blaOXA-377_1_KF986258	ARO:3001563	Perfect
resfinder	blaOXA-378_1_KF986259	ARO:3001564	Perfect
resfinder	blaOXA-379_1_KF986260	ARO:3001565	Perfect
resfinder	blaOXA-37_1_AY007784	ARO:3001431	Strict
resfinder	blaOXA-380_1_KF986261	ARO:3001566	Perfect
resfinder	blaOXA-381_1_KJ135344	ARO:3001567	Perfect
resfinder	blaOXA-382_1_KJ135345	ARO:3001568	Perfect
resfinder	blaOXA-383_1_KF986262	ARO:3001569	Perfect
resfinder	blaOXA-384_1_KF986263	ARO:3001570	Perfect
resfinder	blaOXA-385_1_KF986253	ARO:3001571	Perfect
resfinder	blaOXA-386_1_KF986254	ARO:3001572	Perfect
resfinder	blaOXA-387_1_KJ173478	ARO:3001573	Perfect
resfinder	blaOXA-388_1_KJ135343	ARO:3001574	Perfect
resfinder	blaOXA-389_1_KJ135346	ARO:3001575	Perfect
resfinder	blaOXA-390_1_KJ135342	ARO:3001576	Perfect
resfinder	blaOXA-391_1_KJ427797	ARO:3001577	Perfect
resfinder	blaOXA-392_1_AB901044	ARO:3001578	Perfect
resfinder	blaOXA-395_1_AY306133	ARO:3001581	Perfect
resfinder	blaOXA-396_1_AY306134	ARO:3001582	Perfect
resfinder	blaOXA-397_1_KM087865	ARO:3001583	Perfect
resfinder	blaOXA-398_1_KM087842	ARO:3001584	Perfect
resfinder	blaOXA-3_1_L07945	ARO:3001398	Perfect
resfinder	blaOXA-400_1_KJ780078	ARO:3001586	Perfect
resfinder	blaOXA-401_1_KJ780076	ARO:3001587	Perfect
resfinder	blaOXA-402_1_JX865391	ARO:3001588	Perfect
resfinder	blaOXA-403_1_KJ920337	ARO:3001589	Perfect
resfinder	blaOXA-404_1_KJ920338	ARO:3001595	Perfect
resfinder	blaOXA-405_1_KM589641	ARO:3001596	Perfect
resfinder	blaOXA-406_1_KJ584915	ARO:3001597	Perfect
resfinder	blaOXA-407_1_KJ584916	ARO:3001598	Perfect
resfinder	blaOXA-408_1_KJ584917	ARO:3001599	Perfect
resfinder	blaOXA-409_1_KJ584918	ARO:3001600	Perfect
resfinder	blaOXA-410_1_KJ584919	ARO:3001601	Perfect
resfinder	blaOXA-411_1_KJ584920	ARO:3001602	Perfect
resfinder	blaOXA-412_1_KJ584921	ARO:3001603	Perfect
resfinder	blaOXA-413_1_KJ584922	ARO:3001604	Perfect
resfinder	blaOXA-414_1_KJ584914	ARO:3001605	Perfect
resfinder	blaOXA-415_1_KJ865754	ARO:3001606	Perfect
resfinder	blaOXA-416_1_KP264119	ARO:3001607	Perfect
resfinder	blaOXA-417_1_KM220587	ARO:3001608	Perfect
resfinder	blaOXA-418_1_KJ997966	ARO:3002496	Perfect
resfinder	blaOXA-420_1_AB983359	ARO:3003116	Perfect
resfinder	blaOXA-421_1_KM401566	ARO:3003117	Perfect
resfinder	blaOXA-422_1_KM433671	ARO:3003160	Perfect
resfinder	blaOXA-423_1_KM433672	ARO:3003161	Perfect
resfinder	blaOXA-424_1_KM588352	ARO:3003147	Perfect
resfinder	blaOXA-425_1_KM588353	ARO:3003148	Perfect
resfinder	blaOXA-426_1_KM588354	ARO:3003149	Perfect
resfinder	blaOXA-427_1_KX827604	ARO:3003115	Perfect
resfinder	blaOXA-429_1_KM979376	ARO:3003120	Perfect
resfinder	blaOXA-42_1_AJ488302	ARO:3001769	Perfect
resfinder	blaOXA-430_1_KM979377	ARO:3003121	Perfect
resfinder	blaOXA-431_1_KM979378	ARO:3003124	Perfect
resfinder	blaOXA-432_1_KM979379	ARO:3003125	Perfect
resfinder	blaOXA-433_1_KM979380	ARO:3003126	Perfect
resfinder	blaOXA-435_1_KP144324	ARO:3003162	Perfect
resfinder	blaOXA-436_1_KT959105	ARO:3003128	Perfect
resfinder	blaOXA-437_1_KP410856	ARO:3003593	Perfect
resfinder	blaOXA-438_1_KP410734	ARO:3003594	Perfect
resfinder	blaOXA-439_1_KP727573	ARO:3003595	Perfect
resfinder	blaOXA-43_1_AJ488303	ARO:3001770	Perfect
resfinder	blaOXA-440_1_KP727574	ARO:3003596	Perfect
resfinder	blaOXA-441_1_JX865394	ARO:3003597	Perfect
resfinder	blaOXA-442_1_KP844571	ARO:3003598	Perfect
resfinder	blaOXA-443_1_LC030178	ARO:3003599	Perfect
resfinder	blaOXA-444_1_CP010800	ARO:3003600	Perfect
resfinder	blaOXA-446_1_KR061495	ARO:3003602	Perfect
resfinder	blaOXA-447_1_KR061496	ARO:3003603	Perfect
resfinder	blaOXA-448_1_KR061497	ARO:3003604	Perfect
resfinder	blaOXA-449_1_KR061498	ARO:3003605	Perfect
resfinder	blaOXA-450_1_KR061502	ARO:3003606	Perfect
resfinder	blaOXA-451_1_KR061504	ARO:3003607	Perfect
resfinder	blaOXA-452_1_KR061505	ARO:3003608	Perfect
resfinder	blaOXA-453_1_KR061507	ARO:3003609	Perfect
resfinder	blaOXA-454_1_LC037981	ARO:3003610	Perfect
resfinder	blaOXA-455_1_KP903885	ARO:3003611	Perfect
resfinder	blaOXA-457_1_KP903887	ARO:3003613	Perfect
resfinder	blaOXA-458_1_KP903888	ARO:3003614	Perfect
resfinder	blaOXA-459_1_KP903889	ARO:3003615	Perfect
resfinder	blaOXA-45_1_AJ519683	ARO:3001794	Perfect
resfinder	blaOXA-460_1_KR061508	ARO:3003616	Perfect
resfinder	blaOXA-461_1_KR061509	ARO:3003617	Perfect
resfinder	blaOXA-464_1_KU721146	ARO:3003620	Perfect
resfinder	blaOXA-465_1_KR061500	ARO:3003621	Strict
resfinder	blaOXA-466_1_KR061501	ARO:3003622	Strict
resfinder	blaOXA-46_1_AF317511	ARO:3001797	Perfect
resfinder	blaOXA-470_1_KR182163	ARO:3003626	Perfect
resfinder	blaOXA-471_1_EU086833	ARO:3003627	Perfect
resfinder	blaOXA-472_1_KR182165	ARO:3003628	Perfect
resfinder	blaOXA-473_1_KR182166	ARO:3003629	Perfect
resfinder	blaOXA-474_1_KR182167	ARO:3003631	Perfect
resfinder	blaOXA-475_1_KR182168	ARO:3003632	Perfect
resfinder	blaOXA-476_1_KR182169	ARO:3003633	Perfect
resfinder	blaOXA-477_1_KR182170	ARO:3003634	Perfect
resfinder	blaOXA-478_1_KR182171	ARO:3003635	Perfect
resfinder	blaOXA-479_1_KR182172	ARO:3003636	Perfect
resfinder	blaOXA-47_1_AY237830	ARO:3001781	Perfect
resfinder	blaOXA-480_1_KR872296	ARO:3003637	Perfect
resfinder	blaOXA-482_1_KP264124	ARO:3003639	Perfect
resfinder	blaOXA-483_1_KP264125	ARO:3003640	Perfect
resfinder	blaOXA-484_1_KR401105	ARO:3003641	Perfect
resfinder	blaOXA-485_1_LLNM01000004	ARO:3003642	Perfect
resfinder	blaOXA-486_1_AY597426	ARO:3003643	Perfect
resfinder	blaOXA-488_1_CP017969	ARO:3003645	Perfect
resfinder	blaOXA-489_1_CP013733	ARO:3005724	Perfect
resfinder	blaOXA-48_1_AY236073	ARO:3001782	Perfect
resfinder	blaOXA-490_1_KU721147	ARO:3003620	Strict
resfinder	blaOXA-491_1_KU721148	ARO:3005725	Perfect
resfinder	blaOXA-493_1_CP007774	ARO:3005726	Perfect
resfinder	blaOXA-493_1_KU739135	ARO:3005726	Perfect
resfinder	blaOXA-494_1_AY597430	ARO:3005727	Perfect
resfinder	blaOXA-496_1_KT200608	ARO:3005335	Perfect
resfinder	blaOXA-497_1_LKJZ01000136	ARO:3005728	Perfect
resfinder	blaOXA-499_1_KT964029	ARO:3005343	Perfect
resfinder	blaOXA-49_1_AY288523	ARO:3001671	Perfect
resfinder	blaOXA-4_1_AY162283	ARO:3001399	Perfect
resfinder	blaOXA-500_1_JMNQ01000002	ARO:3005730	Perfect
resfinder	blaOXA-501_1_KU167110	ARO:3005731	Perfect
resfinder	blaOXA-502_1_KU167111	ARO:3005732	Perfect
resfinder	blaOXA-503_1_KU167109	ARO:3005733	Perfect
resfinder	blaOXA-505_1_KU531433	ARO:3005735	Perfect
resfinder	blaOXA-506_1_KU571454	ARO:3005736	Perfect
resfinder	blaOXA-507_1_KU551305	ARO:3005737	Perfect
resfinder	blaOXA-508_1_KU596972	ARO:3005738	Perfect
resfinder	blaOXA-509_1_KU692025	ARO:3005739	Perfect
resfinder	blaOXA-50_1_AY306130	ARO:3001796	Perfect
resfinder	blaOXA-510_1_JX865393	ARO:3005740	Perfect
resfinder	blaOXA-511_1_KU710720	ARO:3005741	Perfect
resfinder	blaOXA-512_1_KU726870	ARO:3005742	Perfect
resfinder	blaOXA-513_1_KU323972	ARO:3005743	Perfect
resfinder	blaOXA-514_1_KU866382	ARO:3005744	Perfect
resfinder	blaOXA-515_1_KU866383	ARO:3005745	Perfect
resfinder	blaOXA-516_1_KU871391	ARO:3005746	Perfect
resfinder	blaOXA-517_1_KU878974	ARO:3005747	Perfect
resfinder	blaOXA-518_1_KU739134	ARO:3005748	Perfect
resfinder	blaOXA-519_1_KX349732	ARO:3005749	Perfect
resfinder	blaOXA-51_1_DQ385606	ARO:3001612	Perfect
resfinder	blaOXA-520_1_KX388630	ARO:3005750	Perfect
resfinder	blaOXA-521_1_KX462701	ARO:3005751	Perfect
resfinder	blaOXA-522_1_KX599408	ARO:3005752	Perfect
resfinder	blaOXA-523_1_KX599401	ARO:3005753	Perfect
resfinder	blaOXA-524_1_KX599402	ARO:3005754	Perfect
resfinder	blaOXA-525_1_KX599406	ARO:3005755	Perfect
resfinder	blaOXA-526_1_KX599409	ARO:3005756	Perfect
resfinder	blaOXA-527_1_KX599404	ARO:3005757	Perfect
resfinder	blaOXA-528_1_KX599407	ARO:3005758	Perfect
resfinder	blaOXA-529_1_KX599405	ARO:3005759	Perfect
resfinder	blaOXA-530_1_KX599398	ARO:3005760	Perfect
resfinder	blaOXA-531_1_KX599400	ARO:3005761	Perfect
resfinder	blaOXA-532_1_KX609247	ARO:3005762	Perfect
resfinder	blaOXA-533_1_KX668472	ARO:3005763	Perfect
resfinder	blaOXA-534_1_KX714285	ARO:3005764	Perfect
resfinder	blaOXA-535_1_KX828709	ARO:3004362	Perfect
resfinder	blaOXA-536_1_KX859240	ARO:3005765	Perfect
resfinder	blaOXA-537_1_KX360747	ARO:3005766	Perfect
resfinder	blaOXA-538_1_KX827284	ARO:3005767	Perfect
resfinder	blaOXA-539_1_KY094077	ARO:3005317	Perfect
resfinder	blaOXA-53_1_AY289608	ARO:3001810	Perfect
resfinder	blaOXA-540_1_KJ138219	ARO:3005314	Perfect
resfinder	blaOXA-541_1_FM179467	ARO:3005321	Perfect
resfinder	blaOXA-545_1_KY674541	ARO:3005769	Perfect
resfinder	blaOXA-546_1_KY682756	ARO:3005770	Perfect
resfinder	blaOXA-547_1_KY684124	ARO:3005771	Perfect
resfinder	blaOXA-548_1_KY682750	ARO:3005772	Perfect
resfinder	blaOXA-549_1_KY682751	ARO:3005773	Perfect
resfinder	blaOXA-54_1_AY500137	ARO:3001812	Perfect
resfinder	blaOXA-550_1_KY682752	ARO:3005774	Perfect
resfinder	blaOXA-551_1_KY682753	ARO:3005775	Perfect
resfinder	blaOXA-552_1_KY682754	ARO:3005776	Perfect
resfinder	blaOXA-553_1_KY682755	ARO:3005777	Perfect
resfinder	blaOXA-554_1_KY126221	ARO:3005778	Perfect
resfinder	blaOXA-555_1_KY126224	ARO:3005779	Perfect
resfinder	blaOXA-556_1_KY126231	ARO:3005780	Perfect
resfinder	blaOXA-557_1_KY126232	ARO:3005781	Perfect
resfinder	blaOXA-558_1_KY126234	ARO:3005782	Perfect
resfinder	blaOXA-559_1_KY126237	ARO:3005783	Perfect
resfinder	blaOXA-55_1_AY343493	ARO:3001813	Perfect
resfinder	blaOXA-560_1_KY126238	ARO:3005784	Perfect
resfinder	blaOXA-561_1_KY126240	ARO:3005785	Perfect
resfinder	blaOXA-562_1_KY126241	ARO:3005786	Perfect
resfinder	blaOXA-563_1_KY767021	ARO:3005787	Perfect
resfinder	blaOXA-564_1_KY767022	ARO:3005788	Perfect
resfinder	blaOXA-565_1_KY883665	ARO:3005789	Perfect
resfinder	blaOXA-566_1_MF099636	ARO:3005790	Perfect
resfinder	blaOXA-56_1_AY445080	ARO:3001795	Perfect
resfinder	blaOXA-57_1_AJ631966	ARO:3001771	Perfect
resfinder	blaOXA-58_1_AY665723	ARO:3001611	Perfect
resfinder	blaOXA-59_1_AJ632249	ARO:3001772	Perfect
resfinder	blaOXA-5_1_AF347074	ARO:3001400	Perfect
resfinder	blaOXA-60_1_AF525303	ARO:3001808	Perfect
resfinder	blaOXA-60b_1_AY664504	ARO:3001808	Strict
resfinder	blaOXA-60c_1_AY664505	ARO:3005326	Strict
resfinder	blaOXA-60d_1_AY664506	ARO:3005326	Strict
resfinder	blaOXA-61_1_AY587956	ARO:3001773	Perfect
resfinder	blaOXA-62_1_AY423074	ARO:3001792	Perfect
resfinder	blaOXA-63_1_AY619003	ARO:3001764	Perfect
resfinder	blaOXA-64_1_AY750907	ARO:3001613	Perfect
resfinder	blaOXA-65_1_AY750908	ARO:3001614	Perfect
resfinder	blaOXA-66_1_AY750909	ARO:3001615	Perfect
resfinder	blaOXA-67_1_DQ491200	ARO:3001437	Perfect
resfinder	blaOXA-68_1_AY750910	ARO:3001616	Perfect
resfinder	blaOXA-69_1_AY859527	ARO:3001617	Perfect
resfinder	blaOXA-70_1_AY750912	ARO:3001618	Perfect
resfinder	blaOXA-71_1_AY750913	ARO:3001619	Perfect
resfinder	blaOXA-72_1_AY739646	ARO:3001705	Perfect
resfinder	blaOXA-73_1_AY762325	ARO:3001785	Perfect
resfinder	blaOXA-74_1_EU161636	ARO:3001798	Perfect
resfinder	blaOXA-75_1_AY859529	ARO:3001620	Perfect
resfinder	blaOXA-76_1_AY949203	ARO:3001621	Perfect
resfinder	blaOXA-77_1_AY949202	ARO:3001622	Perfect
resfinder	blaOXA-78_1_AY862132	ARO:3001645	Perfect
resfinder	blaOXA-79_1_EU019534	ARO:3001633	Perfect
resfinder	blaOXA-7_1_X75562	ARO:3001402	Perfect
resfinder	blaOXA-80_1_EU019535	ARO:3001634	Perfect
resfinder	blaOXA-82_1_DQ987479	ARO:3001635	Perfect
resfinder	blaOXA-83_1_DQ309277	ARO:3001623	Perfect
resfinder	blaOXA-84_1_DQ309276	ARO:3001624	Perfect
resfinder	blaOXA-85_1_JANA01000064	ARO:3001780	Strict
resfinder	blaOXA-86_1_DQ149247	ARO:3001703	Perfect
resfinder	blaOXA-87_1_DQ348075	ARO:3001704	Perfect
resfinder	blaOXA-88_1_DQ392963	ARO:3001626	Perfect
resfinder	blaOXA-89_1_DQ445683	ARO:3001625	Perfect
resfinder	blaOXA-90_1_EU547443	ARO:3001650	Perfect
resfinder	blaOXA-91_1_DQ519086	ARO:3001627	Perfect
resfinder	blaOXA-92_1_DQ335566	ARO:3001632	Perfect
resfinder	blaOXA-93_1_DQ519087	ARO:3001628	Perfect
resfinder	blaOXA-94_1_DQ519088	ARO:3001629	Perfect
resfinder	blaOXA-95_1_DQ519089	ARO:3001630	Perfect
resfinder	blaOXA-96_1_DQ519090	ARO:3001631	Perfect
resfinder	blaOXA-97_1_EF102240	ARO:3001647	Perfect
resfinder	blaOXA-98_1_EU255288	ARO:3001646	Perfect
resfinder	blaOXA-99_1_DQ888718	ARO:3001649	Perfect
resfinder	blaOXA-9_1_KQ089875	ARO:3001404	Perfect
resfinder	blaOXA-SHE_1_AY066004	ARO:3005934	Perfect
resfinder	blaOXY-1-1_1_Z30177	ARO:3002389	Perfect
resfinder	blaOXY-1-2_2_AJ871864	ARO:3002390	Perfect
resfinder	blaOXY-1-3_3_AY077482	ARO:3002391	Perfect
resfinder	blaOXY-1-4_4_AY077483	ARO:3002392	Perfect
resfinder	blaOXY-1-5_5_AY077486	ARO:3002390	Perfect
resfinder	blaOXY-1-6_6_Y17715	ARO:3002394	Perfect
resfinder	blaOXY-1-7_7_M27459	ARO:3002389	Perfect
resfinder	blaOXY-2-10_10_FJ785626	ARO:3002405	Perfect
resfinder	blaOXY-2-1_1_AJ871866	ARO:3002396	Perfect
resfinder	blaOXY-2-2_2_AJ871867	ARO:3002397	Perfect
resfinder	blaOXY-2-3_3_AY077488	ARO:3002398	Perfect
resfinder	blaOXY-2-4_4_Y17714	ARO:3002399	Perfect
resfinder	blaOXY-2-5_5_AY077487	ARO:3002399	Perfect
resfinder	blaOXY-2-6_6_AY077485	ARO:3002401	Perfect
resfinder	blaOXY-2-7_7_Z49084	ARO:3002402	Perfect
resfinder	blaOXY-2-8_8_AY055205	ARO:3002403	Perfect
resfinder	blaOXY-2-9_9_FJ785625	ARO:3002404	Perfect
resfinder	blaOXY-3-1_1_AF491278	ARO:3002409	Perfect
resfinder	blaOXY-4-1_1_AY077481	ARO:3002410	Perfect
resfinder	blaOXY-5-1_1_AJ871868	ARO:3002411	Perfect
resfinder	blaOXY-5-2_2_AJ871871	ARO:3002412	Perfect
resfinder	blaOXY-6-1_1_AJ871873	ARO:3002413	Perfect
resfinder	blaOXY-6-2_2_AJ871875	ARO:3002414	Perfect
resfinder	blaOXY-6-3_3_AJ871876	ARO:3002415	Perfect
resfinder	blaOXY-6-4_4_AJ871877	ARO:3002416	Perfect
resfinder	blaPAM-1_1_AB858498	ARO:3007199	Perfect
resfinder	blaPAO_1_AY083595	ARO:3002497	Perfect
resfinder	blaPAO_2_FJ666065	ARO:3002497	Perfect
resfinder	blaPAO_3_FJ666073	ARO:3002509	Perfect
resfinder	blaPAO_4_AY083592	ARO:3006680	Perfect
resfinder	blaPAU-1_1_MH053445	ARO:3006964	Perfect
resfinder	blaPEDO-1_1_KP109677	ARO:3003670	Perfect
resfinder	blaPEDO-2_1_KP109678	ARO:3003714	Perfect
resfinder	blaPEDO-3_1_KP109679	ARO:3003715	Perfect
resfinder	blaPER-1_1_GU944725	ARO:3002363	Perfect
resfinder	blaPER-2_1_X93314	ARO:3002364	Perfect
resfinder	blaPER-3_1_AY740681	ARO:3002365	Perfect
resfinder	blaPER-4_1_EU748544	ARO:3002366	Perfect
resfinder	blaPER-5_1_FJ627180	ARO:3002367	Perfect
resfinder	blaPER-6_1_GQ396303	ARO:3002368	Perfect
resfinder	blaPER-7_1_HQ713678	ARO:3002369	Perfect
resfinder	blaPLA-3A_1_AY507663	ARO:3006970	Perfect
resfinder	blaPLA-4A_1_AY507664	ARO:3009030	Perfect
resfinder	blaPLA-5A_1_DQ249871	ARO:3009031	Perfect
resfinder	blaPLA-6A_1_DQ251478	ARO:3006971	Perfect
resfinder	blaPLA1a_1_AY302757	ARO:3006968	Perfect
resfinder	blaPLA2a_1_AY307385	ARO:3006969	Perfect
resfinder	blaPME-1_1_HQ541434	ARO:3006973	Perfect
resfinder	blaRAHN-1_1_GU645205	ARO:3006979	Perfect
resfinder	blaRAHN-1_2_AF338038	ARO:3006979	Perfect
resfinder	blaRAHN-2_2_HM114350	ARO:3006980	Perfect
resfinder	blaROB-1_1_DQ840517	ARO:3002995	Perfect
resfinder	blaROB-1_2_AF022114	ARO:3002995	Perfect
resfinder	blaSCO-1_1_EF063111	ARO:3004856	Perfect
resfinder	blaSED1_1_AF321608	ARO:3003561	Perfect
resfinder	blaSFC-1_1_AY354402	ARO:3006985	Perfect
resfinder	blaSFO-1_1_AB003148	ARO:3006986	Perfect
resfinder	blaSGM-1_1_AAQG01000013	ARO:3006987	Perfect
resfinder	blaSGM-2_1_AP010803	ARO:3006988	Strict
resfinder	blaSGM-4_1_CP002798	ARO:3006990	Strict
resfinder	blaSGM-5_1_NG049987	ARO:3006991	Perfect
resfinder	blaSGM-6_1_NG049988	ARO:3006992	Perfect
resfinder	blaSGM-7_1_NG050614	ARO:3006993	Perfect
resfinder	blaSHV-100_1_AM941846	ARO:3001338	Perfect
resfinder	blaSHV-101_1_EU155018	ARO:3001150	Perfect
resfinder	blaSHV-102_1_EU024485	ARO:3001151	Perfect
resfinder	blaSHV-103_1_EU032604	ARO:3001152	Perfect
resfinder	blaSHV-104_1_EU274581	ARO:3001153	Strict
resfinder	blaSHV-105_1_FJ194944	ARO:3001154	Perfect
resfinder	blaSHV-106_1_AM922307	ARO:3001155	Perfect
resfinder	blaSHV-107_1_AM922308	ARO:3001156	Perfect
resfinder	blaSHV-108_1_AM922309	ARO:3001157	Perfect
resfinder	blaSHV-109_1_EU418913	ARO:3001158	Perfect
resfinder	blaSHV-110_1_HQ877615	ARO:3001159	Perfect
resfinder	blaSHV-111_1_AB372881	ARO:3001160	Perfect
resfinder	blaSHV-119_1_JX192924	ARO:3001340	Perfect
resfinder	blaSHV-11_1_X98101	ARO:3001070	Perfect
resfinder	blaSHV-120_1_JF812965	ARO:3001167	Perfect
resfinder	blaSHV-121_1_GQ428198	ARO:3001168	Perfect
resfinder	blaSHV-128_1_GU932590	ARO:3001175	Perfect
resfinder	blaSHV-129_1_GU827715	ARO:3001176	Perfect
resfinder	blaSHV-12_1_KF976405	ARO:3001071	Perfect
resfinder	blaSHV-132_1_GU981741	ARO:3001341	Perfect
resfinder	blaSHV-133_1_AB551737	ARO:3001177	Perfect
resfinder	blaSHV-134_1_HM559945	ARO:3001178	Perfect
resfinder	blaSHV-135_1_HQ637576	ARO:3001179	Perfect
resfinder	blaSHV-137_1_HQ661363	ARO:3001181	Perfect
resfinder	blaSHV-13_1_AF164577	ARO:3001072	Perfect
resfinder	blaSHV-141_1_JQ388884	ARO:3001183	Perfect
resfinder	blaSHV-142_1_JQ029959	ARO:3001184	Perfect
resfinder	blaSHV-143_1_JQ341060	ARO:3001344	Perfect
resfinder	blaSHV-144_1_JQ926986	ARO:3001345	Perfect
resfinder	blaSHV-145_1_JX013655	ARO:3001185	Perfect
resfinder	blaSHV-147_1_JX121114	ARO:3001186	Perfect
resfinder	blaSHV-148_1_JX121115	ARO:3001187	Perfect
resfinder	blaSHV-149_1_JX121116	ARO:3001188	Perfect
resfinder	blaSHV-14_1_AF226622	ARO:3001073	Perfect
resfinder	blaSHV-150_1_JX121117	ARO:3001189	Perfect
resfinder	blaSHV-151_1_JX121118	ARO:3001190	Perfect
resfinder	blaSHV-152_1_JX121119	ARO:3001191	Perfect
resfinder	blaSHV-153_1_JX121120	ARO:3001192	Perfect
resfinder	blaSHV-154_1_JX121121	ARO:3001193	Perfect
resfinder	blaSHV-155_1_JX121122	ARO:3001194	Perfect
resfinder	blaSHV-156_1_JX121123	ARO:3001195	Perfect
resfinder	blaSHV-157_1_JX121124	ARO:3001196	Perfect
resfinder	blaSHV-158_1_JX121125	ARO:3001197	Perfect
resfinder	blaSHV-159_1_JX121126	ARO:3001198	Perfect
resfinder	blaSHV-15_1_AJ011428	ARO:3001074	Perfect
resfinder	blaSHV-160_1_JX121127	ARO:3001199	Perfect
resfinder	blaSHV-161_1_JX121128	ARO:3001200	Perfect
resfinder	blaSHV-162_1_JX121129	ARO:3001201	Perfect
resfinder	blaSHV-163_1_JX121130	ARO:3001202	Perfect
resfinder	blaSHV-164_1_HE981194	ARO:3001347	Perfect
resfinder	blaSHV-165_1_JX121131	ARO:3001203	Perfect
resfinder	blaSHV-168_1_JX870080	ARO:3001352	Perfect
resfinder	blaSHV-16_1_AF072684	ARO:3001075	Perfect
resfinder	blaSHV-172_1_KF513177	ARO:3001356	Perfect
resfinder	blaSHV-173_1_KF513178	ARO:3001357	Perfect
resfinder	blaSHV-178_1_KF705209	ARO:3001361	Perfect
resfinder	blaSHV-179_1_KF705208	ARO:3001362	Perfect
resfinder	blaSHV-180_1_KP050487	ARO:3001350	Perfect
resfinder	blaSHV-182_1_KP050489	ARO:3001364	Perfect
resfinder	blaSHV-183_1_HG934764	ARO:3001351	Perfect
resfinder	blaSHV-185_1_KM233164	ARO:3003152	Perfect
resfinder	blaSHV-186_1_KM233165	ARO:3003153	Perfect
resfinder	blaSHV-187_1_LN515533	ARO:3003154	Strict
resfinder	blaSHV-188_1_LN515534	ARO:3003155	Strict
resfinder	blaSHV-189_1_KP050494	ARO:3003156	Perfect
resfinder	blaSHV-18_1_AF132290	ARO:3001076	Perfect
resfinder	blaSHV-190_1_KP868753	ARO:3003590	Perfect
resfinder	blaSHV-191_1_KP868754	ARO:3003591	Perfect
resfinder	blaSHV-193_1_KR347170	ARO:3005239	Perfect
resfinder	blaSHV-194_1_KX421191	ARO:3005223	Perfect
resfinder	blaSHV-195_1_KX619652	ARO:3005210	Perfect
resfinder	blaSHV-196_1_KX714286	ARO:3005229	Perfect
resfinder	blaSHV-197_1_KT946904	ARO:3005214	Perfect
resfinder	blaSHV-198_1_MF281086	ARO:3005209	Perfect
resfinder	blaSHV-199_1_MF373391	ARO:3005232	Perfect
resfinder	blaSHV-1_1_AF148850	ARO:3001059	Perfect
resfinder	blaSHV-1b-b_1_DQ166783	ARO:3005237	Perfect
resfinder	blaSHV-200_1_MF871643	ARO:3005248	Perfect
resfinder	blaSHV-203_1_MG028656	ARO:3005249	Perfect
resfinder	blaSHV-204_1_MH243356	ARO:3005213	Perfect
resfinder	blaSHV-24_1_AB023477	ARO:3001082	Perfect
resfinder	blaSHV-25_1_AF208796	ARO:3001083	Perfect
resfinder	blaSHV-26_1_AF227204	ARO:3001084	Perfect
resfinder	blaSHV-27_1_AF293345	ARO:3001085	Perfect
resfinder	blaSHV-28_1_AF299299	ARO:3001086	Perfect
resfinder	blaSHV-29_1_AF301532	ARO:3001087	Perfect
resfinder	blaSHV-2_1_AF148851	ARO:3001060	Perfect
resfinder	blaSHV-2a_1_X98102	ARO:3001061	Perfect
resfinder	blaSHV-30_1_AY661885	ARO:3001088	Perfect
resfinder	blaSHV-31_1_AY277255	ARO:3001089	Perfect
resfinder	blaSHV-32_1_AY037778	ARO:3001090	Perfect
resfinder	blaSHV-33_1_AY037779	ARO:3001091	Perfect
resfinder	blaSHV-34_1_AY036620	ARO:3001092	Perfect
resfinder	blaSHV-35_1_AY070258	ARO:3001093	Perfect
resfinder	blaSHV-36_1_AF467947	ARO:3001094	Perfect
resfinder	blaSHV-37_1_AF467948	ARO:3001095	Perfect
resfinder	blaSHV-38_1_AY079099	ARO:3001096	Perfect
resfinder	blaSHV-3_1_KX092356	ARO:3001062	Perfect
resfinder	blaSHV-40_1_AF535128	ARO:3001098	Perfect
resfinder	blaSHV-41_1_AF535129	ARO:3001099	Perfect
resfinder	blaSHV-42_1_AF535130	ARO:3001100	Perfect
resfinder	blaSHV-43_1_AY065991	ARO:3001101	Perfect
resfinder	blaSHV-44_1_AY259119	ARO:3001102	Perfect
resfinder	blaSHV-45_1_AF547625	ARO:3001103	Perfect
resfinder	blaSHV-46_1_AY210887	ARO:3001104	Perfect
resfinder	blaSHV-48_1_AY263404	ARO:3001105	Perfect
resfinder	blaSHV-49_1_AY528718	ARO:3001106	Perfect
resfinder	blaSHV-50_1_AY288915	ARO:3001107	Perfect
resfinder	blaSHV-51_1_AY289548	ARO:3001108	Perfect
resfinder	blaSHV-52_1_HQ845196	ARO:3001109	Perfect
resfinder	blaSHV-55_1_DQ054528	ARO:3001111	Perfect
resfinder	blaSHV-56_1_EU586041	ARO:3001112	Perfect
resfinder	blaSHV-57_1_AY223863	ARO:3001113	Perfect
resfinder	blaSHV-59_1_AY790341	ARO:3001114	Perfect
resfinder	blaSHV-5_1_X55640	ARO:3001064	Perfect
resfinder	blaSHV-60_1_AB302939	ARO:3001115	Perfect
resfinder	blaSHV-61_1_AJ866284	ARO:3001116	Perfect
resfinder	blaSHV-62_1_AJ866285	ARO:3001117	Perfect
resfinder	blaSHV-63_1_EU342351	ARO:3001118	Perfect
resfinder	blaSHV-64_1_DQ174304	ARO:3001119	Perfect
resfinder	blaSHV-65_1_DQ174305	ARO:3001120	Perfect
resfinder	blaSHV-66_1_DQ174306	ARO:3001121	Perfect
resfinder	blaSHV-67_1_DQ174307	ARO:3001122	Perfect
resfinder	blaSHV-69_1_DQ174308	ARO:3001123	Perfect
resfinder	blaSHV-70_1_DQ013287	ARO:3001124	Perfect
resfinder	blaSHV-71_1_AM176546	ARO:3001125	Perfect
resfinder	blaSHV-72_1_AM176547	ARO:3001126	Perfect
resfinder	blaSHV-73_1_AM176548	ARO:3001127	Perfect
resfinder	blaSHV-74_1_AM176549	ARO:3001128	Perfect
resfinder	blaSHV-75_1_AM176550	ARO:3001129	Perfect
resfinder	blaSHV-76_1_AM176551	ARO:3001130	Perfect
resfinder	blaSHV-77_1_EF373975	ARO:3001131	Perfect
resfinder	blaSHV-78_1_AM176553	ARO:3001132	Perfect
resfinder	blaSHV-79_1_AM176554	ARO:3001133	Perfect
resfinder	blaSHV-7_1_U20270	ARO:3001066	Perfect
resfinder	blaSHV-80_1_AM176555	ARO:3001134	Perfect
resfinder	blaSHV-81_1_AM176556	ARO:3001135	Perfect
resfinder	blaSHV-82_1_AM176557	ARO:3001136	Perfect
resfinder	blaSHV-85_1_DQ322460	ARO:3001139	Perfect
resfinder	blaSHV-86_1_DQ328802	ARO:3001140	Perfect
resfinder	blaSHV-89_1_DQ193536	ARO:3001141	Perfect
resfinder	blaSHV-8_1_U92041	ARO:3001067	Perfect
resfinder	blaSHV-92_1_DQ836922	ARO:3001144	Perfect
resfinder	blaSHV-93_1_EF373969	ARO:3001145	Perfect
resfinder	blaSHV-94_1_EF373970	ARO:3001146	Perfect
resfinder	blaSHV-95_1_EF373972	ARO:3001147	Perfect
resfinder	blaSHV-96_1_EF373971	ARO:3001148	Perfect
resfinder	blaSHV-97_1_EF373973	ARO:3001149	Perfect
resfinder	blaSHV-98_1_AM941844	ARO:3001336	Perfect
resfinder	blaSHV-99_1_AM941845	ARO:3001337	Perfect
resfinder	blaSHV-9_1_S82452	ARO:3001068	Perfect
resfinder	blaSIM-1_1_JF731030	ARO:3000846	Perfect
resfinder	blaSMB-1_1_AB636283	ARO:3000854	Perfect
resfinder	blaSME-1_1_Z28968	ARO:3002379	Perfect
resfinder	blaSME-2_1_AF275256	ARO:3002380	Perfect
resfinder	blaSME-3_1_AY584237	ARO:3002381	Perfect
resfinder	blaSPG-1_1_KP109680	ARO:3003720	Manual
resfinder	blaSPM-1_1_AY341249	ARO:3003793	Perfect
resfinder	blaSPU-1_1_GQ919044	ARO:3006998	Perfect
resfinder	blaSRT-1_1_AB008454	ARO:3002493	Perfect
resfinder	blaSRT-2_1_AY524276	ARO:3002494	Perfect
resfinder	blaSST-1_1_AB008455	ARO:3006999	Perfect
resfinder	blaTEM-101_1_AF495873	ARO:3000964	Perfect
resfinder	blaTEM-102_1_AY040093	ARO:3000965	Perfect
resfinder	blaTEM-104_1_AF516719	ARO:3000967	Perfect
resfinder	blaTEM-105_1_AF516720	ARO:3000968	Perfect
resfinder	blaTEM-106_1_AY101578	ARO:3000969	Perfect
resfinder	blaTEM-107_1_AY101764	ARO:3000970	Perfect
resfinder	blaTEM-108_1_AF506748	ARO:3000971	Perfect
resfinder	blaTEM-109_1_AY628175	ARO:3000972	Perfect
resfinder	blaTEM-10_1_AF093512	ARO:3000882	Perfect
resfinder	blaTEM-110_1_AY072920	ARO:3000973	Perfect
resfinder	blaTEM-111_1_AF468003	ARO:3000974	Perfect
resfinder	blaTEM-112_1_AY589493	ARO:3000975	Perfect
resfinder	blaTEM-113_1_AY589494	ARO:3000976	Perfect
resfinder	blaTEM-114_1_AY589495	ARO:3000977	Perfect
resfinder	blaTEM-115_1_AF535127	ARO:3000978	Perfect
resfinder	blaTEM-116_1_AY425988	ARO:3000979	Perfect
resfinder	blaTEM-11_1_AY874537	ARO:3000883	Perfect
resfinder	blaTEM-120_1_AY243512	ARO:3000982	Perfect
resfinder	blaTEM-121_1_AY307374	ARO:3000983	Perfect
resfinder	blaTEM-122_1_AY307100	ARO:3000984	Perfect
resfinder	blaTEM-123_1_AY327539	ARO:3000985	Perfect
resfinder	blaTEM-124_1_AY327540	ARO:3000986	Perfect
resfinder	blaTEM-125_1_AY628176	ARO:3000987	Perfect
resfinder	blaTEM-126_1_AY628199	ARO:3000988	Perfect
resfinder	blaTEM-127_1_AY368236	ARO:3000989	Perfect
resfinder	blaTEM-128_1_AY368237	ARO:3000990	Perfect
resfinder	blaTEM-129_1_AJ746225	ARO:3000993	Perfect
resfinder	blaTEM-12_1_M88143	ARO:3000884	Perfect
resfinder	blaTEM-130_1_AJ866988	ARO:3000994	Perfect
resfinder	blaTEM-131_1_AY436361	ARO:3000995	Perfect
resfinder	blaTEM-132_1_AY491682	ARO:3000996	Perfect
resfinder	blaTEM-133_1_AY528425	ARO:3000997	Perfect
resfinder	blaTEM-134_1_AY574271	ARO:3000998	Perfect
resfinder	blaTEM-135_1_GQ896333	ARO:3000999	Perfect
resfinder	blaTEM-136_1_AY826417	ARO:3001000	Perfect
resfinder	blaTEM-137_1_AM286274	ARO:3001001	Perfect
resfinder	blaTEM-138_1_AY853593	ARO:3001002	Perfect
resfinder	blaTEM-139_1_DQ072853	ARO:3001003	Perfect
resfinder	blaTEM-141_1_AY956335	ARO:3001004	Perfect
resfinder	blaTEM-142_1_DQ388882	ARO:3001005	Perfect
resfinder	blaTEM-143_1_DQ075245	ARO:3001006	Perfect
resfinder	blaTEM-144_1_AM049400	ARO:3001007	Perfect
resfinder	blaTEM-145_1_DQ105528	ARO:3001012	Perfect
resfinder	blaTEM-146_1_DQ105529	ARO:3001013	Perfect
resfinder	blaTEM-147_1_DQ279850	ARO:3001014	Perfect
resfinder	blaTEM-148_1_AM087454	ARO:3001015	Perfect
resfinder	blaTEM-149_1_DQ369751	ARO:3001016	Perfect
resfinder	blaTEM-150_1_AM183304	ARO:3001017	Perfect
resfinder	blaTEM-151_1_DQ834729	ARO:3001018	Perfect
resfinder	blaTEM-152_1_DQ834728	ARO:3001019	Perfect
resfinder	blaTEM-153_1_KC149518	ARO:3001369	Perfect
resfinder	blaTEM-154_1_FJ807656	ARO:3001020	Perfect
resfinder	blaTEM-155_1_DQ679961	ARO:3001021	Perfect
resfinder	blaTEM-156_1_AM941159	ARO:3001022	Perfect
resfinder	blaTEM-157_1_DQ909059	ARO:3001023	Perfect
resfinder	blaTEM-158_1_EF534736	ARO:3001024	Perfect
resfinder	blaTEM-159_1_EF136376	ARO:3001025	Perfect
resfinder	blaTEM-15_1_AM849805	ARO:3000886	Perfect
resfinder	blaTEM-160_1_EF136377	ARO:3001026	Perfect
resfinder	blaTEM-162_1_EF468463	ARO:3001028	Perfect
resfinder	blaTEM-163_1_EU815939	ARO:3001029	Perfect
resfinder	blaTEM-164_1_EU274580	ARO:3001030	Perfect
resfinder	blaTEM-166_1_FJ197316	ARO:3001032	Perfect
resfinder	blaTEM-167_1_FJ360884	ARO:3001033	Perfect
resfinder	blaTEM-168_1_FJ919776	ARO:3001034	Perfect
resfinder	blaTEM-169_1_KP012538	ARO:3001035	Perfect
resfinder	blaTEM-16_1_X65254	ARO:3000887	Perfect
resfinder	blaTEM-171_1_GQ149347	ARO:3001037	Perfect
resfinder	blaTEM-176_1_GU550123	ARO:3001041	Perfect
resfinder	blaTEM-177_1_FN652295	ARO:3001042	Perfect
resfinder	blaTEM-178_1_X97254	ARO:3001043	Perfect
resfinder	blaTEM-17_1_Y14574	ARO:3000888	Perfect
resfinder	blaTEM-181_1_KM977568	ARO:3001044	Perfect
resfinder	blaTEM-182_1_HQ317449	ARO:3001373	Perfect
resfinder	blaTEM-183_1_HQ529916	ARO:3001045	Perfect
resfinder	blaTEM-184_1_FR848831	ARO:3001375	Perfect
resfinder	blaTEM-185_1_JF795538	ARO:3001374	Perfect
resfinder	blaTEM-186_1_JN227084	ARO:3001046	Perfect
resfinder	blaTEM-187_1_HM246246	ARO:3001047	Perfect
resfinder	blaTEM-188_1_JN211012	ARO:3001048	Perfect
resfinder	blaTEM-189_1_JN254627	ARO:3001049	Perfect
resfinder	blaTEM-190_1_JN416112	ARO:3001050	Perfect
resfinder	blaTEM-191_1_KY432484	ARO:3001051	Perfect
resfinder	blaTEM-193_1_JN935135	ARO:3001053	Perfect
resfinder	blaTEM-194_1_JN935136	ARO:3001054	Perfect
resfinder	blaTEM-195_1_JN935137	ARO:3001055	Perfect
resfinder	blaTEM-196_1_JQ034306	ARO:3001376	Perfect
resfinder	blaTEM-197_1_HQ877606	ARO:3001056	Perfect
resfinder	blaTEM-198_1_AB700703	ARO:3001057	Perfect
resfinder	blaTEM-19_1_JX042489	ARO:3000890	Perfect
resfinder	blaTEM-1A_1_HM749966	ARO:3000873	Perfect
resfinder	blaTEM-1B_1_AY458016	ARO:3000873	Perfect
resfinder	blaTEM-1C_1_FJ560503	ARO:3000873	Perfect
resfinder	blaTEM-1D_1_AF188200	ARO:3000873	Perfect
resfinder	blaTEM-201_1_JX310327	ARO:3001378	Perfect
resfinder	blaTEM-205_1_KC900516	ARO:3001382	Perfect
resfinder	blaTEM-206_1_KC783461	ARO:3001383	Perfect
resfinder	blaTEM-207_1_KC818234	ARO:3001384	Perfect
resfinder	blaTEM-208_1_KC865667	ARO:3001385	Perfect
resfinder	blaTEM-209_1_KF240808	ARO:3001386	Perfect
resfinder	blaTEM-20_1_EU527189	ARO:3000891	Perfect
resfinder	blaTEM-210_1_KJ484630	ARO:3001387	Perfect
resfinder	blaTEM-211_1_KF513179	ARO:3001388	Perfect
resfinder	blaTEM-212_1_KF481968	ARO:3001389	Perfect
resfinder	blaTEM-213_1_LJEE02000034	ARO:3001390	Perfect
resfinder	blaTEM-214_1_KP050491	ARO:3001391	Perfect
resfinder	blaTEM-215_1_KP050492	ARO:3001392	Perfect
resfinder	blaTEM-216_1_KF944358	ARO:3001393	Perfect
resfinder	blaTEM-217_1_HG934763	ARO:3001394	Perfect
resfinder	blaTEM-219_1_KM114268	ARO:3003157	Perfect
resfinder	blaTEM-21_1_Y17582	ARO:3000892	Perfect
resfinder	blaTEM-220_1_KM998962	ARO:3003158	Perfect
resfinder	blaTEM-224_1_KU664545	ARO:3005255	Perfect
resfinder	blaTEM-225_1_KY432403	ARO:3005256	Perfect
resfinder	blaTEM-226_1_KY646301	ARO:3005257	Perfect
resfinder	blaTEM-227_1_KY418040	ARO:3005258	Perfect
resfinder	blaTEM-229_1_MG821356	ARO:3005260	Perfect
resfinder	blaTEM-22_1_Y17583	ARO:3000893	Perfect
resfinder	blaTEM-230_1_MG821377	ARO:3005261	Perfect
resfinder	blaTEM-231_1_MG821378	ARO:3005262	Perfect
resfinder	blaTEM-232_1_MH079593	ARO:3005263	Perfect
resfinder	blaTEM-233_1_MH270416	ARO:3005264	Perfect
resfinder	blaTEM-234_1_MH243353	ARO:3005265	Perfect
resfinder	blaTEM-24_1_GQ293500	ARO:3000894	Perfect
resfinder	blaTEM-26_1_LDCJ01000052	ARO:3000896	Perfect
resfinder	blaTEM-28_1_U37195	ARO:3000898	Perfect
resfinder	blaTEM-29_1_DQ269440	ARO:3000899	Perfect
resfinder	blaTEM-2_1_X54606	ARO:3000874	Perfect
resfinder	blaTEM-2_2_AJ251946	ARO:3000874	Perfect
resfinder	blaTEM-30_1_AJ437107	ARO:3000900	Perfect
resfinder	blaTEM-32_1_CXLQ01000061	ARO:3000902	Perfect
resfinder	blaTEM-33_1_GU371926	ARO:3000903	Perfect
resfinder	blaTEM-34_1_KC292503	ARO:3000904	Perfect
resfinder	blaTEM-35_1_KP860986	ARO:3000905	Perfect
resfinder	blaTEM-36_1_KY305958	ARO:3000906	Perfect
resfinder	blaTEM-3_1_X64523	ARO:3000875	Perfect
resfinder	blaTEM-40_1_FR717535	ARO:3000910	Perfect
resfinder	blaTEM-43_1_U95363	ARO:3000912	Perfect
resfinder	blaTEM-45_1_X95401	ARO:3000914	Perfect
resfinder	blaTEM-47_1_Y10279	ARO:3000916	Perfect
resfinder	blaTEM-48_1_Y10280	ARO:3000917	Perfect
resfinder	blaTEM-49_1_Y10281	ARO:3000918	Perfect
resfinder	blaTEM-4_1_LK391770	ARO:3000876	Perfect
resfinder	blaTEM-52B_1_AF027199	ARO:3000921	Perfect
resfinder	blaTEM-52C_2_EF141186	ARO:3000921	Perfect
resfinder	blaTEM-52_1_Y13612	ARO:3000921	Perfect
resfinder	blaTEM-53_1_AF104441	ARO:3000922	Perfect
resfinder	blaTEM-54_1_AF104442	ARO:3000923	Perfect
resfinder	blaTEM-55_1_DQ286729	ARO:3000924	Perfect
resfinder	blaTEM-57_1_FJ405211	ARO:3000926	Perfect
resfinder	blaTEM-60_1_AF047171	ARO:3000929	Perfect
resfinder	blaTEM-63_1_AF332513	ARO:3000931	Perfect
resfinder	blaTEM-67_1_AF091113	ARO:3000934	Perfect
resfinder	blaTEM-68_1_AJ239002	ARO:3000935	Perfect
resfinder	blaTEM-6_1_X57972	ARO:3000878	Perfect
resfinder	blaTEM-70_1_AF188199	ARO:3000936	Perfect
resfinder	blaTEM-71_1_AF203816	ARO:3000937	Perfect
resfinder	blaTEM-72_1_AF157553	ARO:3000938	Perfect
resfinder	blaTEM-76_1_AF190694	ARO:3000942	Perfect
resfinder	blaTEM-77_1_AF190695	ARO:3000939	Perfect
resfinder	blaTEM-78_1_AF190693	ARO:3000944	Perfect
resfinder	blaTEM-79_1_AF190692	ARO:3000946	Perfect
resfinder	blaTEM-80_1_AF347054	ARO:3000947	Perfect
resfinder	blaTEM-81_1_AF427127	ARO:3000948	Perfect
resfinder	blaTEM-82_1_AF427128	ARO:3000949	Perfect
resfinder	blaTEM-83_1_AF427129	ARO:3000950	Perfect
resfinder	blaTEM-84_1_AF427130	ARO:3000951	Perfect
resfinder	blaTEM-85_1_AJ277414	ARO:3000952	Perfect
resfinder	blaTEM-86_1_AJ277415	ARO:3000953	Perfect
resfinder	blaTEM-87_1_AF250872	ARO:3000954	Perfect
resfinder	blaTEM-88_1_AY027590	ARO:3000955	Perfect
resfinder	blaTEM-8_1_X65252	ARO:3000880	Perfect
resfinder	blaTEM-90_1_AF351241	ARO:3000957	Perfect
resfinder	blaTEM-91_1_AB049569	ARO:3000958	Perfect
resfinder	blaTEM-92_1_AF143804	ARO:3000959	Perfect
resfinder	blaTEM-93_1_AJ318093	ARO:3000960	Perfect
resfinder	blaTEM-94_1_AJ318094	ARO:3000961	Perfect
resfinder	blaTEM-95_1_AJ308558	ARO:3000962	Perfect
resfinder	blaTEM-96_1_AY092401	ARO:3000963	Perfect
resfinder	blaTEM-97_1_AF397067	ARO:3006139	Strict
resfinder	blaTEM-98_1_AF397068	ARO:3006139	Perfect
resfinder	blaTEM-99_1_AF397066	ARO:3006140	Perfect
resfinder	blaTEM-9_1_KY271103	ARO:3000881	Perfect
resfinder	blaTER-1_1_FJ263091	ARO:3007001	Perfect
resfinder	blaTER-2_1_FJ263090	ARO:3007007	Perfect
resfinder	blaTLA-1_1_AF148067	ARO:3003202	Perfect
resfinder	blaTMB-1_1_FR771847	ARO:3004105	Perfect
resfinder	blaTMB-2_1_AB758277	ARO:3004106	Perfect
resfinder	blaTRU_1_EU046614	ARO:3004450	Perfect
resfinder	blaTUS-1_1_AF441287	ARO:3000844	Perfect
resfinder	blaVCC-1_1_KT818596	ARO:3003713	Perfect
resfinder	blaVEB-1_1_HM370393	ARO:3002378	Perfect
resfinder	blaVEB-1_3_DQ393569	ARO:3002370	Perfect
resfinder	blaVEB-1_4_AF324834	ARO:3003712	Perfect
resfinder	blaVEB-2_1_AY027870	ARO:3002371	Perfect
resfinder	blaVEB-3_1_AY536519	ARO:3002372	Perfect
resfinder	blaVEB-4_1_EF136375	ARO:3002373	Perfect
resfinder	blaVEB-5_1_EF420108	ARO:3002375	Perfect
resfinder	blaVEB-6_1_EU259884	ARO:3002374	Perfect
resfinder	blaVEB-7_1_FJ825622	ARO:3002376	Perfect
resfinder	blaVEB-8_1_JX679208	ARO:3002377	Perfect
resfinder	blaVHH-1_1_NG050334	ARO:3007003	Perfect
resfinder	blaVHW-1_1_AF217648	ARO:3007004	Perfect
resfinder	blaVIM-10_1_AY524989	ARO:3002280	Perfect
resfinder	blaVIM-11_1_AY605049	ARO:3002281	Perfect
resfinder	blaVIM-12_1_DQ143913	ARO:3002282	Perfect
resfinder	blaVIM-13_1_DQ365886	ARO:3002283	Perfect
resfinder	blaVIM-14_1_FJ445404	ARO:3002284	Perfect
resfinder	blaVIM-15_1_EU419745	ARO:3002285	Perfect
resfinder	blaVIM-16_1_EU419746	ARO:3002286	Perfect
resfinder	blaVIM-17_1_EU118148	ARO:3002287	Perfect
resfinder	blaVIM-18_1_AM778091	ARO:3002288	Perfect
resfinder	blaVIM-19_1_FJ499397	ARO:3002289	Perfect
resfinder	blaVIM-1_1_Y18050	ARO:3002271	Perfect
resfinder	blaVIM-20_1_GQ414736	ARO:3002290	Perfect
resfinder	blaVIM-23_1_GQ242167	ARO:3002293	Perfect
resfinder	blaVIM-24_1_HM855205	ARO:3002294	Perfect
resfinder	blaVIM-25_1_HM750249	ARO:3002295	Perfect
resfinder	blaVIM-26_1_FR748153	ARO:3002296	Perfect
resfinder	blaVIM-27_1_HQ858608	ARO:3002297	Perfect
resfinder	blaVIM-28_1_JF900599	ARO:3002298	Perfect
resfinder	blaVIM-29_1_JX311308	ARO:3002299	Perfect
resfinder	blaVIM-2_1_AF302086	ARO:3002272	Perfect
resfinder	blaVIM-30_1_JN129451	ARO:3002300	Perfect
resfinder	blaVIM-31_1_JN982330	ARO:3002301	Perfect
resfinder	blaVIM-32_1_JN676230	ARO:3002302	Perfect
resfinder	blaVIM-33_1_JX258134	ARO:3002303	Perfect
resfinder	blaVIM-34_1_JX013656	ARO:3002304	Perfect
resfinder	blaVIM-35_1_JX982634	ARO:3002305	Perfect
resfinder	blaVIM-36_1_JX982635	ARO:3002306	Perfect
resfinder	blaVIM-37_1_JX982636	ARO:3002307	Perfect
resfinder	blaVIM-38_1_KC469971	ARO:3002308	Perfect
resfinder	blaVIM-39_1_KF131539	ARO:3002309	Perfect
resfinder	blaVIM-3_1_AF300454	ARO:3002273	Perfect
resfinder	blaVIM-40_1_HG934765	ARO:3002310	Perfect
resfinder	blaVIM-41_1_KP771862	ARO:3002311	Perfect
resfinder	blaVIM-42_1_KP071470	ARO:3003178	Perfect
resfinder	blaVIM-43_1_KP096412	ARO:3003179	Perfect
resfinder	blaVIM-44_1_KP681696	ARO:3003660	Perfect
resfinder	blaVIM-45_1_KP681695	ARO:3003661	Perfect
resfinder	blaVIM-46_1_KP749829	ARO:3003662	Perfect
resfinder	blaVIM-47_1_KT954134	ARO:3005495	Perfect
resfinder	blaVIM-48_1_KY362199	ARO:3002272	Strict
resfinder	blaVIM-49_1_KU663374	ARO:3005497	Perfect
resfinder	blaVIM-4_1_EU581706	ARO:3002274	Perfect
resfinder	blaVIM-50_1_KU663375	ARO:3005498	Perfect
resfinder	blaVIM-51_1_KU746270	ARO:3005499	Perfect
resfinder	blaVIM-52_1_KX349731	ARO:3005500	Perfect
resfinder	blaVIM-54_1_KY508061	ARO:3005502	Perfect
resfinder	blaVIM-56_1_MG834535	ARO:3005504	Perfect
resfinder	blaVIM-57_1_MH450217	ARO:3005505	Perfect
resfinder	blaVIM-5_1_DQ023222	ARO:3002275	Perfect
resfinder	blaVIM-6_1_AY165025	ARO:3002276	Perfect
resfinder	blaVIM-7_1_AJ536835	ARO:3002277	Perfect
resfinder	blaVIM-8_1_AY524987	ARO:3002278	Perfect
resfinder	blaVIM-9_1_AY524988	ARO:3002279	Perfect
resfinder	blaVMB-1_1_MN719868	ARO:3005015	Strict
resfinder	blaVMB-2_1_MN865127	ARO:3007062	Perfect
resfinder	blaZEG-1_1_AY265891	ARO:3007903	Strict
resfinder	blaZ_100_LTMH01000008	ARO:3008823	Strict
resfinder	blaZ_101_LTLP01000099	ARO:3008823	Strict
resfinder	blaZ_102_MLQA01000023	ARO:3008823	Strict
resfinder	blaZ_103_FQSJ01000009	ARO:3008823	Strict
resfinder	blaZ_104_FQHI01000006	ARO:3008823	Strict
resfinder	blaZ_105_FQJS01000007	ARO:3008823	Strict
resfinder	blaZ_106_FQHX01000011	ARO:3008823	Strict
resfinder	blaZ_107_FQDM01000011	ARO:3008823	Strict
resfinder	blaZ_108_FQPO01000005	ARO:3008823	Strict
resfinder	blaZ_109_AOAS01000022	ARO:3008823	Strict
resfinder	blaZ_10_FR823292	ARO:3005097	Strict
resfinder	blaZ_110_AJCZ01000013	ARO:3008823	Strict
resfinder	blaZ_111_AJCN01000010	ARO:3008823	Strict
resfinder	blaZ_112_AKGL01000044	ARO:3008823	Strict
resfinder	blaZ_113_AHVS01000008	ARO:3008823	Strict
resfinder	blaZ_114_NC_013379	ARO:3008823	Strict
resfinder	blaZ_115_FN433596	ARO:3008823	Strict
resfinder	blaZ_116_NC_013348	ARO:3000621	Strict
resfinder	blaZ_117_ACHE01000004	ARO:3008823	Strict
resfinder	blaZ_118_NC_004461	ARO:3008823	Strict
resfinder	blaZ_119_NZ_CANQ01000029	ARO:3008823	Strict
resfinder	blaZ_11_AJ400722	ARO:3008823	Strict
resfinder	blaZ_120_NZ_ALWG01000005	ARO:3008823	Strict
resfinder	blaZ_121_AIWM01000014	ARO:3008823	Strict
resfinder	blaZ_122_NZ_AJGE01000057	ARO:3008823	Strict
resfinder	blaZ_123_NC_013653	ARO:3008823	Strict
resfinder	blaZ_124_NC_013944	ARO:3008823	Strict
resfinder	blaZ_125_CP003194	ARO:3008823	Strict
resfinder	blaZ_126_NC_013374	ARO:3008823	Strict
resfinder	blaZ_127_ACFR01000018	ARO:3008823	Strict
resfinder	blaZ_128_GQ900471	ARO:3008823	Strict
resfinder	blaZ_12_M15195	ARO:3007101	Strict
resfinder	blaZ_130_AHKZ01000073	ARO:3008823	Strict
resfinder	blaZ_131_GQ900485	ARO:3008823	Strict
resfinder	blaZ_132_AHVO01000010	ARO:3008823	Strict
resfinder	blaZ_133_AIDT01000014	ARO:3008823	Strict
resfinder	blaZ_134_NZ_AJGE01000047	ARO:3008823	Strict
resfinder	blaZ_135_AB811795	ARO:3008823	Strict
resfinder	blaZ_136_NZ_ALWE01000009	ARO:3008823	Strict
resfinder	blaZ_137_GQ915265	ARO:3008823	Strict
resfinder	blaZ_138_CP003979	ARO:3008823	Strict
resfinder	blaZ_13_KF471116	ARO:3008823	Strict
resfinder	blaZ_14_JBAG01000015	ARO:3008823	Strict
resfinder	blaZ_15_JAZQ01000018	ARO:3008823	Strict
resfinder	blaZ_16_JBTH01000015	ARO:3008823	Strict
resfinder	blaZ_17_JDDF01000008	ARO:3008823	Strict
resfinder	blaZ_18_JBQW01000016	ARO:3008823	Strict
resfinder	blaZ_19_JBMK01000007	ARO:3008823	Strict
resfinder	blaZ_1_CP000704	ARO:3008823	Strict
resfinder	blaZ_20_JBVX01000014	ARO:3008823	Strict
resfinder	blaZ_21_JGQH01000014	ARO:3008823	Strict
resfinder	blaZ_22_JCHI01000035	ARO:3008823	Strict
resfinder	blaZ_23_JBND01000015	ARO:3008823	Strict
resfinder	blaZ_24_JBLQ01000018	ARO:3008823	Strict
resfinder	blaZ_25_JBKK01000017	ARO:3008823	Strict
resfinder	blaZ_26_JBJP01000007	ARO:3008823	Strict
resfinder	blaZ_27_JDGZ01000043	ARO:3008823	Strict
resfinder	blaZ_28_JDYO01000009	ARO:3008823	Strict
resfinder	blaZ_29_JDXN01000019	ARO:3008823	Strict
resfinder	blaZ_2_CP000731	ARO:3008823	Strict
resfinder	blaZ_30_JGUQ01000012	ARO:3008823	Strict
resfinder	blaZ_31_JIFU01000008	ARO:3008823	Strict
resfinder	blaZ_32_JINH01000005	ARO:3000621	Strict
resfinder	blaZ_33_JIXQ01000012	ARO:3008823	Strict
resfinder	blaZ_34_JJAO01000008	ARO:3008823	Strict
resfinder	blaZ_35_JIVZ01000012	ARO:3008823	Strict
resfinder	blaZ_36_JITV01000006	ARO:3008823	Strict
resfinder	blaZ_37_JIFD01000012	ARO:3008823	Strict
resfinder	blaZ_38_NZ_JEMM01000040	ARO:3008823	Strict
resfinder	blaZ_39_JHTU01000073	ARO:3008823	Strict
resfinder	blaZ_3_CP000732	ARO:3000621	Strict
resfinder	blaZ_40_NZ_AZBT01000050	ARO:3000621	Strict
resfinder	blaZ_41_AENR01000015	ARO:3008823	Strict
resfinder	blaZ_42_CCEE01000006	ARO:3008823	Strict
resfinder	blaZ_43_NZ_CAVU010000015	ARO:3008823	Strict
resfinder	blaZ_44_NZ_JWJJ01000015	ARO:3008823	Strict
resfinder	blaZ_45_CP010941	ARO:3008823	Strict
resfinder	blaZ_46_CP010944	ARO:3000621	Strict
resfinder	blaZ_47_NZ_JYGF01000020	ARO:3008823	Strict
resfinder	blaZ_48_CFPA01000022	ARO:3008823	Strict
resfinder	blaZ_49_CVLS01000543	ARO:3008823	Strict
resfinder	blaZ_4_X04121	ARO:3008823	Strict
resfinder	blaZ_50_KR230047	ARO:3008823	Strict
resfinder	blaZ_51_NZ_JVWO01000108	ARO:3000621	Strict
resfinder	blaZ_52_NZ_JVWM01000127	ARO:3008823	Strict
resfinder	blaZ_53_NZ_JUXQ01000001	ARO:3008823	Strict
resfinder	blaZ_54_NZ_JVRB01000003	ARO:3008823	Strict
resfinder	blaZ_55_NZ_JVLY01000044	ARO:3008823	Strict
resfinder	blaZ_56_NZ_JUMU01000089	ARO:3008823	Strict
resfinder	blaZ_57_NZ_JURP01000126	ARO:3008823	Strict
resfinder	blaZ_58_NZ_JUUA01000057	ARO:3008823	Strict
resfinder	blaZ_59_NZ_JVBT01000063	ARO:3008823	Strict
resfinder	blaZ_5_AJ302698	ARO:3008823	Strict
resfinder	blaZ_60_NZ_JVML01000111	ARO:3008823	Strict
resfinder	blaZ_61_NZ_JVAT01000021	ARO:3008823	Strict
resfinder	blaZ_62_NZ_JVOH01000023	ARO:3000621	Strict
resfinder	blaZ_63_NZ_JUMX01000103	ARO:3008823	Strict
resfinder	blaZ_64_CSJB01000017	ARO:3008823	Strict
resfinder	blaZ_65_CSEV01000005	ARO:3008823	Strict
resfinder	blaZ_66_CSGM01000014	ARO:3008823	Strict
resfinder	blaZ_67_NZ_CTTL01000039	ARO:3008823	Strict
resfinder	blaZ_68_NZ_CUHK01000055	ARO:3008823	Strict
resfinder	blaZ_69_NZ_CUHB01000033	ARO:3008823	Strict
resfinder	blaZ_6_AP003139	ARO:3008823	Strict
resfinder	blaZ_70_NZ_CUEK01000047	ARO:3008823	Strict
resfinder	blaZ_71_NZ_CUGR01000082	ARO:3008823	Strict
resfinder	blaZ_72_NZ_CUHG01000035	ARO:3008823	Strict
resfinder	blaZ_73_CYNA01000004	ARO:3008823	Strict
resfinder	blaZ_74_CZWI01000159	ARO:3008823	Strict
resfinder	blaZ_75_LNTF01000008	ARO:3008823	Strict
resfinder	blaZ_76_FFOR01000002	ARO:3008823	Strict
resfinder	blaZ_77_FGNH01000009	ARO:3008823	Strict
resfinder	blaZ_78_KU607301	ARO:3008823	Strict
resfinder	blaZ_79_KU607584	ARO:3008823	Strict
resfinder	blaZ_7_AP004832	ARO:3008823	Strict
resfinder	blaZ_80_KU607855	ARO:3008823	Strict
resfinder	blaZ_81_FGJZ01000020	ARO:3008823	Strict
resfinder	blaZ_82_FGSJ01000003	ARO:3008823	Strict
resfinder	blaZ_83_FGWO01000019	ARO:3008823	Strict
resfinder	blaZ_84_FHDH01000010	ARO:3008823	Strict
resfinder	blaZ_86_AIZE01000023	ARO:3008823	Strict
resfinder	blaZ_87_NZ_LRNC01000042	ARO:3008823	Strict
resfinder	blaZ_88_FKTX01000011	ARO:3008823	Strict
resfinder	blaZ_89_FKPS01000007	ARO:3008823	Strict
resfinder	blaZ_8_HE993884	ARO:3005097	Strict
resfinder	blaZ_90_FKVU01000010	ARO:3008823	Strict
resfinder	blaZ_91_FKQH01000022	ARO:3008823	Strict
resfinder	blaZ_92_FKWG01000001	ARO:3008823	Strict
resfinder	blaZ_93_FKQA01000038	ARO:3008823	Strict
resfinder	blaZ_94_LYRW01000005	ARO:3008823	Strict
resfinder	blaZ_95_MAJJ01000071	ARO:3008823	Strict
resfinder	blaZ_96_LNDI01000019	ARO:3008823	Strict
resfinder	blaZ_97_FMOK01000003	ARO:3008823	Strict
resfinder	blaZ_98_LTEF01000041	ARO:3008823	Strict
resfinder	blaZ_99_LTNH01000008	ARO:3008823	Strict
resfinder	blaZ_9_DQ269019	ARO:3008823	Strict
resfinder	car(A)_1_M80346	ARO:3002817	Strict
resfinder	cat(pC194)_1_NC_002013	ARO:3004455	Strict
resfinder	cat(pC221)_1_X02529	ARO:3004457	Strict
resfinder	cat(pC233)_1_AY355285	ARO:3004456	Perfect
resfinder	cat86_1_K00544	ARO:3002672	Strict
resfinder	catA1_1_V00622	ARO:3002683	Perfect
resfinder	catA2_1_X53796	ARO:3004656	Perfect
resfinder	catA3_1_X07848	ARO:3002685	Perfect
resfinder	catB10_1_AJ878850	ARO:3003110	Strict
resfinder	catB1_1_M58472	ARO:3004451	Perfect
resfinder	catB2_1_AF047479	ARO:3002675	Strict
resfinder	catB3_1_AJ009818	ARO:3002676	Strict
resfinder	catB3_2_U13880	ARO:3002676	Perfect
resfinder	catB7_1_AF036933	ARO:3002679	Perfect
resfinder	catB8_1_AF227506	ARO:3002680	Perfect
resfinder	catB9_1_AF462019	ARO:3002681	Perfect
resfinder	catB_1_M93113	ARO:3002674	Perfect
resfinder	catP_1_U15027	ARO:3002686	Perfect
resfinder	catQ_1_M55620	ARO:3002687	Perfect
resfinder	catS_1_X74948	ARO:3002688	Strict
resfinder	cat_1_M11587	ARO:3004657	Perfect
resfinder	cat_2_M35190	ARO:3004454	Perfect
resfinder	cat_3_S48276	ARO:3004460	Perfect
resfinder	cat_4_AY238971	ARO:3004452	Perfect
resfinder	cat_5_U35036	ARO:3004658	Strict
resfinder	cepA-29_1_U05884	ARO:3006224	Perfect
resfinder	cepA-44_1_U05885	ARO:3006225	Perfect
resfinder	cepA-49_1_U05886	ARO:3006226	Perfect
resfinder	cepA_1_L13472	ARO:3003559	Perfect
resfinder	cepA_1_U05887	ARO:3006225	Strict
resfinder	cepA_6_FR688022	ARO:3003559	Strict
resfinder	cfiA10_1_AB087227	ARO:3006906	Perfect
resfinder	cfiA13_1_FM200787	ARO:3000578	Perfect
resfinder	cfiA14_1_FM200789	ARO:3006908	Perfect
resfinder	cfiA1_1_AB087225	ARO:3006912	Perfect
resfinder	cfiA2_1_AB087226	ARO:3006912	Perfect
resfinder	cfiA3_1_AB087228	ARO:3006912	Perfect
resfinder	cfiA4_1_AB087229	ARO:3006919	Perfect
resfinder	cfiA6_1_AB087231	ARO:3006912	Perfect
resfinder	cfiA8_1_AB087233	ARO:3006920	Perfect
resfinder	cfiA9_1_AB087234	ARO:3006921	Perfect
resfinder	cfr(B)_1_KM359439	ARO:3004649	Perfect
resfinder	cfr(B)_2_KM359438	ARO:3004599	Perfect
resfinder	cfr(B)_3_KR610408	ARO:3004649	Strict
resfinder	cfr_1_AM408573	ARO:3003441	Perfect
resfinder	cfr_2_AJ879565	ARO:3003441	Strict
resfinder	cfxA2_1_AF504914	ARO:3003002	Strict
resfinder	cfxA3_1_AF472622	ARO:3003003	Perfect
resfinder	cfxA4_1_AY769933	ARO:3003005	Perfect
resfinder	cfxA5_1_AY769934	ARO:3003096	Perfect
resfinder	cfxA6_1_GQ342996	ARO:3003097	Perfect
resfinder	cfxA_1_U38243	ARO:3003001	Perfect
resfinder	cmlA1_1_M64556	ARO:3002693	Strict
resfinder	cmlA1_2_AB212941	ARO:3002695	Strict
resfinder	cmlB1_1_AM296481	ARO:3002699	Strict
resfinder	cmlV_1_U09991	ARO:3002700	Perfect
resfinder	cmrA_1_Z12001	ARO:3002701	Strict
resfinder	cmx_1_U85507	ARO:3002703	Strict
resfinder	cphA1_1_AY261379	ARO:3003094	Strict
resfinder	cphA1_2_AY261377	ARO:3003102	Strict
resfinder	cphA1_3_AY261378	ARO:3003093	Strict
resfinder	cphA1_4_AY261376	ARO:3003101	Strict
resfinder	cphA1_7_X57102	ARO:3003094	Strict
resfinder	cphA2_6_AHU60294	ARO:3003099	Perfect
resfinder	cphA4_1_AY227050	ARO:3003100	Perfect
resfinder	cphA5_1_AY227051	ARO:3003101	Perfect
resfinder	cphA6_1_AY227052	ARO:3003102	Perfect
resfinder	cphA7_1_AY227053	ARO:3003103	Perfect
resfinder	cphA8_1_AY261375	ARO:3003104	Perfect
resfinder	crpP_1_HM560971	ARO:3004467	Manual
resfinder	dfrA10_1_L06418	ARO:3003011	Perfect
resfinder	dfrA12_10_FM877486	ARO:3002858	Strict
resfinder	dfrA12_1_FJ763641	ARO:3002858	Strict
resfinder	dfrA12_2_KJ546436	ARO:3002858	Strict
resfinder	dfrA12_3_KJ568502	ARO:3002858	Strict
resfinder	dfrA12_4_EU650399	ARO:3002858	Strict
resfinder	dfrA12_5_FR875302	ARO:3002858	Strict
resfinder	dfrA12_6_AY551331	ARO:3002858	Strict
resfinder	dfrA12_7_AB196348	ARO:3002858	Strict
resfinder	dfrA12_8_AM040708	ARO:3002858	Perfect
resfinder	dfrA12_9_DQ995286	ARO:3002858	Strict
resfinder	dfrA13_1_Z50802	ARO:3003012	Perfect
resfinder	dfrA14_1_KF921535	ARO:3002859	Strict
resfinder	dfrA14_2_Z50805	ARO:3002859	Strict
resfinder	dfrA14_3_Z50804	ARO:3002859	Strict
resfinder	dfrA14_4_AF393510	ARO:3002859	Strict
resfinder	dfrA14_5_DQ388123	ARO:3002859	Strict
resfinder	dfrA15_1_AF156486	ARO:3004640	Strict
resfinder	dfrA15_2_AF221900	ARO:3003013	Strict
resfinder	dfrA15_3_DQ647028	ARO:3003013	Strict
resfinder	dfrA15_4_AJ867237	ARO:3004640	Strict
resfinder	dfrA16_1_AF077008	ARO:3003014	Strict
resfinder	dfrA16_2_AF174129	ARO:3003014	Strict
resfinder	dfrA16_3_AY878718	ARO:3003014	Strict
resfinder	dfrA16_4_EU158182	ARO:3003014	Strict
resfinder	dfrA17_10_AM937244	ARO:3002860	Strict
resfinder	dfrA17_11_JN645876	ARO:3002860	Strict
resfinder	dfrA17_1_FJ460238	ARO:3002860	Strict
resfinder	dfrA17_2_JN645879	ARO:3002860	Strict
resfinder	dfrA17_3_JQ414038	ARO:3002860	Strict
resfinder	dfrA17_4_JQ837988	ARO:3002860	Strict
resfinder	dfrA17_5_GU358475	ARO:3002860	Strict
resfinder	dfrA17_6_AF180469	ARO:3002860	Strict
resfinder	dfrA17_7_AB196349	ARO:3002860	Strict
resfinder	dfrA17_8_AM932673	ARO:3002860	Strict
resfinder	dfrA17_9_FJ807902	ARO:3002860	Strict
resfinder	dfrA18_1_AY034138	ARO:3004568	Perfect
resfinder	dfrA19_1_AJ310778	ARO:3003015	Perfect
resfinder	dfrA19_2_EU855687	ARO:3003015	Strict
resfinder	dfrA1_10_AF203818	ARO:3002854	Strict
resfinder	dfrA1_11_AJ419168	ARO:3002854	Strict
resfinder	dfrA1_12_AY141977	ARO:3002854	Strict
resfinder	dfrA1_13_DQ018382	ARO:3002854	Strict
resfinder	dfrA1_14_AB199789	ARO:3002854	Strict
resfinder	dfrA1_15_FM207631	ARO:3002854	Strict
resfinder	dfrA1_16_FJ001872	ARO:3002854	Strict
resfinder	dfrA1_17_FJ489928	ARO:3002854	Strict
resfinder	dfrA1_1_FJ591049	ARO:3002854	Strict
resfinder	dfrA1_2_HM055363	ARO:3002854	Strict
resfinder	dfrA1_3_GU726913	ARO:3002854	Strict
resfinder	dfrA1_4_AB188271	ARO:3002854	Strict
resfinder	dfrA1_5_EU089668	ARO:3002854	Strict
resfinder	dfrA1_6_FJ215857	ARO:3002854	Strict
resfinder	dfrA1_7_AJ400733	ARO:3002854	Strict
resfinder	dfrA1_8_X00926	ARO:3002854	Strict
resfinder	dfrA1_9_AJ238350	ARO:3002854	Strict
resfinder	dfrA20_1_AJ605332	ARO:3003016	Perfect
resfinder	dfrA21_1_AY552589	ARO:3003017	Perfect
resfinder	dfrA22_1_KC200566	ARO:3005354	Strict
resfinder	dfrA22_2_KF525301	ARO:3003018	Perfect
resfinder	dfrA22_3_FM957884	ARO:3005354	Strict
resfinder	dfrA22_4_AJ628423	ARO:3005354	Perfect
resfinder	dfrA22_5_AJ968952	ARO:3005354	Strict
resfinder	dfrA23_1_AJ746361	ARO:3003019	Perfect
resfinder	dfrA24_1_AJ972619	ARO:3002856	Perfect
resfinder	dfrA25_1_DQ267940	ARO:3003020	Perfect
resfinder	dfrA26_1_AM403715	ARO:3002857	Perfect
resfinder	dfrA27_1_FJ459817	ARO:3004550	Strict
resfinder	dfrA28_2_FM877476	ARO:3004551	Strict
resfinder	dfrA30_1_AM997279	ARO:3004552	Strict
resfinder	dfrA31_1_AB200915	ARO:3005084	Perfect
resfinder	dfrA32_1_GU067642	ARO:3004555	Strict
resfinder	dfrA34_1_JYRF01000065	ARO:3005346	Perfect
resfinder	dfrA35_1_CP024557	ARO:3005164	Perfect
resfinder	dfrA36_1_CP038791	ARO:3005348	Strict
resfinder	dfrA3_1_J03306	ARO:3003105	Perfect
resfinder	dfrA5_1_X12868	ARO:3002861	Strict
resfinder	dfrA5_2_FJ001870	ARO:3002861	Strict
resfinder	dfrA5_3_KF030794	ARO:3002861	Strict
resfinder	dfrA5_4_AY139589	ARO:3002861	Strict
resfinder	dfrA6_1_Z86002	ARO:3004644	Perfect
resfinder	dfrA6_2_FJ905898	ARO:3004547	Perfect
resfinder	dfrA7_1_AB161450	ARO:3002862	Strict
resfinder	dfrA7_2_AJ884724	ARO:3002862	Strict
resfinder	dfrA7_3_EU339235	ARO:3002862	Strict
resfinder	dfrA7_4_FN563072	ARO:3002862	Strict
resfinder	dfrA8_1_U10186	ARO:3002863	Perfect
resfinder	dfrA9_1_X57730	ARO:3004548	Perfect
resfinder	dfrB1_1_U36276	ARO:3002864	Perfect
resfinder	dfrB1_2_AM993098	ARO:3005350	Strict
resfinder	dfrB2_1_J01773	ARO:3003021	Perfect
resfinder	dfrB2_2_AY553333	ARO:3003021	Strict
resfinder	dfrB3_1_X72585	ARO:3003022	Perfect
resfinder	dfrB3_2_FM877478	ARO:3003022	Perfect
resfinder	dfrB4_1_AJ429132	ARO:3004498	Strict
resfinder	dfrB4_2_EU339233	ARO:3004498	Perfect
resfinder	dfrB4_3_HQ317921	ARO:3004498	Strict
resfinder	dfrB5_1_AY943084	ARO:3004549	Perfect
resfinder	dfrB6_1_DQ274503	ARO:3003023	Perfect
resfinder	dfrB7_1_DQ993182	ARO:3005350	Strict
resfinder	dfrB8_1_GU295656	ARO:3004556	Perfect
resfinder	dfrD_1_Z50141	ARO:3002866	Strict
resfinder	dfrG_1_AB205645	ARO:3002868	Perfect
resfinder	dfrK_1_FN377602	ARO:3002869	Strict
resfinder	dfrK_2_FN677369	ARO:3002869	Strict
resfinder	dfrK_3_FN812951	ARO:3002869	Perfect
resfinder	dldHA2X_1_AL939117	ARO:3003970	Manual
resfinder	ere(A)_1_AY183453	ARO:3000361	Perfect
resfinder	ere(A)_2_AF099140	ARO:3002826	Perfect
resfinder	ere(A)_3_AF326209	ARO:3002826	Strict
resfinder	ere(A)_4_AF512546	ARO:3002826	Perfect
resfinder	ere(A)_5_FN396877	ARO:3002826	Strict
resfinder	ere(A)_6_DQ157752	ARO:3000361	Strict
resfinder	ere(B)_1_A15097	ARO:3000363	Strict
resfinder	ere(B)_2_X03988	ARO:3000363	Perfect
resfinder	ere(D)_1_KP265721	ARO:3004608	Perfect
resfinder	erm(30)_1_AF079138	ARO:3001265	Perfect
resfinder	erm(31)_1_AF079138	ARO:3000598	Perfect
resfinder	erm(32)_1_AJ009971	ARO:3004592	Perfect
resfinder	erm(33)_1_AJ579365	ARO:3000599	Perfect
resfinder	erm(34)_1_AY234334	ARO:3000600	Perfect
resfinder	erm(35)_1_AF319779	ARO:3000604	Perfect
resfinder	erm(36)_1_AF462611	ARO:3000605	Perfect
resfinder	erm(37)_1_AL123456	ARO:3000392	Strict
resfinder	erm(38)_1_AY154657	ARO:3000601	Strict
resfinder	erm(39)_1_AY487229	ARO:3000602	Strict
resfinder	erm(40)_1_AY570506	ARO:3004606	Strict
resfinder	erm(41)_1_EU177504	ARO:3000603	Strict
resfinder	erm(42)_1_FR734406	ARO:3003106	Perfect
resfinder	erm(42)_2_AB601890	ARO:3003106	Strict
resfinder	erm(43)_1_HE650138	ARO:3003205	Perfect
resfinder	erm(44)_1_HG796218	ARO:3003971	Perfect
resfinder	erm(45)_1_LN680996	ARO:3004595	Perfect
resfinder	erm(46)_1_KM679362	ARO:3004596	Perfect
resfinder	erm(47)_1_KU612222	ARO:3003908	Perfect
resfinder	erm(48)_1_LT223129	ARO:3004094	Perfect
resfinder	erm(50)_1_LC473083	ARO:3007032	Perfect
resfinder	erm(A)_1_X03216	ARO:3000347	Perfect
resfinder	erm(A)_2_AF002716	ARO:3005099	Perfect
resfinder	erm(A)_3_EU348758	ARO:3000347	Strict
resfinder	erm(B)_10_U86375	ARO:3000375	Strict
resfinder	erm(B)_11_M19270	ARO:3000375	Strict
resfinder	erm(B)_12_U18931	ARO:3000375	Strict
resfinder	erm(B)_15_U48430	ARO:3000375	Strict
resfinder	erm(B)_18_X66468	ARO:3000375	Strict
resfinder	erm(B)_1_JN899585	ARO:3000375	Strict
resfinder	erm(B)_20_AF109075	ARO:3000375	Strict
resfinder	erm(B)_21_U35228	ARO:3000375	Strict
resfinder	erm(B)_22_X52632	ARO:3000375	Strict
resfinder	erm(B)_23_X72021	ARO:3000375	Strict
resfinder	erm(B)_26_AF080450	ARO:3000375	Strict
resfinder	erm(B)_2_K00551	ARO:3000375	Strict
resfinder	erm(B)_6_AF242872	ARO:3000375	Perfect
resfinder	erm(B)_7_AF368302	ARO:3000375	Strict
resfinder	erm(B)_9_AF299292	ARO:3000375	Strict
resfinder	erm(C)_10_Y09002	ARO:3000250	Strict
resfinder	erm(C)_12_Y09003	ARO:3000250	Strict
resfinder	erm(C)_13_M13761	ARO:3000250	Strict
resfinder	erm(C)_14_M12730	ARO:3000250	Perfect
resfinder	erm(C)_15_U82607	ARO:3000250	Strict
resfinder	erm(C)_16_AF019140	ARO:3000250	Strict
resfinder	erm(C)_1_V01278	ARO:3000250	Strict
resfinder	erm(C)_2_M19652	ARO:3000250	Strict
resfinder	erm(C)_3_M17990	ARO:3000250	Strict
resfinder	erm(C)_9_Y09001	ARO:3000250	Strict
resfinder	erm(D)_1_M29832	ARO:3000495	Strict
resfinder	erm(D)_2_L08389	ARO:3000495	Perfect
resfinder	erm(D)_3_M77505	ARO:3000495	Strict
resfinder	erm(E)_1_X51891	ARO:3000326	Strict
resfinder	erm(E)_2_M11200	ARO:3000326	Strict
resfinder	erm(F)_1_M14730	ARO:3000498	Perfect
resfinder	erm(F)_3_M17808	ARO:3000498	Strict
resfinder	erm(F)_4_M62487	ARO:3000498	Strict
resfinder	erm(G)_1_M15332	ARO:3000522	Strict
resfinder	erm(G)_2_L42817	ARO:3000522	Perfect
resfinder	erm(H)_1_M16503	ARO:3002823	Perfect
resfinder	erm(N)_1_X97721	ARO:3000592	Perfect
resfinder	erm(O)_1_M74717	ARO:3004652	Perfect
resfinder	erm(O)_2_AJ223970	ARO:3001303	Perfect
resfinder	erm(Q)_1_L22689	ARO:3000593	Perfect
resfinder	erm(R)_1_M11276	ARO:3000594	Perfect
resfinder	erm(S)_1_M19269	ARO:3001304	Strict
resfinder	erm(T)_1_M64090	ARO:3000595	Perfect
resfinder	erm(T)_2_AY894138	ARO:3000595	Strict
resfinder	erm(T)_3_AF310974	ARO:3000595	Strict
resfinder	erm(T)_4_AJ488494	ARO:3000595	Strict
resfinder	erm(U)_1_NG_047843	ARO:3001305	Strict
resfinder	erm(V)_1_U59450	ARO:3002824	Perfect
resfinder	erm(W)_1_D14532	ARO:3001306	Perfect
resfinder	erm(X)_1_M36726	ARO:3000596	Perfect
resfinder	erm(X)_2_X51472	ARO:3000596	Strict
resfinder	erm(X)_3_U21300	ARO:3000596	Strict
resfinder	erm(X)_4_NC_005206	ARO:3000596	Strict
resfinder	erm(Y)_1_AB014481	ARO:3002825	Perfect
resfinder	erm(Z)_1_AM709783	ARO:3004605	Strict
resfinder	fexA_1_AJ549214	ARO:3002704	Perfect
resfinder	fexA_2_AM408573	ARO:3002704	Strict
resfinder	fexB_1_JN201336	ARO:3007019	Perfect
resfinder	floR_1_AF071555	ARO:3002705	Strict
resfinder	floR_2_AF118107	ARO:3002705	Strict
resfinder	fomA_1_AB016934	ARO:3000423	Perfect
resfinder	fomB_1_AB016934	ARO:3000449	Perfect
resfinder	fosA2_1_EU487198	ARO:3002804	Perfect
resfinder	fosA3_1_AB522970	ARO:3002872	Perfect
resfinder	fosA4_1_AB908992	ARO:3003210	Perfect
resfinder	fosA5_1_EU195449	ARO:3003209	Perfect
resfinder	fosA6_1_KU254579	ARO:3004111	Perfect
resfinder	fosA7_1_LAPJ01000014	ARO:3004113	Perfect
resfinder	fosA_1_M85195	ARO:3002804	Strict
resfinder	fosA_2_AGDM01000012	ARO:3003209	Strict
resfinder	fosA_3_ACWO01000079	ARO:3003209	Strict
resfinder	fosA_4_ACWU01000146	ARO:3000149	Perfect
resfinder	fosA_5_AFBO01000747	ARO:3004111	Strict
resfinder	fosA_6_ACZD01000244	ARO:3004111	Strict
resfinder	fosA_7_AEXB01000013	ARO:3002804	Strict
resfinder	fosB1_1_CP001903	ARO:3007372	Strict
resfinder	fosB2_1_AE016879	ARO:3005100	Perfect
resfinder	fosB3_1_HQ219726	ARO:3002873	Perfect
resfinder	fosB4_1_KR870311	ARO:3004671	Perfect
resfinder	fosB5_1_KT032253	ARO:3004672	Perfect
resfinder	fosB6_1_KR870314	ARO:3004673	Perfect
resfinder	fosB_1_X54227	ARO:3004671	Strict
resfinder	fosB_2_X89875	ARO:3004670	Perfect
resfinder	fosB_3_ACHE01000077	ARO:3007372	Strict
resfinder	fosB_4_CP000029	ARO:3007372	Strict
resfinder	fosB_5_AJ605334	ARO:3005100	Strict
resfinder	fosC2_1_AB522969	ARO:3002874	Strict
resfinder	fosC_1_Z33413	ARO:3000380	Perfect
resfinder	fosD_1_KC989517	ARO:3004674	Perfect
resfinder	fosE_1_AB901041	ARO:3007370	Strict
resfinder	fosE_2_AY029772	ARO:3007370	Strict
resfinder	fosF_1_AY294333	ARO:3003207	Strict
resfinder	fosG_1_DQ112222	ARO:3007368	Strict
resfinder	fosK_1_AB917040	ARO:3003207	Perfect
resfinder	fosL1_1_MN464149	ARO:3005024	Perfect
resfinder	fosX_1_AP010904	ARO:3007370	Strict
resfinder	fosX_2_AL591981	ARO:3000198	Strict
resfinder	fosX_3_CP003505	ARO:3007370	Perfect
resfinder	fosX_4_DQ342344	ARO:3007369	Perfect
resfinder	fosY_1_MN961674	ARO:3007069	Perfect
resfinder	fos_1_ACCV01000052	ARO:3007371	Strict
resfinder	fos_2_FN543093	ARO:3007371	Strict
resfinder	fusB_1_AY373761	ARO:3003552	Perfect
resfinder	fusB_2_JF777505	ARO:3003552	Strict
resfinder	fusC_1_KF527883	ARO:3003733	Perfect
resfinder	grdA_1_QJX10702	ARO:3007380	Manual
resfinder	imiH_1_AJ548797	ARO:3003094	Perfect
resfinder	imiS_1_Y10415	ARO:3003095	Perfect
resfinder	lmr(A)_1_X59926	ARO:3003028	Manual
resfinder	lnu(A)_1_M14039	ARO:3002835	Perfect
resfinder	lnu(B)_1_AJ238249	ARO:3002836	Perfect
resfinder	lnu(B)_2_JQ861959	ARO:3002836	Strict
resfinder	lnu(C)_1_AY928180	ARO:3002837	Perfect
resfinder	lnu(D)_1_EF452177	ARO:3002838	Perfect
resfinder	lnu(E)_1_KF287643	ARO:3003762	Strict
resfinder	lnu(F)_1_EU118119	ARO:3002879	Perfect
resfinder	lnu(F)_2_DQ836009	ARO:3002879	Perfect
resfinder	lnu(F)_3_AJ561197	ARO:3002839	Perfect
resfinder	lnu(G)_1_KX470419	ARO:3004085	Strict
resfinder	lnu(P)_1_FJ589781	ARO:3004601	Strict
resfinder	lsa(A)_1_AY225127	ARO:3000300	Perfect
resfinder	lsa(A)_3_AY737526	ARO:3000300	Strict
resfinder	lsa(B)_1_AJ579365	ARO:3003111	Perfect
resfinder	lsa(C)_1_HM990671	ARO:3003112	Perfect
resfinder	lsa(E)_1_JX560992	ARO:3003206	Perfect
resfinder	mcr-1.10_1_MF176238	ARO:3004506	Perfect
resfinder	mcr-1.11_1_KY853650	ARO:3004688	Perfect
resfinder	mcr-1.12_1_LC337668	ARO:3004689	Perfect
resfinder	mcr-1.13_1_MG384739	ARO:3004690	Perfect
resfinder	mcr-1.14_1_LS398440	ARO:3007235	Perfect
resfinder	mcr-1.1_1_KP347127	ARO:3003689	Perfect
resfinder	mcr-1.26_1_NG_068217	ARO:3007280	Perfect
resfinder	mcr-1.27_1_NG_068218	ARO:3007232	Perfect
resfinder	mcr-1.2_1_KX236309	ARO:3004194	Perfect
resfinder	mcr-1.3_1_KU934208	ARO:3004514	Perfect
resfinder	mcr-1.4_1_KY041856	ARO:3004515	Perfect
resfinder	mcr-1.5_1_KY283125	ARO:3004685	Perfect
resfinder	mcr-1.6_1_KY352406	ARO:3004513	Perfect
resfinder	mcr-1.7_1_KY488488	ARO:3004686	Perfect
resfinder	mcr-1.8_1_KY683842	ARO:3004687	Perfect
resfinder	mcr-1.9_1_KY964067	ARO:3004507	Perfect
resfinder	mcr-10_1_MN179494	ARO:3007137	Perfect
resfinder	mcr-2.1_1_LT598652	ARO:3004110	Perfect
resfinder	mcr-2.2_1_MF176239	ARO:3004502	Perfect
resfinder	mcr-3.10_1_MG214531	ARO:3004504	Perfect
resfinder	mcr-3.11_1_MG489958	ARO:3004500	Perfect
resfinder	mcr-3.12_1_MG564491	ARO:3004693	Perfect
resfinder	mcr-3.13_1_MH332763	ARO:3007269	Perfect
resfinder	mcr-3.14_1_MH332764	ARO:3007249	Perfect
resfinder	mcr-3.15_1_MH332765	ARO:3007252	Perfect
resfinder	mcr-3.16_1_MH332766	ARO:3007260	Perfect
resfinder	mcr-3.17_1_MH332767	ARO:3007278	Perfect
resfinder	mcr-3.18_1_MH332768	ARO:3007263	Perfect
resfinder	mcr-3.19_1_NG055497	ARO:3007273	Perfect
resfinder	mcr-3.1_1_KY924928	ARO:3004139	Perfect
resfinder	mcr-3.20_1_NG055493	ARO:3004139	Strict
resfinder	mcr-3.21_1_NG060582	ARO:3007262	Perfect
resfinder	mcr-3.22_1_NG060581	ARO:3007259	Perfect
resfinder	mcr-3.23_1_NG060583	ARO:3007256	Perfect
resfinder	mcr-3.24_1_NG060580	ARO:3007265	Perfect
resfinder	mcr-3.25_1_NG060585	ARO:3007258	Perfect
resfinder	mcr-3.2_1_NMWW01000143	ARO:3004511	Perfect
resfinder	mcr-3.3_1_MF495680	ARO:3004662	Perfect
resfinder	mcr-3.4_1_FLXA01000011	ARO:3004691	Perfect
resfinder	mcr-3.5_1_MF489760	ARO:3004505	Perfect
resfinder	mcr-3.6_1_MF598076	ARO:3004503	Perfect
resfinder	mcr-3.7_1_MF598077	ARO:3004510	Perfect
resfinder	mcr-3.8_1_MF598078	ARO:3004509	Perfect
resfinder	mcr-3.9_1_MF598080	ARO:3004508	Perfect
resfinder	mcr-4.1_1_MF543359	ARO:3004325	Strict
resfinder	mcr-4.2_1_MG822663	ARO:3004694	Strict
resfinder	mcr-4.3_1_MG026621	ARO:3004695	Strict
resfinder	mcr-4.4_1_MG822665	ARO:3004696	Strict
resfinder	mcr-4.5_1_MG822664	ARO:3004697	Strict
resfinder	mcr-4.6_1_MH423812	ARO:3007231	Strict
resfinder	mcr-5.1_1_KY807921	ARO:3004332	Perfect
resfinder	mcr-5.2_1_MG384740	ARO:3004698	Perfect
resfinder	mcr-6.1_1_MF176240	ARO:3004501	Perfect
resfinder	mcr-7.1_1_MG267386	ARO:3004517	Perfect
resfinder	mcr-8_1_MG736312	ARO:3004516	Perfect
resfinder	mecA_1_NC_002745	ARO:3000617	Strict
resfinder	mecA_2_NC_002951	ARO:3000617	Strict
resfinder	mecA_3_Y13095	ARO:3000617	Strict
resfinder	mecA_4_AB546266	ARO:3000617	Strict
resfinder	mecA_5_AB546267	ARO:3000617	Strict
resfinder	mecA_6_BX571856	ARO:3000617	Strict
resfinder	mecA_7_HE861945	ARO:3000617	Strict
resfinder	mecA_8_NC_007168	ARO:3000617	Strict
resfinder	mecA_9_AB505630	ARO:3000617	Strict
resfinder	mecB_1_NC_011996	ARO:3003440	Perfect
resfinder	mecC_1_FR821779	ARO:3001209	Perfect
resfinder	mecC_2_FR823292	ARO:3001209	Perfect
resfinder	mecC_3_KR732654	ARO:3001209	Strict
resfinder	mecC_4_HG515014	ARO:3001209	Strict
resfinder	mecD_1_KY013611	ARO:3004185	Perfect
resfinder	mef(A)_3_AF227520	ARO:3000616	Perfect
resfinder	mef(B)_1_FJ196385	ARO:3003107	Perfect
resfinder	mef(C)_1_AB571865	ARO:3003745	Perfect
resfinder	mph(A)_1_D16251	ARO:3000316	Manual
resfinder	mph(A)_2_U36578	ARO:3000316	Strict
resfinder	mph(B)_1_D85892	ARO:3000318	Perfect
resfinder	mph(C)_1_AB013298	ARO:3000319	Perfect
resfinder	mph(C)_2_AF167161	ARO:3000319	Strict
resfinder	mph(C)_3_AM180068	ARO:3000319	Strict
resfinder	mph(C)_4_AM397632	ARO:3000319	Strict
resfinder	mph(C)_5_AM180067	ARO:3000319	Strict
resfinder	mph(D)_1_AB048591	ARO:3000333	Manual
resfinder	mph(E)_1_DQ839391	ARO:3003741	Perfect
resfinder	mph(E)_2_JF769133	ARO:3003741	Strict
resfinder	mph(F)_1_AM260957	ARO:3003071	Perfect
resfinder	mph(G)_1_AB571865	ARO:3003742	Perfect
resfinder	mph(I)_1_KX531056	ARO:3003991	Perfect
resfinder	mph(J)_1_KY753883	ARO:3004544	Perfect
resfinder	mph(K)_1_NC_000964	ARO:3004541	Perfect
resfinder	mre(A)_1_U92073	ARO:3007050	Strict
resfinder	msr(A)_1_X52085	ARO:3000251	Perfect
resfinder	msr(A)_2_AB013298	ARO:3000251	Strict
resfinder	msr(C)_2_AF313494	ARO:3002819	Perfect
resfinder	msr(E)_1_FR751518	ARO:3003109	Perfect
resfinder	mupA_1_X75439	ARO:3000521	Strict
resfinder	mupA_2_GU237136	ARO:3000521	Strict
resfinder	mupB_1_JQ231224	ARO:3000510	Strict
resfinder	nimA_1_X71444	ARO:3007104	Perfect
resfinder	nimB_1_X71443	ARO:3004655	Perfect
resfinder	nimC_1_X76948	ARO:3007105	Perfect
resfinder	nimD_1_X76949	ARO:3007106	Perfect
resfinder	nimE_1_AJ244018	ARO:3007107	Strict
resfinder	nimE_1_AM042593	ARO:3007107	Perfect
resfinder	nimF_1_AJ515145	ARO:3007108	Strict
resfinder	nimH_1_KX576455	ARO:3007110	Strict
resfinder	nimI_1_FJ940883	ARO:3007111	Strict
resfinder	nimI_1_FJ940884	ARO:3007111	Strict
resfinder	nimI_1_FJ940886	ARO:3007111	Strict
resfinder	nimI_1_FJ940887	ARO:3007111	Strict
resfinder	nimI_1_FJ940889	ARO:3007111	Strict
resfinder	nimJ_1_NZ_JH815495	ARO:3007112	Perfect
resfinder	npmA_1_AB261016	ARO:3002665	Strict
resfinder	ole(B)_1_L36601	ARO:3003036	Perfect
resfinder	ole(C)_1_L06249	ARO:3003748	Strict
resfinder	optrA_10_KT601170	ARO:3003746	Strict
resfinder	optrA_11_KX620934	ARO:3003746	Strict
resfinder	optrA_12_KX620936	ARO:3003746	Strict
resfinder	optrA_13_KX620939	ARO:3003746	Strict
resfinder	optrA_14_KX620941	ARO:3003746	Strict
resfinder	optrA_15_KX620942	ARO:3003746	Strict
resfinder	optrA_16_AMBD01000029	ARO:3003746	Strict
resfinder	optrA_17_ALZI01000051	ARO:3003746	Strict
resfinder	optrA_18_ALMH01000001	ARO:3003746	Strict
resfinder	optrA_19_ALMN01000021	ARO:3003746	Strict
resfinder	optrA_1_KP399637	ARO:3003746	Strict
resfinder	optrA_20_ALMZ01000078	ARO:3003746	Strict
resfinder	optrA_2_KT862781	ARO:3003746	Strict
resfinder	optrA_3_KT862780	ARO:3003746	Strict
resfinder	optrA_4_KT862777	ARO:3003746	Strict
resfinder	optrA_5_KT862783	ARO:3003746	Strict
resfinder	optrA_6_KT862784	ARO:3003746	Strict
resfinder	optrA_7_KT862775	ARO:3003746	Strict
resfinder	optrA_8_KT862782	ARO:3003746	Strict
resfinder	otr(A)_1_X53401	ARO:3002891	Perfect
resfinder	otr(B)_1_AF079900	ARO:3002892	Strict
resfinder	otr(C)_1_AY509111	ARO:3002894	Perfect
resfinder	pexA_1_HM537013	ARO:3004666	Perfect
resfinder	poxtA-Ef_1_WP094899500.1	ARO:3004470	Strict
resfinder	poxtA_1_MF095097	ARO:3004470	Perfect
resfinder	qepA1_1_AB263754	ARO:3004103	Manual
resfinder	qepA2_1_EU847537	ARO:3004103	Perfect
resfinder	qepA3_1_JQ064560	ARO:3000448	Perfect
resfinder	qepA4_1_KX580704	ARO:3004379	Perfect
resfinder	qepA_1_FJ167861	ARO:3004379	Strict
resfinder	qnrA1_1_AY070235	ARO:3002707	Perfect
resfinder	qnrA2_1_AY675584	ARO:3002708	Perfect
resfinder	qnrA3_1_DQ058661	ARO:3002709	Perfect
resfinder	qnrA4_1_DQ058662	ARO:3002710	Perfect
resfinder	qnrA5_1_DQ058663	ARO:3002711	Perfect
resfinder	qnrA6_1_DQ151889	ARO:3002712	Perfect
resfinder	qnrA7_1_GQ463707	ARO:3002713	Perfect
resfinder	qnrA8_1_KY554783	ARO:3002709	Strict
resfinder	qnrB10_1_DQ631414	ARO:3002724	Strict
resfinder	qnrB10_2_HM439644	ARO:3002724	Strict
resfinder	qnrB11_1_EF653270	ARO:3002725	Strict
resfinder	qnrB12_2_AM774474	ARO:3002726	Strict
resfinder	qnrB13_1_EU273755	ARO:3002727	Strict
resfinder	qnrB14_1_EU273757	ARO:3002728	Strict
resfinder	qnrB15_1_EU302865	ARO:3002730	Strict
resfinder	qnrB16_1_EU136183	ARO:3002731	Strict
resfinder	qnrB17_1_JN173051	ARO:3002732	Strict
resfinder	qnrB17_2_AM919398	ARO:3002732	Strict
resfinder	qnrB18_1_AM919399	ARO:3002733	Strict
resfinder	qnrB19_1_EU432277	ARO:3002734	Perfect
resfinder	qnrB1_1_DQ351241	ARO:3002714	Perfect
resfinder	qnrB20_1_AB379831	ARO:3002735	Strict
resfinder	qnrB21_1_FJ611948	ARO:3002736	Perfect
resfinder	qnrB22_1_FJ981621	ARO:3002737	Strict
resfinder	qnrB23_1_FJ981622	ARO:3002738	Strict
resfinder	qnrB24_1_HM192542	ARO:3002739	Strict
resfinder	qnrB25_1_HQ172108	ARO:3002740	Perfect
resfinder	qnrB26_1_HQ386846	ARO:3002741	Strict
resfinder	qnrB27_1_HM439641	ARO:3002742	Perfect
resfinder	qnrB28_1_HM439643	ARO:3002743	Perfect
resfinder	qnrB29_1_HM439649	ARO:3002744	Strict
resfinder	qnrB2_1_DQ351242	ARO:3002735	Strict
resfinder	qnrB30_1_HM439650	ARO:3002745	Strict
resfinder	qnrB31_1_HQ418999	ARO:3002746	Strict
resfinder	qnrB32_1_JN173054	ARO:3002747	Perfect
resfinder	qnrB33_1_JN173055	ARO:3002748	Perfect
resfinder	qnrB34_1_JN173056	ARO:3002749	Strict
resfinder	qnrB35_1_JN173057	ARO:3002750	Perfect
resfinder	qnrB36_1_JN173058	ARO:3002751	Perfect
resfinder	qnrB37_1_JN173059	ARO:3002752	Perfect
resfinder	qnrB38_1_JN173060	ARO:3002753	Perfect
resfinder	qnrB39_1_ABWL02000005	ARO:3002754	Perfect
resfinder	qnrB3_1_DQ303920	ARO:3002716	Strict
resfinder	qnrB40_1_JN166689	ARO:3002755	Perfect
resfinder	qnrB41_1_JN166690	ARO:3002756	Strict
resfinder	qnrB42_1_JN680743	ARO:3002757	Perfect
resfinder	qnrB43_1_JQ349151	ARO:3002758	Perfect
resfinder	qnrB44_1_JQ349153	ARO:3002759	Perfect
resfinder	qnrB45_1_JQ349152	ARO:3002760	Perfect
resfinder	qnrB46_1_JQ349154	ARO:3002762	Strict
resfinder	qnrB47_1_JQ349155	ARO:3002762	Perfect
resfinder	qnrB48_1_JQ762640	ARO:3002763	Perfect
resfinder	qnrB49_1_JQ582718	ARO:3002764	Strict
resfinder	qnrB4_1_DQ303921	ARO:3002718	Perfect
resfinder	qnrB50_1_JX440357	ARO:3002765	Perfect
resfinder	qnrB51_1_JX440358	ARO:3002762	Perfect
resfinder	qnrB52_1_EF488762	ARO:3002715	Perfect
resfinder	qnrB53_1_HQ704413	ARO:3002761	Strict
resfinder	qnrB54_1_HE820727	ARO:3002767	Perfect
resfinder	qnrB55_1_KF730650	ARO:3002768	Perfect
resfinder	qnrB56_1_JX259317	ARO:3002769	Strict
resfinder	qnrB57_1_JX259318	ARO:3002770	Strict
resfinder	qnrB58_1_JX259319	ARO:3002771	Strict
resfinder	qnrB59_1_JX259320	ARO:3002772	Strict
resfinder	qnrB5_1_DQ303919	ARO:3002719	Strict
resfinder	qnrB60_1_AB734055	ARO:3002773	Perfect
resfinder	qnrB61_1_AB734053	ARO:3002774	Perfect
resfinder	qnrB62_1_JX987101	ARO:3002775	Strict
resfinder	qnrB64_1_KC580653	ARO:3002776	Perfect
resfinder	qnrB65_1_KC580654	ARO:3002777	Perfect
resfinder	qnrB66_1_KC580655	ARO:3002778	Perfect
resfinder	qnrB67_1_KC580656	ARO:3002779	Perfect
resfinder	qnrB68_1_KC580657	ARO:3002780	Perfect
resfinder	qnrB69_1_KC580658	ARO:3002781	Perfect
resfinder	qnrB6_1_EF520349	ARO:3002720	Strict
resfinder	qnrB6_2_EF523819	ARO:3002720	Strict
resfinder	qnrB70_1_KC580659	ARO:3002782	Perfect
resfinder	qnrB71_1_KC580660	ARO:3002783	Perfect
resfinder	qnrB72_1_KC741443	ARO:3002784	Perfect
resfinder	qnrB73_1_KF443075	ARO:3002785	Perfect
resfinder	qnrB74_1_KJ415247	ARO:3002786	Perfect
resfinder	qnrB75_1_KP207591	ARO:3003187	Perfect
resfinder	qnrB76_1_KM985469	ARO:3002723	Perfect
resfinder	qnrB77_1_KM985470	ARO:3003189	Perfect
resfinder	qnrB78_1_KM985471	ARO:3003190	Perfect
resfinder	qnrB7_1_EU043311	ARO:3002721	Perfect
resfinder	qnrB80_1_KM985473	ARO:3003192	Perfect
resfinder	qnrB81_1_KX372671	ARO:3002719	Strict
resfinder	qnrB82_1_KX372672	ARO:3002719	Strict
resfinder	qnrB89_1_MT544491	ARO:3002726	Strict
resfinder	qnrB8_1_EU043312	ARO:3002722	Perfect
resfinder	qnrB90_1_MG182074	ARO:3002724	Strict
resfinder	qnrB91_1_AP023150	ARO:3002715	Strict
resfinder	qnrB9_1_EF526508	ARO:3002723	Perfect
resfinder	qnrC_1_EU917444	ARO:3002787	Strict
resfinder	qnrD1_1_FJ228229	ARO:3002788	Perfect
resfinder	qnrD2_1_KF055448	ARO:3002789	Perfect
resfinder	qnrD3_1_KX130945	ARO:3002789	Strict
resfinder	qnrE1_1_KY073238	ARO:3004636	Perfect
resfinder	qnrS10_1_JN836269	ARO:3004622	Perfect
resfinder	qnrS11_1_JQ269335	ARO:3004624	Perfect
resfinder	qnrS12_1_MKQI01000097	ARO:3004625	Perfect
resfinder	qnrS13_1_LUYD01000008	ARO:3002790	Strict
resfinder	qnrS1_1_AB187515	ARO:3002790	Perfect
resfinder	qnrS2_1_DQ485530	ARO:3002791	Perfect
resfinder	qnrS3_1_EU077611	ARO:3002790	Strict
resfinder	qnrS4_1_FJ418153	ARO:3002793	Perfect
resfinder	qnrS5_1_HQ631377	ARO:3002794	Perfect
resfinder	qnrS6_1_HQ631376	ARO:3002795	Perfect
resfinder	qnrS7_1_KF730651	ARO:3002796	Perfect
resfinder	qnrS8_1_KF730652	ARO:3002797	Perfect
resfinder	qnrS9_1_KF732714	ARO:3002798	Perfect
resfinder	qnrVC1_1_EU436855	ARO:3002799	Perfect
resfinder	qnrVC3_1_HM015626	ARO:3002800	Perfect
resfinder	qnrVC4_1_GQ891757	ARO:3002801	Perfect
resfinder	qnrVC5_1_JN408080	ARO:3002802	Perfect
resfinder	qnrVC6_1_KC202804	ARO:3002803	Perfect
resfinder	qnrVC7_1_KM555152	ARO:3003193	Perfect
resfinder	rmtA_1_AB120321	ARO:3000859	Perfect
resfinder	rmtB2_1_JN968578	ARO:3000860	Strict
resfinder	rmtB_1_AB103506	ARO:3000860	Perfect
resfinder	rmtC_1_AB194779	ARO:3000861	Perfect
resfinder	rmtD2_1_HQ401565	ARO:3004677	Perfect
resfinder	rmtD_1_DQ914960	ARO:3002667	Perfect
resfinder	rmtE_1_GU201947	ARO:3004678	Perfect
resfinder	rmtF_1_JQ808129	ARO:3002666	Perfect
resfinder	rmtG_1_JX486113	ARO:3002668	Perfect
resfinder	rmtH_1_KC544262	ARO:3003198	Perfect
resfinder	sal(A)_1_KC693025	ARO:3003749	Perfect
resfinder	sgm_1_M87057	ARO:3000862	Perfect
resfinder	srm(B)_1_X63451	ARO:3002828	Strict
resfinder	sul1_10_DQ143913	ARO:3000410	Strict
resfinder	sul1_11_DQ914960	ARO:3000410	Strict
resfinder	sul1_14_AJ517791	ARO:3000410	Strict
resfinder	sul1_15_EF667294	ARO:3000410	Perfect
resfinder	sul1_17_AM746675	ARO:3000410	Strict
resfinder	sul1_18_AY260546	ARO:3000410	Perfect
resfinder	sul1_19_DQ125241	ARO:3000410	Perfect
resfinder	sul1_20_JF262165	ARO:3000410	Strict
resfinder	sul1_21_AJ971344	ARO:3000410	Strict
resfinder	sul1_22_AY115475	ARO:3000410	Perfect
resfinder	sul1_23_AJ621187	ARO:3000410	Strict
resfinder	sul1_24_EU117158	ARO:3000410	Perfect
resfinder	sul1_25_AY878717	ARO:3000410	Perfect
resfinder	sul1_26_AY524415	ARO:3000410	Perfect
resfinder	sul1_27_GU562437	ARO:3000410	Perfect
resfinder	sul1_28_JN790946	ARO:3000410	Strict
resfinder	sul1_29_AJ746361	ARO:3000410	Strict
resfinder	sul1_2_U12338	ARO:3000410	Perfect
resfinder	sul1_30_JF262178	ARO:3000410	Strict
resfinder	sul1_31_AM040449	ARO:3000410	Strict
resfinder	sul1_32_EF592571	ARO:3000410	Strict
resfinder	sul1_33_AJ564903	ARO:3000410	Perfect
resfinder	sul1_34_AY047357	ARO:3000410	Strict
resfinder	sul1_35_AB281182	ARO:3000410	Strict
resfinder	sul1_36_X15024	ARO:3000410	Strict
resfinder	sul1_37_AF188331	ARO:3000410	Strict
resfinder	sul1_38_BX248359	ARO:3000410	Strict
resfinder	sul1_39_AY522923	ARO:3000410	Strict
resfinder	sul1_3_EU855787	ARO:3000410	Strict
resfinder	sul1_5_EU780013	ARO:3000410	Strict
resfinder	sul1_7_FJ715937	ARO:3000410	Strict
resfinder	sul1_8_JN581942	ARO:3000410	Strict
resfinder	sul1_9_AY963803	ARO:3000410	Strict
resfinder	sul2_10_AM183225	ARO:3000412	Strict
resfinder	sul2_11_AY232670	ARO:3000412	Perfect
resfinder	sul2_12_AF497970	ARO:3000412	Strict
resfinder	sul2_13_AJ289135	ARO:3000412	Strict
resfinder	sul2_14_AJ514834	ARO:3000412	Strict
resfinder	sul2_15_FJ968160	ARO:3000412	Perfect
resfinder	sul2_17_U57647	ARO:3000412	Strict
resfinder	sul2_18_AJ830714	ARO:3000412	Perfect
resfinder	sul2_19_AJ319822	ARO:3000412	Strict
resfinder	sul2_1_AF542061	ARO:3000412	Strict
resfinder	sul2_20_AJ830710	ARO:3000412	Strict
resfinder	sul2_21_AB366440	ARO:3000412	Strict
resfinder	sul2_2_AY034138	ARO:3000412	Perfect
resfinder	sul2_3_HQ840942	ARO:3000412	Strict
resfinder	sul2_5_AY524415	ARO:3000412	Strict
resfinder	sul2_6_FN995456	ARO:3000412	Strict
resfinder	sul2_7_HM486907	ARO:3000412	Strict
resfinder	sul2_8_AJ877041	ARO:3000412	Strict
resfinder	sul2_9_FJ197818	ARO:3000412	Strict
resfinder	sul3_2_AJ459418	ARO:3000413	Perfect
resfinder	sul4_1_MG649393	ARO:3004361	Perfect
resfinder	tcr3_1_D38215	ARO:3002893	Perfect
resfinder	tet(30)_1_AF090987	ARO:3000561	Perfect
resfinder	tet(31)_1_GQ283908	ARO:3000476	Perfect
resfinder	tet(31)_2_AJ250203	ARO:3000476	Perfect
resfinder	tet(32)_1_EU722333	ARO:3000196	Perfect
resfinder	tet(32)_2_EF626943	ARO:3000196	Strict
resfinder	tet(33)_1_AY255627	ARO:3000478	Strict
resfinder	tet(33)_2_DQ390458	ARO:3000478	Strict
resfinder	tet(34)_1_AB061440	ARO:3002870	Manual
resfinder	tet(35)_1_AF353562	ARO:3000481	Perfect
resfinder	tet(36)_1_AJ514254	ARO:3000197	Perfect
resfinder	tet(37)_1_AF540889	ARO:3002871	Perfect
resfinder	tet(40)_1_FJ158002	ARO:3000567	Strict
resfinder	tet(40)_2_AM419751	ARO:3000567	Perfect
resfinder	tet(41)_1_AY264780	ARO:3000569	Strict
resfinder	tet(42)_1_EU523697	ARO:3000572	Perfect
resfinder	tet(43)_1_GQ244501	ARO:3000573	Manual
resfinder	tet(44)_1_NZ_ABDU01000081	ARO:3000556	Strict
resfinder	tet(44)_2_FN594949	ARO:3000556	Perfect
resfinder	tet(45)_1_JF837331	ARO:3003196	Strict
resfinder	tet(47)_1_KR857681	ARO:3004613	Perfect
resfinder	tet(48)_1_KR857682	ARO:3004581	Perfect
resfinder	tet(49)_1_KR857683	ARO:3004582	Perfect
resfinder	tet(50)_1_KR857684	ARO:3004584	Perfect
resfinder	tet(51)_1_KR857685	ARO:3004586	Perfect
resfinder	tet(52)_1_KR857686	ARO:3004587	Perfect
resfinder	tet(53)_1_KR857687	ARO:3004589	Perfect
resfinder	tet(54)_1_KR857688	ARO:3004590	Perfect
resfinder	tet(55)_1_KR857689	ARO:3004591	Perfect
resfinder	tet(57)_1_KP137702	ARO:3005006	Perfect
resfinder	tet(59)_1_KU736878	ARO:3004441	Perfect
resfinder	tet(A)_1_AJ313332	ARO:3000165	Strict
resfinder	tet(A)_2_X00006	ARO:3000165	Strict
resfinder	tet(A)_3_AY196695	ARO:3000165	Strict
resfinder	tet(A)_4_AJ517790	ARO:3000165	Strict
resfinder	tet(A)_5_AJ419171	ARO:3000165	Strict
resfinder	tet(A)_6_AF534183	ARO:3000165	Perfect
resfinder	tet(B)_1_AP000342	ARO:3000166	Strict
resfinder	tet(B)_2_AF326777	ARO:3000166	Strict
resfinder	tet(B)_3_AJ277653	ARO:3000166	Strict
resfinder	tet(C)_1_NC_003123	ARO:3000167	Strict
resfinder	tet(C)_2_AY046276	ARO:3000167	Strict
resfinder	tet(C)_3_AF055345	ARO:3000167	Strict
resfinder	tet(D)_1_AF467077	ARO:3000168	Perfect
resfinder	tet(D)_2_X65876	ARO:3000168	Strict
resfinder	tet(E)_1_Y19116	ARO:3000173	Strict
resfinder	tet(E)_2_L06940	ARO:3000173	Perfect
resfinder	tet(E)_3_CP000645	ARO:3000173	Strict
resfinder	tet(G)_1_AF133139	ARO:3000174	Strict
resfinder	tet(H)_1_Y16103	ARO:3000175	Strict
resfinder	tet(H)_2_AJ245947	ARO:3000175	Strict
resfinder	tet(H)_3_Y15510	ARO:3000175	Perfect
resfinder	tet(H)_4_U00792	ARO:3000175	Strict
resfinder	tet(J)_1_ACLE01000065	ARO:3000177	Strict
resfinder	tet(J)_2_AF038993	ARO:3000177	Perfect
resfinder	tet(K)_1_U38656	ARO:3000178	Strict
resfinder	tet(L)_1_HM235948	ARO:3003196	Strict
resfinder	tet(L)_2_M29725	ARO:3000179	Strict
resfinder	tet(L)_3_M11036	ARO:3000179	Strict
resfinder	tet(L)_4_D00006	ARO:3000179	Strict
resfinder	tet(L)_5_X08034	ARO:3003196	Strict
resfinder	tet(L)_6_D12567	ARO:3003196	Strict
resfinder	tet(L)_7_X60828	ARO:3000179	Strict
resfinder	tet(L)_8_AY081910	ARO:3000179	Strict
resfinder	tet(L)_9_CP068241	ARO:3000179	Strict
resfinder	tet(M)_10_EU182585	ARO:3000186	Strict
resfinder	tet(M)_11_JN846696	ARO:3000186	Strict
resfinder	tet(M)_12_FR671418	ARO:3000186	Strict
resfinder	tet(M)_13_AM990992	ARO:3000186	Strict
resfinder	tet(M)_1_X92947	ARO:3000186	Strict
resfinder	tet(M)_2_X90939	ARO:3000186	Strict
resfinder	tet(M)_3_U08812	ARO:3000186	Strict
resfinder	tet(M)_4_X75073	ARO:3000186	Strict
resfinder	tet(M)_5_U58985	ARO:3000186	Strict
resfinder	tet(M)_6_M21136	ARO:3000186	Strict
resfinder	tet(M)_7_FN433596	ARO:3000186	Strict
resfinder	tet(M)_8_X04388	ARO:3000186	Strict
resfinder	tet(M)_9_X56353	ARO:3000186	Strict
resfinder	tet(O)_1_M18896	ARO:3000190	Perfect
resfinder	tet(O)_2_M20925	ARO:3000190	Strict
resfinder	tet(O)_3_Y07780	ARO:3000190	Strict
resfinder	tet(O/32/O)_1_JQ740052	ARO:3007119	Strict
resfinder	tet(O/32/O)_2_AJ295238	ARO:3007119	Perfect
resfinder	tet(O/32/O)_3_NZ_AUJS01000017	ARO:3000190	Strict
resfinder	tet(O/32/O)_4_AIOQ01000025	ARO:3000190	Strict
resfinder	tet(O/32/O)_5_FP929050	ARO:3000190	Strict
resfinder	tet(O/32/O)_6_NG_048124	ARO:3007119	Perfect
resfinder	tet(O/W)-1_1_AY485126	ARO:3007121	Perfect
resfinder	tet(O/W)-2_1_AY485122	ARO:3007121	Perfect
resfinder	tet(O/W)_1_AM889118	ARO:3007121	Strict
resfinder	tet(O/W)_2_AM889119	ARO:3007121	Strict
resfinder	tet(O/W)_3_AM889120	ARO:3007121	Strict
resfinder	tet(O/W)_4_AM889121	ARO:3007121	Strict
resfinder	tet(O/W)_5_AM889122	ARO:3007121	Strict
resfinder	tet(O/W/32/O)_1_EF065523	ARO:3007122	Strict
resfinder	tet(O/W/32/O)_2_FM164392	ARO:3007122	Strict
resfinder	tet(O/W/32/O)_5_JQ740053	ARO:3007122	Strict
resfinder	tet(O/W/32/O/W/O)_1_DQ525023	ARO:3007122	Perfect
resfinder	tet(O/W/32/O/W/O)_2_DQ679926	ARO:3007122	Strict
resfinder	tet(O/W/O)-1_1_AY196921	ARO:3007123	Strict
resfinder	tet(O/W/O)-2_1_AY196920	ARO:3007123	Perfect
resfinder	tet(O/W/O)-3_1_EF065524	ARO:3007123	Strict
resfinder	tet(Q)_1_L33696	ARO:3000191	Strict
resfinder	tet(Q)_2_X58717	ARO:3000191	Strict
resfinder	tet(Q)_3_U73497	ARO:3000191	Strict
resfinder	tet(Q)_4_Z21523	ARO:3000191	Strict
resfinder	tet(S)_1_DQ377340	ARO:3000192	Strict
resfinder	tet(S)_2_L09756	ARO:3000192	Strict
resfinder	tet(S)_3_X92946	ARO:3000192	Strict
resfinder	tet(S/M)_1_HM367711	ARO:3000186	Strict
resfinder	tet(S/M)_2_AY534326	ARO:3000192	Strict
resfinder	tet(T)_1_L42544	ARO:3000193	Perfect
resfinder	tet(T)_2_AY660530	ARO:3000193	Strict
resfinder	tet(V)_1_AF030344	ARO:3000181	Strict
resfinder	tet(W)_1_DQ060146	ARO:3000194	Strict
resfinder	tet(W)_2_AY049983	ARO:3007124	Perfect
resfinder	tet(W)_3_AJ427421	ARO:3000194	Perfect
resfinder	tet(W)_4_FN396364	ARO:3000194	Strict
resfinder	tet(W)_5_AJ427422	ARO:3000194	Perfect
resfinder	tet(W/32/O)_1_AM710601	ARO:3007122	Strict
resfinder	tet(W/32/O)_2_AM710602	ARO:3007122	Strict
resfinder	tet(W/32/O)_3_AM710603	ARO:3007122	Strict
resfinder	tet(W/32/O)_4_AM710605	ARO:3007122	Strict
resfinder	tet(X)_1_GU014535	ARO:3000205	Strict
resfinder	tet(X)_2_M37699	ARO:3000205	Perfect
resfinder	tet(X)_3_AB097942	ARO:3005056	Strict
resfinder	tet(X3)_1_MK134375	ARO:3004719	Perfect
resfinder	tet(X4)_1_MK134376	ARO:3004720	Perfect
resfinder	tet(X5)_1_CP040912	ARO:3005057	Perfect
resfinder	tet(X6)_1_MN507533	ARO:3005056	Perfect
resfinder	tet(Y)_1_EF495198	ARO:3000182	Perfect
resfinder	tet(Y)_2_AB089606	ARO:3000182	Strict
resfinder	tet(Z)_1_AF121000	ARO:3000183	Strict
resfinder	tetA(46)_1_HQ652506	ARO:3004032	Perfect
resfinder	tetA(60)_1_KX000272	ARO:3004035	Perfect
resfinder	tetA(P)_1_AB054980	ARO:3000180	Strict
resfinder	tetA(P)_2_L20800	ARO:3000180	Perfect
resfinder	tetA(P)_3_AB001076	ARO:3000180	Strict
resfinder	tetB(46)_1_HQ652506	ARO:3004033	Perfect
resfinder	tetB(60)_1_KX000273	ARO:3004036	Perfect
resfinder	tetB(P)_1_NC_010937	ARO:3000195	Perfect
resfinder	tet_1_M74049	ARO:3007127	Perfect
resfinder	tlr(C)_1_M57437	ARO:3002827	Perfect
resfinder	tva(A)_1_ENA_SOX29786	ARO:3004730	Perfect
resfinder	vanM_1_FJ349556	ARO:3000256	Manual
resfinder	vanXmurFvanKWI_1_NZAGAF01000127	ARO:3003722	Manual
resfinder	vanXmurFvanKWI_2_AP008230	ARO:3003722	Manual
resfinder	vanXmurFvanWI_1_CP001336	ARO:3003722	Manual
resfinder	vat(A)_1_L07778	ARO:3002840	Strict
resfinder	vat(B)_1_U19459	ARO:3002841	Perfect
resfinder	vat(C)_1_AF015628	ARO:3002842	Perfect
resfinder	vat(D)_1_L12033	ARO:3002843	Strict
resfinder	vat(E)_10_AY043212	ARO:3002844	Strict
resfinder	vat(E)_11_AY043213	ARO:3002844	Strict
resfinder	vat(E)_3_AF153312	ARO:3002844	Strict
resfinder	vat(E)_5_AJ488494	ARO:3002844	Perfect
resfinder	vat(E)_7_AY043211	ARO:3002844	Strict
resfinder	vat(E)_8_AY043209	ARO:3002844	Strict
resfinder	vat(E)_9_AY043210	ARO:3002844	Strict
resfinder	vat(F)_1_AF170730	ARO:3003744	Perfect
resfinder	vat(H)_1_GQ205627	ARO:3002845	Perfect
resfinder	vga(A)LC_2_DQ823382	ARO:3002830	Perfect
resfinder	vga(A)_1_M90056	ARO:3002829	Perfect
resfinder	vga(B)_1_U82085	ARO:3000118	Perfect
resfinder	vga(C)_1_FN806792	ARO:3002831	Perfect
resfinder	vga(D)_1_GQ205627	ARO:3002832	Perfect
resfinder	vga(E)_1_FR772051	ARO:3002833	Perfect
resfinder	vgb(A)_1_M20129	ARO:3001307	Perfect
resfinder	vgb(B)_1_AF015628	ARO:3001308	Perfect
