aro_accession	gene_name	canonical_drug	drug_aro_accession	source
ARO:3005099	23S rRNA (adenine(2058)-N(6))-methyltransferase Erm(A)	erythromycin	ARO:0000006	aro_obo
ARO:3004057	23S rRNA with mutation conferring resistance to linezolid antibiotics	linezolid	ARO:0000072	aro_obo
ARO:3004628	AAC(2')-IIa	kasugamycin	ARO:3001296	aro_obo
ARO:3003988	AAC(2')-IIb	kasugamycin	ARO:3001296	aro_obo
ARO:3002523	AAC(2')-Ia	6'-n-ethylnetilmicin	ARO:3007377	aro_obo
ARO:3002523	AAC(2')-Ia	dibekacin	ARO:0000007	aro_obo
ARO:3002523	AAC(2')-Ia	gentamicin	ARO:3007382	aro_obo
ARO:3002523	AAC(2')-Ia	netilmicin	ARO:0000038	aro_obo
ARO:3002523	AAC(2')-Ia	tobramycin	ARO:0000052	aro_obo
ARO:3002524	AAC(2')-Ib	6'-n-ethylnetilmicin	ARO:3007377	aro_obo
ARO:3002524	AAC(2')-Ib	dibekacin	ARO:0000007	aro_obo
ARO:3002524	AAC(2')-Ib	gentamicin	ARO:3007382	aro_obo
ARO:3002524	AAC(2')-Ib	netilmicin	ARO:0000038	aro_obo
ARO:3002524	AAC(2')-Ib	tobramycin	ARO:0000052	aro_obo
ARO:3002525	AAC(2')-Ic	6'-n-ethylnetilmicin	ARO:3007377	aro_obo
ARO:3002525	AAC(2')-Ic	dibekacin	ARO:0000007	aro_obo
ARO:3002525	AAC(2')-Ic	gentamicin	ARO:3007382	aro_obo
ARO:3002525	AAC(2')-Ic	netilmicin	ARO:0000038	aro_obo
ARO:3002525	AAC(2')-Ic	tobramycin	ARO:0000052	aro_obo
ARO:3002526	AAC(2')-Id	6'-n-ethylnetilmicin	ARO:3007377	aro_obo
ARO:3002526	AAC(2')-Id	dibekacin	ARO:0000007	aro_obo
ARO:3002526	AAC(2')-Id	gentamicin	ARO:3007382	aro_obo
ARO:3002526	AAC(2')-Id	netilmicin	ARO:0000038	aro_obo
ARO:3002526	AAC(2')-Id	tobramycin	ARO:0000052	aro_obo
ARO:3002527	AAC(2')-Ie	6'-n-ethylnetilmicin	ARO:3007377	aro_obo
ARO:3002527	AAC(2')-Ie	dibekacin	ARO:0000007	aro_obo
ARO:3002527	AAC(2')-Ie	gentamicin	ARO:3007382	aro_obo
ARO:3002527	AAC(2')-Ie	netilmicin	ARO:0000038	aro_obo
ARO:3002527	AAC(2')-Ie	tobramycin	ARO:0000052	aro_obo
ARO:3002536	AAC(3)-IIIa	5-episisomicin	ARO:3007379	aro_obo
ARO:3002536	AAC(3)-IIIa	dibekacin	ARO:0000007	aro_obo
ARO:3002536	AAC(3)-IIIa	gentamicin	ARO:3007382	aro_obo
ARO:3002536	AAC(3)-IIIa	kanamycin a	ARO:0000049	aro_obo
ARO:3002536	AAC(3)-IIIa	lividomycin	ARO:3000658	aro_obo
ARO:3002536	AAC(3)-IIIa	neomycin	ARO:0000005	aro_obo
ARO:3002536	AAC(3)-IIIa	paromomycin	ARO:3000657	aro_obo
ARO:3002536	AAC(3)-IIIa	sisomicin	ARO:0000035	aro_obo
ARO:3002536	AAC(3)-IIIa	tobramycin	ARO:0000052	aro_obo
ARO:3002537	AAC(3)-IIIb	5-episisomicin	ARO:3007379	aro_obo
ARO:3002537	AAC(3)-IIIb	dibekacin	ARO:0000007	aro_obo
ARO:3002537	AAC(3)-IIIb	gentamicin	ARO:3007382	aro_obo
ARO:3002537	AAC(3)-IIIb	kanamycin a	ARO:0000049	aro_obo
ARO:3002537	AAC(3)-IIIb	lividomycin	ARO:3000658	aro_obo
ARO:3002537	AAC(3)-IIIb	neomycin	ARO:0000005	aro_obo
ARO:3002537	AAC(3)-IIIb	paromomycin	ARO:3000657	aro_obo
ARO:3002537	AAC(3)-IIIb	sisomicin	ARO:0000035	aro_obo
ARO:3002537	AAC(3)-IIIb	tobramycin	ARO:0000052	aro_obo
ARO:3002538	AAC(3)-IIIc	gentamicin a	ARO:3004015	aro_obo
ARO:3002533	AAC(3)-IIa	2'-n-ethylnetilmicin	ARO:3007378	aro_obo
ARO:3002533	AAC(3)-IIa	6'-n-ethylnetilmicin	ARO:3007377	aro_obo
ARO:3002533	AAC(3)-IIa	dibekacin	ARO:0000007	aro_obo
ARO:3002533	AAC(3)-IIa	gentamicin	ARO:3007382	aro_obo
ARO:3002533	AAC(3)-IIa	netilmicin	ARO:0000038	aro_obo
ARO:3002533	AAC(3)-IIa	sisomicin	ARO:0000035	aro_obo
ARO:3002533	AAC(3)-IIa	tobramycin	ARO:0000052	aro_obo
ARO:3002534	AAC(3)-IIb	2'-n-ethylnetilmicin	ARO:3007378	aro_obo
ARO:3002534	AAC(3)-IIb	6'-n-ethylnetilmicin	ARO:3007377	aro_obo
ARO:3002534	AAC(3)-IIb	dibekacin	ARO:0000007	aro_obo
ARO:3002534	AAC(3)-IIb	gentamicin	ARO:3007382	aro_obo
ARO:3002534	AAC(3)-IIb	netilmicin	ARO:0000038	aro_obo
ARO:3002534	AAC(3)-IIb	sisomicin	ARO:0000035	aro_obo
ARO:3002534	AAC(3)-IIb	tobramycin	ARO:0000052	aro_obo
ARO:3002535	AAC(3)-IIc	2'-n-ethylnetilmicin	ARO:3007378	aro_obo
ARO:3002535	AAC(3)-IIc	6'-n-ethylnetilmicin	ARO:3007377	aro_obo
ARO:3002535	AAC(3)-IIc	dibekacin	ARO:0000007	aro_obo
ARO:3002535	AAC(3)-IIc	gentamicin	ARO:3007382	aro_obo
ARO:3002535	AAC(3)-IIc	netilmicin	ARO:0000038	aro_obo
ARO:3002535	AAC(3)-IIc	sisomicin	ARO:0000035	aro_obo
ARO:3002535	AAC(3)-IIc	tobramycin	ARO:0000052	aro_obo
ARO:3004623	AAC(3)-IId	2'-n-ethylnetilmicin	ARO:3007378	aro_obo
ARO:3004623	AAC(3)-IId	6'-n-ethylnetilmicin	ARO:3007377	aro_obo
ARO:3004623	AAC(3)-IId	dibekacin	ARO:0000007	aro_obo
ARO:3004623	AAC(3)-IId	gentamicin	ARO:3007382	aro_obo
ARO:3004623	AAC(3)-IId	netilmicin	ARO:0000038	aro_obo
ARO:3004623	AAC(3)-IId	sisomicin	ARO:0000035	aro_obo
ARO:3004623	AAC(3)-IId	tobramycin	ARO:0000052	aro_obo
ARO:3004621	AAC(3)-IIe	2'-n-ethylnetilmicin	ARO:3007378	aro_obo
ARO:3004621	AAC(3)-IIe	6'-n-ethylnetilmicin	ARO:3007377	aro_obo
ARO:3004621	AAC(3)-IIe	dibekacin	ARO:0000007	aro_obo
ARO:3004621	AAC(3)-IIe	gentamicin	ARO:3007382	aro_obo
ARO:3004621	AAC(3)-IIe	netilmicin	ARO:0000038	aro_obo
ARO:3004621	AAC(3)-IIe	sisomicin	ARO:0000035	aro_obo
ARO:3004621	AAC(3)-IIe	tobramycin	ARO:0000052	aro_obo
ARO:3005085	AAC(3)-IIg	2'-n-ethylnetilmicin	ARO:3007378	aro_obo
ARO:3005085	AAC(3)-IIg	6'-n-ethylnetilmicin	ARO:3007377	aro_obo
ARO:3005085	AAC(3)-IIg	dibekacin	ARO:0000007	aro_obo
ARO:3005085	AAC(3)-IIg	gentamicin	ARO:3007382	aro_obo
ARO:3005085	AAC(3)-IIg	netilmicin	ARO:0000038	aro_obo
ARO:3005085	AAC(3)-IIg	sisomicin	ARO:0000035	aro_obo
ARO:3005085	AAC(3)-IIg	tobramycin	ARO:0000052	aro_obo
ARO:3002539	AAC(3)-IVa	2'-n-ethylnetilmicin	ARO:3007378	aro_obo
ARO:3002539	AAC(3)-IVa	6'-n-ethylnetilmicin	ARO:3007377	aro_obo
ARO:3002539	AAC(3)-IVa	apramycin	ARO:0000037	aro_obo
ARO:3002539	AAC(3)-IVa	dibekacin	ARO:0000007	aro_obo
ARO:3002539	AAC(3)-IVa	gentamicin	ARO:3007382	aro_obo
ARO:3002539	AAC(3)-IVa	netilmicin	ARO:0000038	aro_obo
ARO:3002539	AAC(3)-IVa	sisomicin	ARO:0000035	aro_obo
ARO:3002539	AAC(3)-IVa	tobramycin	ARO:0000052	aro_obo
ARO:3005061	AAC(3)-IVb	gentamicin a	ARO:3004015	aro_obo
ARO:3005061	AAC(3)-IVb	tobramycin	ARO:0000052	aro_obo
ARO:3002543	AAC(3)-IXa	neomycin	ARO:0000005	aro_obo
ARO:3002528	AAC(3)-Ia	astromicin	ARO:0000003	aro_obo
ARO:3002528	AAC(3)-Ia	gentamicin	ARO:3007382	aro_obo
ARO:3002528	AAC(3)-Ia	sisomicin	ARO:0000035	aro_obo
ARO:3002530	AAC(3)-Ib	astromicin	ARO:0000003	aro_obo
ARO:3002530	AAC(3)-Ib	gentamicin	ARO:3007382	aro_obo
ARO:3002530	AAC(3)-Ib	sisomicin	ARO:0000035	aro_obo
ARO:3002600	AAC(3)-Ib/AAC(6')-Ib3 bifunctional protein	amikacin	ARO:0000013	aro_obo
ARO:3002600	AAC(3)-Ib/AAC(6')-Ib3 bifunctional protein	astromicin	ARO:0000003	aro_obo
ARO:3002600	AAC(3)-Ib/AAC(6')-Ib3 bifunctional protein	gentamicin	ARO:3007382	aro_obo
ARO:3002600	AAC(3)-Ib/AAC(6')-Ib3 bifunctional protein	kanamycin a	ARO:0000049	aro_obo
ARO:3002600	AAC(3)-Ib/AAC(6')-Ib3 bifunctional protein	sisomicin	ARO:0000035	aro_obo
ARO:3002600	AAC(3)-Ib/AAC(6')-Ib3 bifunctional protein	tobramycin	ARO:0000052	aro_obo
ARO:3002531	AAC(3)-Ic	astromicin	ARO:0000003	aro_obo
ARO:3002531	AAC(3)-Ic	gentamicin	ARO:3007382	aro_obo
ARO:3002531	AAC(3)-Ic	sisomicin	ARO:0000035	aro_obo
ARO:3002529	AAC(3)-Id	astromicin	ARO:0000003	aro_obo
ARO:3002529	AAC(3)-Id	gentamicin	ARO:3007382	aro_obo
ARO:3002529	AAC(3)-Id	sisomicin	ARO:0000035	aro_obo
ARO:3002542	AAC(3)-VIIIa	neomycin	ARO:0000005	aro_obo
ARO:3002541	AAC(3)-VIIa	paromomycin	ARO:3000657	aro_obo
ARO:3002540	AAC(3)-VIa	6'-n-ethylnetilmicin	ARO:3007377	aro_obo
ARO:3002540	AAC(3)-VIa	gentamicin	ARO:3007382	aro_obo
ARO:3002540	AAC(3)-VIa	sisomicin	ARO:0000035	aro_obo
ARO:3002544	AAC(3)-Xa	kanamycin a	ARO:0000049	aro_obo
ARO:3002583	AAC(6')-29a	amikacin	ARO:0000013	aro_obo
ARO:3002583	AAC(6')-29a	dibekacin	ARO:0000007	aro_obo
ARO:3002583	AAC(6')-29a	isepamicin	ARO:3000652	aro_obo
ARO:3002583	AAC(6')-29a	kanamycin a	ARO:0000049	aro_obo
ARO:3002583	AAC(6')-29a	tobramycin	ARO:0000052	aro_obo
ARO:3002584	AAC(6')-29b	amikacin	ARO:0000013	aro_obo
ARO:3002584	AAC(6')-29b	dibekacin	ARO:0000007	aro_obo
ARO:3002584	AAC(6')-29b	isepamicin	ARO:3000652	aro_obo
ARO:3002584	AAC(6')-29b	kanamycin a	ARO:0000049	aro_obo
ARO:3002584	AAC(6')-29b	tobramycin	ARO:0000052	aro_obo
ARO:3002599	AAC(6')-30/AAC(6')-Ib' bifunctional protein	gentamicin a	ARO:3004015	aro_obo
ARO:3002585	AAC(6')-31	amikacin	ARO:0000013	aro_obo
ARO:3002585	AAC(6')-31	gentamicin	ARO:3007382	aro_obo
ARO:3002585	AAC(6')-31	isepamicin	ARO:3000652	aro_obo
ARO:3002585	AAC(6')-31	kanamycin a	ARO:0000049	aro_obo
ARO:3002585	AAC(6')-31	neomycin	ARO:0000005	aro_obo
ARO:3002585	AAC(6')-31	netilmicin	ARO:0000038	aro_obo
ARO:3002585	AAC(6')-31	sisomicin	ARO:0000035	aro_obo
ARO:3002585	AAC(6')-31	tobramycin	ARO:0000052	aro_obo
ARO:3002586	AAC(6')-32	amikacin	ARO:0000013	aro_obo
ARO:3002586	AAC(6')-32	gentamicin	ARO:3007382	aro_obo
ARO:3002586	AAC(6')-32	tobramycin	ARO:0000052	aro_obo
ARO:3003989	AAC(6')-34	kanamycin a	ARO:0000049	aro_obo
ARO:3004641	AAC(6')-I-43	kanamycin a	ARO:0000049	aro_obo
ARO:3004641	AAC(6')-I-43	tobramycin	ARO:0000052	aro_obo
ARO:3004638	AAC(6')-I-48	2'-n-ethylnetilmicin	ARO:3007378	aro_obo
ARO:3004638	AAC(6')-I-48	5-episisomicin	ARO:3007379	aro_obo
ARO:3004638	AAC(6')-I-48	amikacin	ARO:0000013	aro_obo
ARO:3004638	AAC(6')-I-48	dibekacin	ARO:0000007	aro_obo
ARO:3004638	AAC(6')-I-48	netilmicin	ARO:0000038	aro_obo
ARO:3004638	AAC(6')-I-48	sisomicin	ARO:0000035	aro_obo
ARO:3004638	AAC(6')-I-48	tobramycin	ARO:0000052	aro_obo
ARO:3002588	AAC(6')-I30	2'-n-ethylnetilmicin	ARO:3007378	aro_obo
ARO:3002588	AAC(6')-I30	5-episisomicin	ARO:3007379	aro_obo
ARO:3002588	AAC(6')-I30	amikacin	ARO:0000013	aro_obo
ARO:3002588	AAC(6')-I30	dibekacin	ARO:0000007	aro_obo
ARO:3002588	AAC(6')-I30	netilmicin	ARO:0000038	aro_obo
ARO:3002588	AAC(6')-I30	sisomicin	ARO:0000035	aro_obo
ARO:3002588	AAC(6')-I30	tobramycin	ARO:0000052	aro_obo
ARO:3002587	AAC(6')-I33	amikacin	ARO:0000013	aro_obo
ARO:3002587	AAC(6')-I33	tobramycin	ARO:0000052	aro_obo
ARO:3002594	AAC(6')-IIa	2'-n-ethylnetilmicin	ARO:3007378	aro_obo
ARO:3002594	AAC(6')-IIa	5-episisomicin	ARO:3007379	aro_obo
ARO:3002594	AAC(6')-IIa	dibekacin	ARO:0000007	aro_obo
ARO:3002594	AAC(6')-IIa	gentamicin	ARO:3007382	aro_obo
ARO:3002594	AAC(6')-IIa	netilmicin	ARO:0000038	aro_obo
ARO:3002594	AAC(6')-IIa	sisomicin	ARO:0000035	aro_obo
ARO:3002594	AAC(6')-IIa	tobramycin	ARO:0000052	aro_obo
ARO:3002595	AAC(6')-IIb	2'-n-ethylnetilmicin	ARO:3007378	aro_obo
ARO:3002595	AAC(6')-IIb	5-episisomicin	ARO:3007379	aro_obo
ARO:3002595	AAC(6')-IIb	dibekacin	ARO:0000007	aro_obo
ARO:3002595	AAC(6')-IIb	gentamicin	ARO:3007382	aro_obo
ARO:3002595	AAC(6')-IIb	netilmicin	ARO:0000038	aro_obo
ARO:3002595	AAC(6')-IIb	sisomicin	ARO:0000035	aro_obo
ARO:3002595	AAC(6')-IIb	tobramycin	ARO:0000052	aro_obo
ARO:3002596	AAC(6')-IIc	2'-n-ethylnetilmicin	ARO:3007378	aro_obo
ARO:3002596	AAC(6')-IIc	5-episisomicin	ARO:3007379	aro_obo
ARO:3002596	AAC(6')-IIc	dibekacin	ARO:0000007	aro_obo
ARO:3002596	AAC(6')-IIc	gentamicin	ARO:3007382	aro_obo
ARO:3002596	AAC(6')-IIc	netilmicin	ARO:0000038	aro_obo
ARO:3002596	AAC(6')-IIc	sisomicin	ARO:0000035	aro_obo
ARO:3002596	AAC(6')-IIc	tobramycin	ARO:0000052	aro_obo
ARO:3002545	AAC(6')-Ia	2'-n-ethylnetilmicin	ARO:3007378	aro_obo
ARO:3002545	AAC(6')-Ia	5-episisomicin	ARO:3007379	aro_obo
ARO:3002545	AAC(6')-Ia	amikacin	ARO:0000013	aro_obo
ARO:3002545	AAC(6')-Ia	dibekacin	ARO:0000007	aro_obo
ARO:3002545	AAC(6')-Ia	netilmicin	ARO:0000038	aro_obo
ARO:3002545	AAC(6')-Ia	sisomicin	ARO:0000035	aro_obo
ARO:3002545	AAC(6')-Ia	tobramycin	ARO:0000052	aro_obo
ARO:3002571	AAC(6')-Iaa	2'-n-ethylnetilmicin	ARO:3007378	aro_obo
ARO:3002571	AAC(6')-Iaa	5-episisomicin	ARO:3007379	aro_obo
ARO:3002571	AAC(6')-Iaa	amikacin	ARO:0000013	aro_obo
ARO:3002571	AAC(6')-Iaa	dibekacin	ARO:0000007	aro_obo
ARO:3002571	AAC(6')-Iaa	netilmicin	ARO:0000038	aro_obo
ARO:3002571	AAC(6')-Iaa	sisomicin	ARO:0000035	aro_obo
ARO:3002571	AAC(6')-Iaa	tobramycin	ARO:0000052	aro_obo
ARO:3002572	AAC(6')-Iad	2'-n-ethylnetilmicin	ARO:3007378	aro_obo
ARO:3002572	AAC(6')-Iad	5-episisomicin	ARO:3007379	aro_obo
ARO:3002572	AAC(6')-Iad	amikacin	ARO:0000013	aro_obo
ARO:3002572	AAC(6')-Iad	dibekacin	ARO:0000007	aro_obo
ARO:3002572	AAC(6')-Iad	netilmicin	ARO:0000038	aro_obo
ARO:3002572	AAC(6')-Iad	sisomicin	ARO:0000035	aro_obo
ARO:3002572	AAC(6')-Iad	tobramycin	ARO:0000052	aro_obo
ARO:3002573	AAC(6')-Iae	2'-n-ethylnetilmicin	ARO:3007378	aro_obo
ARO:3002573	AAC(6')-Iae	5-episisomicin	ARO:3007379	aro_obo
ARO:3002573	AAC(6')-Iae	amikacin	ARO:0000013	aro_obo
ARO:3002573	AAC(6')-Iae	dibekacin	ARO:0000007	aro_obo
ARO:3002573	AAC(6')-Iae	netilmicin	ARO:0000038	aro_obo
ARO:3002573	AAC(6')-Iae	sisomicin	ARO:0000035	aro_obo
ARO:3002573	AAC(6')-Iae	tobramycin	ARO:0000052	aro_obo
ARO:3002574	AAC(6')-Iaf	2'-n-ethylnetilmicin	ARO:3007378	aro_obo
ARO:3002574	AAC(6')-Iaf	5-episisomicin	ARO:3007379	aro_obo
ARO:3002574	AAC(6')-Iaf	amikacin	ARO:0000013	aro_obo
ARO:3002574	AAC(6')-Iaf	dibekacin	ARO:0000007	aro_obo
ARO:3002574	AAC(6')-Iaf	netilmicin	ARO:0000038	aro_obo
ARO:3002574	AAC(6')-Iaf	sisomicin	ARO:0000035	aro_obo
ARO:3002574	AAC(6')-Iaf	tobramycin	ARO:0000052	aro_obo
ARO:3002575	AAC(6')-Iai	2'-n-ethylnetilmicin	ARO:3007378	aro_obo
ARO:3002575	AAC(6')-Iai	5-episisomicin	ARO:3007379	aro_obo
ARO:3002575	AAC(6')-Iai	amikacin	ARO:0000013	aro_obo
ARO:3002575	AAC(6')-Iai	dibekacin	ARO:0000007	aro_obo
ARO:3002575	AAC(6')-Iai	netilmicin	ARO:0000038	aro_obo
ARO:3002575	AAC(6')-Iai	sisomicin	ARO:0000035	aro_obo
ARO:3002575	AAC(6')-Iai	tobramycin	ARO:0000052	aro_obo
ARO:3003677	AAC(6')-Iaj	2'-n-ethylnetilmicin	ARO:3007378	aro_obo
ARO:3003677	AAC(6')-Iaj	5-episisomicin	ARO:3007379	aro_obo
ARO:3003677	AAC(6')-Iaj	amikacin	ARO:0000013	aro_obo
ARO:3003677	AAC(6')-Iaj	dibekacin	ARO:0000007	aro_obo
ARO:3003677	AAC(6')-Iaj	netilmicin	ARO:0000038	aro_obo
ARO:3003677	AAC(6')-Iaj	sisomicin	ARO:0000035	aro_obo
ARO:3003677	AAC(6')-Iaj	tobramycin	ARO:0000052	aro_obo
ARO:3003199	AAC(6')-Iak	2'-n-ethylnetilmicin	ARO:3007378	aro_obo
ARO:3003199	AAC(6')-Iak	5-episisomicin	ARO:3007379	aro_obo
ARO:3003199	AAC(6')-Iak	amikacin	ARO:0000013	aro_obo
ARO:3003199	AAC(6')-Iak	dibekacin	ARO:0000007	aro_obo
ARO:3003199	AAC(6')-Iak	netilmicin	ARO:0000038	aro_obo
ARO:3003199	AAC(6')-Iak	sisomicin	ARO:0000035	aro_obo
ARO:3003199	AAC(6')-Iak	tobramycin	ARO:0000052	aro_obo
ARO:3003200	AAC(6')-Ian	2'-n-ethylnetilmicin	ARO:3007378	aro_obo
ARO:3003200	AAC(6')-Ian	5-episisomicin	ARO:3007379	aro_obo
ARO:3003200	AAC(6')-Ian	amikacin	ARO:0000013	aro_obo
ARO:3003200	AAC(6')-Ian	dibekacin	ARO:0000007	aro_obo
ARO:3003200	AAC(6')-Ian	netilmicin	ARO:0000038	aro_obo
ARO:3003200	AAC(6')-Ian	sisomicin	ARO:0000035	aro_obo
ARO:3003200	AAC(6')-Ian	tobramycin	ARO:0000052	aro_obo
ARO:3007204	AAC(6')-Iap	2'-n-ethylnetilmicin	ARO:3007378	aro_obo
ARO:3007204	AAC(6')-Iap	5-episisomicin	ARO:3007379	aro_obo
ARO:3007204	AAC(6')-Iap	amikacin	ARO:0000013	aro_obo
ARO:3007204	AAC(6')-Iap	dibekacin	ARO:0000007	aro_obo
ARO:3007204	AAC(6')-Iap	netilmicin	ARO:0000038	aro_obo
ARO:3007204	AAC(6')-Iap	sisomicin	ARO:0000035	aro_obo
ARO:3007204	AAC(6')-Iap	tobramycin	ARO:0000052	aro_obo
ARO:3002546	AAC(6')-Ib	amikacin	ARO:0000013	aro_obo
ARO:3002546	AAC(6')-Ib	kanamycin a	ARO:0000049	aro_obo
ARO:3002546	AAC(6')-Ib	tobramycin	ARO:0000052	aro_obo
ARO:3003676	AAC(6')-Ib'	amikacin	ARO:0000013	aro_obo
ARO:3003676	AAC(6')-Ib'	tobramycin	ARO:0000052	aro_obo
ARO:3002592	AAC(6')-Ib-Hangzhou	amikacin	ARO:0000013	aro_obo
ARO:3002592	AAC(6')-Ib-Hangzhou	kanamycin a	ARO:0000049	aro_obo
ARO:3002592	AAC(6')-Ib-Hangzhou	tobramycin	ARO:0000052	aro_obo
ARO:3002593	AAC(6')-Ib-SK	amikacin	ARO:0000013	aro_obo
ARO:3002593	AAC(6')-Ib-SK	kanamycin a	ARO:0000049	aro_obo
ARO:3002593	AAC(6')-Ib-SK	tobramycin	ARO:0000052	aro_obo
ARO:3002591	AAC(6')-Ib-Suzhou	amikacin	ARO:0000013	aro_obo
ARO:3002591	AAC(6')-Ib-Suzhou	kanamycin a	ARO:0000049	aro_obo
ARO:3002591	AAC(6')-Ib-Suzhou	tobramycin	ARO:0000052	aro_obo
ARO:3002547	AAC(6')-Ib-cr1	amikacin	ARO:0000013	aro_obo
ARO:3002547	AAC(6')-Ib-cr1	ciprofloxacin	ARO:0000036	aro_obo
ARO:3002547	AAC(6')-Ib-cr1	kanamycin a	ARO:0000049	aro_obo
ARO:3002547	AAC(6')-Ib-cr1	tobramycin	ARO:0000052	aro_obo
ARO:3005112	AAC(6')-Ib-cr3	amikacin	ARO:0000013	aro_obo
ARO:3005112	AAC(6')-Ib-cr3	ciprofloxacin	ARO:0000036	aro_obo
ARO:3005112	AAC(6')-Ib-cr3	kanamycin a	ARO:0000049	aro_obo
ARO:3005112	AAC(6')-Ib-cr3	tobramycin	ARO:0000052	aro_obo
ARO:3005114	AAC(6')-Ib-cr4	amikacin	ARO:0000013	aro_obo
ARO:3005114	AAC(6')-Ib-cr4	ciprofloxacin	ARO:0000036	aro_obo
ARO:3005114	AAC(6')-Ib-cr4	kanamycin a	ARO:0000049	aro_obo
ARO:3005114	AAC(6')-Ib-cr4	tobramycin	ARO:0000052	aro_obo
ARO:3005115	AAC(6')-Ib-cr5	amikacin	ARO:0000013	aro_obo
ARO:3005115	AAC(6')-Ib-cr5	ciprofloxacin	ARO:0000036	aro_obo
ARO:3005115	AAC(6')-Ib-cr5	kanamycin a	ARO:0000049	aro_obo
ARO:3005115	AAC(6')-Ib-cr5	tobramycin	ARO:0000052	aro_obo
ARO:3005116	AAC(6')-Ib-cr6	amikacin	ARO:0000013	aro_obo
ARO:3005116	AAC(6')-Ib-cr6	ciprofloxacin	ARO:0000036	aro_obo
ARO:3005116	AAC(6')-Ib-cr6	kanamycin a	ARO:0000049	aro_obo
ARO:3005116	AAC(6')-Ib-cr6	tobramycin	ARO:0000052	aro_obo
ARO:3005117	AAC(6')-Ib-cr7	amikacin	ARO:0000013	aro_obo
ARO:3005117	AAC(6')-Ib-cr7	ciprofloxacin	ARO:0000036	aro_obo
ARO:3005117	AAC(6')-Ib-cr7	kanamycin a	ARO:0000049	aro_obo
ARO:3005117	AAC(6')-Ib-cr7	tobramycin	ARO:0000052	aro_obo
ARO:3005118	AAC(6')-Ib-cr8	amikacin	ARO:0000013	aro_obo
ARO:3005118	AAC(6')-Ib-cr8	ciprofloxacin	ARO:0000036	aro_obo
ARO:3005118	AAC(6')-Ib-cr8	kanamycin a	ARO:0000049	aro_obo
ARO:3005118	AAC(6')-Ib-cr8	tobramycin	ARO:0000052	aro_obo
ARO:3005119	AAC(6')-Ib-cr9	amikacin	ARO:0000013	aro_obo
ARO:3005119	AAC(6')-Ib-cr9	ciprofloxacin	ARO:0000036	aro_obo
ARO:3005119	AAC(6')-Ib-cr9	kanamycin a	ARO:0000049	aro_obo
ARO:3005119	AAC(6')-Ib-cr9	tobramycin	ARO:0000052	aro_obo
ARO:3002581	AAC(6')-Ib10	amikacin	ARO:0000013	aro_obo
ARO:3002581	AAC(6')-Ib10	kanamycin a	ARO:0000049	aro_obo
ARO:3002581	AAC(6')-Ib10	tobramycin	ARO:0000052	aro_obo
ARO:3002582	AAC(6')-Ib11	amikacin	ARO:0000013	aro_obo
ARO:3002582	AAC(6')-Ib11	kanamycin a	ARO:0000049	aro_obo
ARO:3002582	AAC(6')-Ib11	tobramycin	ARO:0000052	aro_obo
ARO:3002576	AAC(6')-Ib3	amikacin	ARO:0000013	aro_obo
ARO:3002576	AAC(6')-Ib3	kanamycin a	ARO:0000049	aro_obo
ARO:3002576	AAC(6')-Ib3	tobramycin	ARO:0000052	aro_obo
ARO:3002577	AAC(6')-Ib4	amikacin	ARO:0000013	aro_obo
ARO:3002577	AAC(6')-Ib4	kanamycin a	ARO:0000049	aro_obo
ARO:3002577	AAC(6')-Ib4	tobramycin	ARO:0000052	aro_obo
ARO:3002578	AAC(6')-Ib7	amikacin	ARO:0000013	aro_obo
ARO:3002578	AAC(6')-Ib7	kanamycin a	ARO:0000049	aro_obo
ARO:3002578	AAC(6')-Ib7	tobramycin	ARO:0000052	aro_obo
ARO:3002579	AAC(6')-Ib8	amikacin	ARO:0000013	aro_obo
ARO:3002579	AAC(6')-Ib8	kanamycin a	ARO:0000049	aro_obo
ARO:3002579	AAC(6')-Ib8	tobramycin	ARO:0000052	aro_obo
ARO:3002580	AAC(6')-Ib9	amikacin	ARO:0000013	aro_obo
ARO:3002580	AAC(6')-Ib9	kanamycin a	ARO:0000049	aro_obo
ARO:3002580	AAC(6')-Ib9	tobramycin	ARO:0000052	aro_obo
ARO:3002549	AAC(6')-Ic	2'-n-ethylnetilmicin	ARO:3007378	aro_obo
ARO:3002549	AAC(6')-Ic	5-episisomicin	ARO:3007379	aro_obo
ARO:3002549	AAC(6')-Ic	amikacin	ARO:0000013	aro_obo
ARO:3002549	AAC(6')-Ic	dibekacin	ARO:0000007	aro_obo
ARO:3002549	AAC(6')-Ic	netilmicin	ARO:0000038	aro_obo
ARO:3002549	AAC(6')-Ic	sisomicin	ARO:0000035	aro_obo
ARO:3002549	AAC(6')-Ic	tobramycin	ARO:0000052	aro_obo
ARO:3002597	AAC(6')-Ie-APH(2'')-Ia bifunctional protein	2'-n-ethylnetilmicin	ARO:3007378	aro_obo
ARO:3002597	AAC(6')-Ie-APH(2'')-Ia bifunctional protein	5-episisomicin	ARO:3007379	aro_obo
ARO:3002597	AAC(6')-Ie-APH(2'')-Ia bifunctional protein	amikacin	ARO:0000013	aro_obo
ARO:3002597	AAC(6')-Ie-APH(2'')-Ia bifunctional protein	dibekacin	ARO:0000007	aro_obo
ARO:3002597	AAC(6')-Ie-APH(2'')-Ia bifunctional protein	gentamicin a	ARO:3004015	aro_obo
ARO:3002597	AAC(6')-Ie-APH(2'')-Ia bifunctional protein	kanamycin a	ARO:0000049	aro_obo
ARO:3002597	AAC(6')-Ie-APH(2'')-Ia bifunctional protein	netilmicin	ARO:0000038	aro_obo
ARO:3002597	AAC(6')-Ie-APH(2'')-Ia bifunctional protein	sisomicin	ARO:0000035	aro_obo
ARO:3002597	AAC(6')-Ie-APH(2'')-Ia bifunctional protein	tobramycin	ARO:0000052	aro_obo
ARO:3002553	AAC(6')-If	2'-n-ethylnetilmicin	ARO:3007378	aro_obo
ARO:3002553	AAC(6')-If	5-episisomicin	ARO:3007379	aro_obo
ARO:3002553	AAC(6')-If	amikacin	ARO:0000013	aro_obo
ARO:3002553	AAC(6')-If	dibekacin	ARO:0000007	aro_obo
ARO:3002553	AAC(6')-If	netilmicin	ARO:0000038	aro_obo
ARO:3002553	AAC(6')-If	sisomicin	ARO:0000035	aro_obo
ARO:3002553	AAC(6')-If	tobramycin	ARO:0000052	aro_obo
ARO:3002554	AAC(6')-Ig	2'-n-ethylnetilmicin	ARO:3007378	aro_obo
ARO:3002554	AAC(6')-Ig	5-episisomicin	ARO:3007379	aro_obo
ARO:3002554	AAC(6')-Ig	amikacin	ARO:0000013	aro_obo
ARO:3002554	AAC(6')-Ig	dibekacin	ARO:0000007	aro_obo
ARO:3002554	AAC(6')-Ig	netilmicin	ARO:0000038	aro_obo
ARO:3002554	AAC(6')-Ig	sisomicin	ARO:0000035	aro_obo
ARO:3002554	AAC(6')-Ig	tobramycin	ARO:0000052	aro_obo
ARO:3002555	AAC(6')-Ih	2'-n-ethylnetilmicin	ARO:3007378	aro_obo
ARO:3002555	AAC(6')-Ih	5-episisomicin	ARO:3007379	aro_obo
ARO:3002555	AAC(6')-Ih	amikacin	ARO:0000013	aro_obo
ARO:3002555	AAC(6')-Ih	dibekacin	ARO:0000007	aro_obo
ARO:3002555	AAC(6')-Ih	netilmicin	ARO:0000038	aro_obo
ARO:3002555	AAC(6')-Ih	sisomicin	ARO:0000035	aro_obo
ARO:3002555	AAC(6')-Ih	tobramycin	ARO:0000052	aro_obo
ARO:3002556	AAC(6')-Ii	2'-n-ethylnetilmicin	ARO:3007378	aro_obo
ARO:3002556	AAC(6')-Ii	5-episisomicin	ARO:3007379	aro_obo
ARO:3002556	AAC(6')-Ii	amikacin	ARO:0000013	aro_obo
ARO:3002556	AAC(6')-Ii	dibekacin	ARO:0000007	aro_obo
ARO:3002556	AAC(6')-Ii	netilmicin	ARO:0000038	aro_obo
ARO:3002556	AAC(6')-Ii	sisomicin	ARO:0000035	aro_obo
ARO:3002556	AAC(6')-Ii	tobramycin	ARO:0000052	aro_obo
ARO:3002589	AAC(6')-Iid	2'-n-ethylnetilmicin	ARO:3007378	aro_obo
ARO:3002589	AAC(6')-Iid	5-episisomicin	ARO:3007379	aro_obo
ARO:3002589	AAC(6')-Iid	amikacin	ARO:0000013	aro_obo
ARO:3002589	AAC(6')-Iid	dibekacin	ARO:0000007	aro_obo
ARO:3002589	AAC(6')-Iid	netilmicin	ARO:0000038	aro_obo
ARO:3002589	AAC(6')-Iid	sisomicin	ARO:0000035	aro_obo
ARO:3002589	AAC(6')-Iid	tobramycin	ARO:0000052	aro_obo
ARO:3002590	AAC(6')-Iih	2'-n-ethylnetilmicin	ARO:3007378	aro_obo
ARO:3002590	AAC(6')-Iih	5-episisomicin	ARO:3007379	aro_obo
ARO:3002590	AAC(6')-Iih	amikacin	ARO:0000013	aro_obo
ARO:3002590	AAC(6')-Iih	dibekacin	ARO:0000007	aro_obo
ARO:3002590	AAC(6')-Iih	netilmicin	ARO:0000038	aro_obo
ARO:3002590	AAC(6')-Iih	sisomicin	ARO:0000035	aro_obo
ARO:3002590	AAC(6')-Iih	tobramycin	ARO:0000052	aro_obo
ARO:3002557	AAC(6')-Ij	2'-n-ethylnetilmicin	ARO:3007378	aro_obo
ARO:3002557	AAC(6')-Ij	5-episisomicin	ARO:3007379	aro_obo
ARO:3002557	AAC(6')-Ij	amikacin	ARO:0000013	aro_obo
ARO:3002557	AAC(6')-Ij	dibekacin	ARO:0000007	aro_obo
ARO:3002557	AAC(6')-Ij	netilmicin	ARO:0000038	aro_obo
ARO:3002557	AAC(6')-Ij	sisomicin	ARO:0000035	aro_obo
ARO:3002557	AAC(6')-Ij	tobramycin	ARO:0000052	aro_obo
ARO:3002558	AAC(6')-Ik	2'-n-ethylnetilmicin	ARO:3007378	aro_obo
ARO:3002558	AAC(6')-Ik	5-episisomicin	ARO:3007379	aro_obo
ARO:3002558	AAC(6')-Ik	amikacin	ARO:0000013	aro_obo
ARO:3002558	AAC(6')-Ik	dibekacin	ARO:0000007	aro_obo
ARO:3002558	AAC(6')-Ik	netilmicin	ARO:0000038	aro_obo
ARO:3002558	AAC(6')-Ik	sisomicin	ARO:0000035	aro_obo
ARO:3002558	AAC(6')-Ik	tobramycin	ARO:0000052	aro_obo
ARO:3004635	AAC(6')-Il	2'-n-ethylnetilmicin	ARO:3007378	aro_obo
ARO:3004635	AAC(6')-Il	5-episisomicin	ARO:3007379	aro_obo
ARO:3004635	AAC(6')-Il	amikacin	ARO:0000013	aro_obo
ARO:3004635	AAC(6')-Il	dibekacin	ARO:0000007	aro_obo
ARO:3004635	AAC(6')-Il	netilmicin	ARO:0000038	aro_obo
ARO:3004635	AAC(6')-Il	sisomicin	ARO:0000035	aro_obo
ARO:3004635	AAC(6')-Il	tobramycin	ARO:0000052	aro_obo
ARO:3004629	AAC(6')-Im	2'-n-ethylnetilmicin	ARO:3007378	aro_obo
ARO:3004629	AAC(6')-Im	5-episisomicin	ARO:3007379	aro_obo
ARO:3004629	AAC(6')-Im	amikacin	ARO:0000013	aro_obo
ARO:3004629	AAC(6')-Im	dibekacin	ARO:0000007	aro_obo
ARO:3004629	AAC(6')-Im	netilmicin	ARO:0000038	aro_obo
ARO:3004629	AAC(6')-Im	sisomicin	ARO:0000035	aro_obo
ARO:3004629	AAC(6')-Im	tobramycin	ARO:0000052	aro_obo
ARO:3002559	AAC(6')-Ip	2'-n-ethylnetilmicin	ARO:3007378	aro_obo
ARO:3002559	AAC(6')-Ip	5-episisomicin	ARO:3007379	aro_obo
ARO:3002559	AAC(6')-Ip	amikacin	ARO:0000013	aro_obo
ARO:3002559	AAC(6')-Ip	dibekacin	ARO:0000007	aro_obo
ARO:3002559	AAC(6')-Ip	netilmicin	ARO:0000038	aro_obo
ARO:3002559	AAC(6')-Ip	sisomicin	ARO:0000035	aro_obo
ARO:3002559	AAC(6')-Ip	tobramycin	ARO:0000052	aro_obo
ARO:3002560	AAC(6')-Iq	2'-n-ethylnetilmicin	ARO:3007378	aro_obo
ARO:3002560	AAC(6')-Iq	5-episisomicin	ARO:3007379	aro_obo
ARO:3002560	AAC(6')-Iq	amikacin	ARO:0000013	aro_obo
ARO:3002560	AAC(6')-Iq	dibekacin	ARO:0000007	aro_obo
ARO:3002560	AAC(6')-Iq	netilmicin	ARO:0000038	aro_obo
ARO:3002560	AAC(6')-Iq	sisomicin	ARO:0000035	aro_obo
ARO:3002560	AAC(6')-Iq	tobramycin	ARO:0000052	aro_obo
ARO:3002561	AAC(6')-Ir	2'-n-ethylnetilmicin	ARO:3007378	aro_obo
ARO:3002561	AAC(6')-Ir	5-episisomicin	ARO:3007379	aro_obo
ARO:3002561	AAC(6')-Ir	amikacin	ARO:0000013	aro_obo
ARO:3002561	AAC(6')-Ir	dibekacin	ARO:0000007	aro_obo
ARO:3002561	AAC(6')-Ir	netilmicin	ARO:0000038	aro_obo
ARO:3002561	AAC(6')-Ir	sisomicin	ARO:0000035	aro_obo
ARO:3002561	AAC(6')-Ir	tobramycin	ARO:0000052	aro_obo
ARO:3002562	AAC(6')-Is	2'-n-ethylnetilmicin	ARO:3007378	aro_obo
ARO:3002562	AAC(6')-Is	5-episisomicin	ARO:3007379	aro_obo
ARO:3002562	AAC(6')-Is	amikacin	ARO:0000013	aro_obo
ARO:3002562	AAC(6')-Is	dibekacin	ARO:0000007	aro_obo
ARO:3002562	AAC(6')-Is	netilmicin	ARO:0000038	aro_obo
ARO:3002562	AAC(6')-Is	sisomicin	ARO:0000035	aro_obo
ARO:3002562	AAC(6')-Is	tobramycin	ARO:0000052	aro_obo
ARO:3002563	AAC(6')-Isa	2'-n-ethylnetilmicin	ARO:3007378	aro_obo
ARO:3002563	AAC(6')-Isa	5-episisomicin	ARO:3007379	aro_obo
ARO:3002563	AAC(6')-Isa	amikacin	ARO:0000013	aro_obo
ARO:3002563	AAC(6')-Isa	dibekacin	ARO:0000007	aro_obo
ARO:3002563	AAC(6')-Isa	netilmicin	ARO:0000038	aro_obo
ARO:3002563	AAC(6')-Isa	sisomicin	ARO:0000035	aro_obo
ARO:3002563	AAC(6')-Isa	tobramycin	ARO:0000052	aro_obo
ARO:3002564	AAC(6')-It	2'-n-ethylnetilmicin	ARO:3007378	aro_obo
ARO:3002564	AAC(6')-It	5-episisomicin	ARO:3007379	aro_obo
ARO:3002564	AAC(6')-It	amikacin	ARO:0000013	aro_obo
ARO:3002564	AAC(6')-It	dibekacin	ARO:0000007	aro_obo
ARO:3002564	AAC(6')-It	netilmicin	ARO:0000038	aro_obo
ARO:3002564	AAC(6')-It	sisomicin	ARO:0000035	aro_obo
ARO:3002564	AAC(6')-It	tobramycin	ARO:0000052	aro_obo
ARO:3002565	AAC(6')-Iu	2'-n-ethylnetilmicin	ARO:3007378	aro_obo
ARO:3002565	AAC(6')-Iu	5-episisomicin	ARO:3007379	aro_obo
ARO:3002565	AAC(6')-Iu	amikacin	ARO:0000013	aro_obo
ARO:3002565	AAC(6')-Iu	dibekacin	ARO:0000007	aro_obo
ARO:3002565	AAC(6')-Iu	netilmicin	ARO:0000038	aro_obo
ARO:3002565	AAC(6')-Iu	sisomicin	ARO:0000035	aro_obo
ARO:3002565	AAC(6')-Iu	tobramycin	ARO:0000052	aro_obo
ARO:3002566	AAC(6')-Iv	2'-n-ethylnetilmicin	ARO:3007378	aro_obo
ARO:3002566	AAC(6')-Iv	5-episisomicin	ARO:3007379	aro_obo
ARO:3002566	AAC(6')-Iv	amikacin	ARO:0000013	aro_obo
ARO:3002566	AAC(6')-Iv	dibekacin	ARO:0000007	aro_obo
ARO:3002566	AAC(6')-Iv	netilmicin	ARO:0000038	aro_obo
ARO:3002566	AAC(6')-Iv	sisomicin	ARO:0000035	aro_obo
ARO:3002566	AAC(6')-Iv	tobramycin	ARO:0000052	aro_obo
ARO:3002567	AAC(6')-Iw	2'-n-ethylnetilmicin	ARO:3007378	aro_obo
ARO:3002567	AAC(6')-Iw	5-episisomicin	ARO:3007379	aro_obo
ARO:3002567	AAC(6')-Iw	amikacin	ARO:0000013	aro_obo
ARO:3002567	AAC(6')-Iw	dibekacin	ARO:0000007	aro_obo
ARO:3002567	AAC(6')-Iw	netilmicin	ARO:0000038	aro_obo
ARO:3002567	AAC(6')-Iw	sisomicin	ARO:0000035	aro_obo
ARO:3002567	AAC(6')-Iw	tobramycin	ARO:0000052	aro_obo
ARO:3002568	AAC(6')-Ix	2'-n-ethylnetilmicin	ARO:3007378	aro_obo
ARO:3002568	AAC(6')-Ix	5-episisomicin	ARO:3007379	aro_obo
ARO:3002568	AAC(6')-Ix	amikacin	ARO:0000013	aro_obo
ARO:3002568	AAC(6')-Ix	dibekacin	ARO:0000007	aro_obo
ARO:3002568	AAC(6')-Ix	netilmicin	ARO:0000038	aro_obo
ARO:3002568	AAC(6')-Ix	sisomicin	ARO:0000035	aro_obo
ARO:3002568	AAC(6')-Ix	tobramycin	ARO:0000052	aro_obo
ARO:3002569	AAC(6')-Iy	2'-n-ethylnetilmicin	ARO:3007378	aro_obo
ARO:3002569	AAC(6')-Iy	5-episisomicin	ARO:3007379	aro_obo
ARO:3002569	AAC(6')-Iy	amikacin	ARO:0000013	aro_obo
ARO:3002569	AAC(6')-Iy	dibekacin	ARO:0000007	aro_obo
ARO:3002569	AAC(6')-Iy	netilmicin	ARO:0000038	aro_obo
ARO:3002569	AAC(6')-Iy	sisomicin	ARO:0000035	aro_obo
ARO:3002569	AAC(6')-Iy	tobramycin	ARO:0000052	aro_obo
ARO:3002570	AAC(6')-Iz	2'-n-ethylnetilmicin	ARO:3007378	aro_obo
ARO:3002570	AAC(6')-Iz	5-episisomicin	ARO:3007379	aro_obo
ARO:3002570	AAC(6')-Iz	amikacin	ARO:0000013	aro_obo
ARO:3002570	AAC(6')-Iz	dibekacin	ARO:0000007	aro_obo
ARO:3002570	AAC(6')-Iz	netilmicin	ARO:0000038	aro_obo
ARO:3002570	AAC(6')-Iz	sisomicin	ARO:0000035	aro_obo
ARO:3002570	AAC(6')-Iz	tobramycin	ARO:0000052	aro_obo
ARO:3001815	ACC-1	aztreonam	ARO:3000550	aro_obo
ARO:3001815	ACC-1	cefepime	ARO:0000059	aro_obo
ARO:3001815	ACC-1	cefotaxime	ARO:3000645	aro_obo
ARO:3001815	ACC-1	cefotetan	ARO:3004004	aro_obo
ARO:3001815	ACC-1	cefpirome	ARO:3004726	aro_obo
ARO:3001815	ACC-1	ceftazidime	ARO:0000060	aro_obo
ARO:3001815	ACC-1	flomoxef	ARO:3004014	aro_obo
ARO:3001815	ACC-1	moxalactam	ARO:3004017	aro_obo
ARO:3001815	ACC-1	piperacillin	ARO:0000078	aro_obo
ARO:3006228	ACC-1a	ceftazidime	ARO:0000060	aro_obo
ARO:3006229	ACC-1b	ceftazidime	ARO:0000060	aro_obo
ARO:3006230	ACC-1c	ceftazidime	ARO:0000060	aro_obo
ARO:3006231	ACC-1d	ceftazidime	ARO:0000060	aro_obo
ARO:3001816	ACC-2	cefotaxime	ARO:3000645	aro_obo
ARO:3001816	ACC-2	ceftazidime	ARO:0000060	aro_obo
ARO:3001817	ACC-3	ceftazidime	ARO:0000060	aro_obo
ARO:3001818	ACC-4	aztreonam	ARO:3000550	aro_obo
ARO:3001818	ACC-4	cefotaxime	ARO:3000645	aro_obo
ARO:3001818	ACC-4	ceftazidime	ARO:0000060	aro_obo
ARO:3001818	ACC-4	cefuroxime	ARO:0000063	aro_obo
ARO:3001819	ACC-5	ceftazidime	ARO:0000060	aro_obo
ARO:3006232	ACC-7	ceftazidime	ARO:0000060	aro_obo
ARO:3006233	ACC-8	ceftazidime	ARO:0000060	aro_obo
ARO:3004359	ACI-1	amoxicillin	ARO:0000064	aro_obo
ARO:3004359	ACI-1	cefotaxime	ARO:3000645	aro_obo
ARO:3004359	ACI-1	ceftazidime	ARO:0000060	aro_obo
ARO:3004359	ACI-1	ticarcillin	ARO:3003832	aro_obo
ARO:3007694	AMZ-1	amoxicillin	ARO:0000064	aro_obo
ARO:3007694	AMZ-1	ampicillin	ARO:3000637	aro_obo
ARO:3007694	AMZ-1	benzylpenicillin	ARO:3000632	aro_obo
ARO:3007694	AMZ-1	cefalotin	ARO:3000704	aro_obo
ARO:3007694	AMZ-1	cefoxitin	ARO:0000008	aro_obo
ARO:3000230	ANT(2'')-Ia	dibekacin	ARO:0000007	aro_obo
ARO:3000230	ANT(2'')-Ia	gentamicin	ARO:3007382	aro_obo
ARO:3000230	ANT(2'')-Ia	kanamycin a	ARO:0000049	aro_obo
ARO:3000230	ANT(2'')-Ia	sisomicin	ARO:0000035	aro_obo
ARO:3000230	ANT(2'')-Ia	tobramycin	ARO:0000052	aro_obo
ARO:3002598	ANT(3'')-II-AAC(6')-IId bifunctional protein	2'-n-ethylnetilmicin	ARO:3007378	aro_obo
ARO:3002598	ANT(3'')-II-AAC(6')-IId bifunctional protein	5-episisomicin	ARO:3007379	aro_obo
ARO:3002598	ANT(3'')-II-AAC(6')-IId bifunctional protein	dibekacin	ARO:0000007	aro_obo
ARO:3002598	ANT(3'')-II-AAC(6')-IId bifunctional protein	gentamicin a	ARO:3004015	aro_obo
ARO:3002598	ANT(3'')-II-AAC(6')-IId bifunctional protein	netilmicin	ARO:0000038	aro_obo
ARO:3002598	ANT(3'')-II-AAC(6')-IId bifunctional protein	sisomicin	ARO:0000035	aro_obo
ARO:3002598	ANT(3'')-II-AAC(6')-IId bifunctional protein	spectinomycin	ARO:0000039	aro_obo
ARO:3002598	ANT(3'')-II-AAC(6')-IId bifunctional protein	streptomycin	ARO:0000040	aro_obo
ARO:3002598	ANT(3'')-II-AAC(6')-IId bifunctional protein	tobramycin	ARO:0000052	aro_obo
ARO:3004089	ANT(3'')-IIa	spectinomycin	ARO:0000039	aro_obo
ARO:3004089	ANT(3'')-IIa	streptomycin	ARO:0000040	aro_obo
ARO:3004090	ANT(3'')-IIb	spectinomycin	ARO:0000039	aro_obo
ARO:3004090	ANT(3'')-IIb	streptomycin	ARO:0000040	aro_obo
ARO:3004091	ANT(3'')-IIc	spectinomycin	ARO:0000039	aro_obo
ARO:3004091	ANT(3'')-IIc	streptomycin	ARO:0000040	aro_obo
ARO:3005062	ANT(3'')-Ib	spectinomycin	ARO:0000039	aro_obo
ARO:3005062	ANT(3'')-Ib	streptomycin	ARO:0000040	aro_obo
ARO:3002624	ANT(4')-IIa	amikacin	ARO:0000013	aro_obo
ARO:3002624	ANT(4')-IIa	isepamicin	ARO:3000652	aro_obo
ARO:3002624	ANT(4')-IIa	tobramycin	ARO:0000052	aro_obo
ARO:3002625	ANT(4')-IIb	amikacin	ARO:0000013	aro_obo
ARO:3002625	ANT(4')-IIb	isepamicin	ARO:3000652	aro_obo
ARO:3002625	ANT(4')-IIb	tobramycin	ARO:0000052	aro_obo
ARO:3002623	ANT(4')-Ia	amikacin	ARO:0000013	aro_obo
ARO:3002623	ANT(4')-Ia	dibekacin	ARO:0000007	aro_obo
ARO:3002623	ANT(4')-Ia	isepamicin	ARO:3000652	aro_obo
ARO:3002623	ANT(4')-Ia	tobramycin	ARO:0000052	aro_obo
ARO:3003905	ANT(4')-Ib	amikacin	ARO:0000013	aro_obo
ARO:3003905	ANT(4')-Ib	dibekacin	ARO:0000007	aro_obo
ARO:3003905	ANT(4')-Ib	isepamicin	ARO:3000652	aro_obo
ARO:3003905	ANT(4')-Ib	tobramycin	ARO:0000052	aro_obo
ARO:3002626	ANT(6)-Ia	streptomycin	ARO:0000040	aro_obo
ARO:3002629	ANT(6)-Ib	streptomycin	ARO:0000040	aro_obo
ARO:3002630	ANT(9)-Ia	spectinomycin	ARO:0000039	aro_obo
ARO:3007401	ANT(9)-Ib	spectinomycin	ARO:0000039	aro_obo
ARO:3007515	ANT(9)-Ic	spectinomycin	ARO:0000039	aro_obo
ARO:3002636	APH(2'')-IIIa	amikacin	ARO:0000013	aro_obo
ARO:3002636	APH(2'')-IIIa	gentamicin a	ARO:3004015	aro_obo
ARO:3002636	APH(2'')-IIIa	kanamycin a	ARO:0000049	aro_obo
ARO:3002636	APH(2'')-IIIa	tobramycin	ARO:0000052	aro_obo
ARO:3002635	APH(2'')-IIa	plazomicin	ARO:3003675	aro_obo
ARO:3002637	APH(2'')-IVa	amikacin	ARO:0000013	aro_obo
ARO:3002637	APH(2'')-IVa	gentamicin a	ARO:3004015	aro_obo
ARO:3002637	APH(2'')-IVa	kanamycin a	ARO:0000049	aro_obo
ARO:3002637	APH(2'')-IVa	tobramycin	ARO:0000052	aro_obo
ARO:3002634	APH(2'')-Ie	amikacin	ARO:0000013	aro_obo
ARO:3002634	APH(2'')-Ie	gentamicin a	ARO:3004015	aro_obo
ARO:3002634	APH(2'')-Ie	kanamycin a	ARO:0000049	aro_obo
ARO:3002634	APH(2'')-Ie	tobramycin	ARO:0000052	aro_obo
ARO:3004191	APH(2'')-If	dibekacin	ARO:0000007	aro_obo
ARO:3004191	APH(2'')-If	gentamicin a	ARO:3004015	aro_obo
ARO:3004191	APH(2'')-If	kanamycin a	ARO:0000049	aro_obo
ARO:3004191	APH(2'')-If	sisomicin	ARO:0000035	aro_obo
ARO:3004191	APH(2'')-If	tobramycin	ARO:0000052	aro_obo
ARO:3002669	APH(2'')-Ig	amikacin	ARO:0000013	aro_obo
ARO:3002669	APH(2'')-Ig	gentamicin a	ARO:3004015	aro_obo
ARO:3002669	APH(2'')-Ig	kanamycin a	ARO:0000049	aro_obo
ARO:3002669	APH(2'')-Ig	tobramycin	ARO:0000052	aro_obo
ARO:3002638	APH(3'')-Ia	streptomycin	ARO:0000040	aro_obo
ARO:3002639	APH(3'')-Ib	streptomycin	ARO:0000040	aro_obo
ARO:3002640	APH(3'')-Ic	streptomycin	ARO:0000040	aro_obo
ARO:3002647	APH(3')-IIIa	amikacin	ARO:0000013	aro_obo
ARO:3002647	APH(3')-IIIa	butirosin	ARO:0000024	aro_obo
ARO:3002647	APH(3')-IIIa	gentamicin b	ARO:3000655	aro_obo
ARO:3002647	APH(3')-IIIa	isepamicin	ARO:3000652	aro_obo
ARO:3002647	APH(3')-IIIa	kanamycin a	ARO:0000049	aro_obo
ARO:3002647	APH(3')-IIIa	lividomycin	ARO:3000658	aro_obo
ARO:3002647	APH(3')-IIIa	neomycin	ARO:0000005	aro_obo
ARO:3002647	APH(3')-IIIa	paromomycin	ARO:3000657	aro_obo
ARO:3002647	APH(3')-IIIa	ribostamycin	ARO:0000021	aro_obo
ARO:3002644	APH(3')-IIa	butirosin	ARO:0000024	aro_obo
ARO:3002644	APH(3')-IIa	gentamicin b	ARO:3000655	aro_obo
ARO:3002644	APH(3')-IIa	kanamycin a	ARO:0000049	aro_obo
ARO:3002644	APH(3')-IIa	neomycin	ARO:0000005	aro_obo
ARO:3002644	APH(3')-IIa	paromomycin	ARO:3000657	aro_obo
ARO:3002644	APH(3')-IIa	ribostamycin	ARO:0000021	aro_obo
ARO:3002645	APH(3')-IIb	butirosin	ARO:0000024	aro_obo
ARO:3002645	APH(3')-IIb	gentamicin b	ARO:3000655	aro_obo
ARO:3002645	APH(3')-IIb	kanamycin a	ARO:0000049	aro_obo
ARO:3002645	APH(3')-IIb	neomycin	ARO:0000005	aro_obo
ARO:3002645	APH(3')-IIb	paromomycin	ARO:3000657	aro_obo
ARO:3002645	APH(3')-IIb	ribostamycin	ARO:0000021	aro_obo
ARO:3002646	APH(3')-IIc	butirosin	ARO:0000024	aro_obo
ARO:3002646	APH(3')-IIc	gentamicin b	ARO:3000655	aro_obo
ARO:3002646	APH(3')-IIc	kanamycin a	ARO:0000049	aro_obo
ARO:3002646	APH(3')-IIc	neomycin	ARO:0000005	aro_obo
ARO:3002646	APH(3')-IIc	paromomycin	ARO:3000657	aro_obo
ARO:3002646	APH(3')-IIc	ribostamycin	ARO:0000021	aro_obo
ARO:3002648	APH(3')-IVa	butirosin	ARO:0000024	aro_obo
ARO:3002648	APH(3')-IVa	kanamycin a	ARO:0000049	aro_obo
ARO:3002648	APH(3')-IVa	neomycin	ARO:0000005	aro_obo
ARO:3002648	APH(3')-IVa	paromomycin	ARO:3000657	aro_obo
ARO:3002648	APH(3')-IVa	ribostamycin	ARO:0000021	aro_obo
ARO:3004087	APH(3')-IXa	amikacin	ARO:0000013	aro_obo
ARO:3004087	APH(3')-IXa	kanamycin a	ARO:0000049	aro_obo
ARO:3002641	APH(3')-Ia	gentamicin b	ARO:3000655	aro_obo
ARO:3002641	APH(3')-Ia	kanamycin a	ARO:0000049	aro_obo
ARO:3002641	APH(3')-Ia	lividomycin	ARO:3000658	aro_obo
ARO:3002641	APH(3')-Ia	neomycin	ARO:0000005	aro_obo
ARO:3002641	APH(3')-Ia	paromomycin	ARO:3000657	aro_obo
ARO:3002641	APH(3')-Ia	ribostamycin	ARO:0000021	aro_obo
ARO:3002642	APH(3')-Ib	gentamicin b	ARO:3000655	aro_obo
ARO:3002642	APH(3')-Ib	kanamycin a	ARO:0000049	aro_obo
ARO:3002642	APH(3')-Ib	lividomycin	ARO:3000658	aro_obo
ARO:3002642	APH(3')-Ib	neomycin	ARO:0000005	aro_obo
ARO:3002642	APH(3')-Ib	paromomycin	ARO:3000657	aro_obo
ARO:3002642	APH(3')-Ib	ribostamycin	ARO:0000021	aro_obo
ARO:3004680	APH(3')-VIIIa	amikacin	ARO:0000013	aro_obo
ARO:3004680	APH(3')-VIIIa	kanamycin a	ARO:0000049	aro_obo
ARO:3004086	APH(3')-VIIIb	amikacin	ARO:0000013	aro_obo
ARO:3004086	APH(3')-VIIIb	kanamycin a	ARO:0000049	aro_obo
ARO:3002654	APH(3')-VIIa	kanamycin a	ARO:0000049	aro_obo
ARO:3002654	APH(3')-VIIa	neomycin	ARO:0000005	aro_obo
ARO:3002652	APH(3')-VIa	amikacin	ARO:0000013	aro_obo
ARO:3002652	APH(3')-VIa	butirosin	ARO:0000024	aro_obo
ARO:3002652	APH(3')-VIa	gentamicin b	ARO:3000655	aro_obo
ARO:3002652	APH(3')-VIa	isepamicin	ARO:3000652	aro_obo
ARO:3002652	APH(3')-VIa	kanamycin a	ARO:0000049	aro_obo
ARO:3002652	APH(3')-VIa	neomycin	ARO:0000005	aro_obo
ARO:3002652	APH(3')-VIa	paromomycin	ARO:3000657	aro_obo
ARO:3002652	APH(3')-VIa	ribostamycin	ARO:0000021	aro_obo
ARO:3002653	APH(3')-VIb	amikacin	ARO:0000013	aro_obo
ARO:3002653	APH(3')-VIb	butirosin	ARO:0000024	aro_obo
ARO:3002653	APH(3')-VIb	gentamicin b	ARO:3000655	aro_obo
ARO:3002653	APH(3')-VIb	isepamicin	ARO:3000652	aro_obo
ARO:3002653	APH(3')-VIb	kanamycin a	ARO:0000049	aro_obo
ARO:3002653	APH(3')-VIb	neomycin	ARO:0000005	aro_obo
ARO:3002653	APH(3')-VIb	paromomycin	ARO:3000657	aro_obo
ARO:3002653	APH(3')-VIb	ribostamycin	ARO:0000021	aro_obo
ARO:3002649	APH(3')-Va	neomycin	ARO:0000005	aro_obo
ARO:3002649	APH(3')-Va	paromomycin	ARO:3000657	aro_obo
ARO:3002649	APH(3')-Va	ribostamycin	ARO:0000021	aro_obo
ARO:3002650	APH(3')-Vb	neomycin	ARO:0000005	aro_obo
ARO:3002650	APH(3')-Vb	paromomycin	ARO:3000657	aro_obo
ARO:3002650	APH(3')-Vb	ribostamycin	ARO:0000021	aro_obo
ARO:3002651	APH(3')-Vc	neomycin	ARO:0000005	aro_obo
ARO:3002651	APH(3')-Vc	paromomycin	ARO:3000657	aro_obo
ARO:3002651	APH(3')-Vc	ribostamycin	ARO:0000021	aro_obo
ARO:3002655	APH(4)-Ia	hygromycin b	ARO:3000214	aro_obo
ARO:3002656	APH(4)-Ib	hygromycin b	ARO:3000214	aro_obo
ARO:3002657	APH(6)-Ia	streptomycin	ARO:0000040	aro_obo
ARO:3002658	APH(6)-Ib	streptomycin	ARO:0000040	aro_obo
ARO:3002659	APH(6)-Ic	streptomycin	ARO:0000040	aro_obo
ARO:3002660	APH(6)-Id	streptomycin	ARO:0000040	aro_obo
ARO:3002661	APH(7'')-Ia	hygromycin b	ARO:3000214	aro_obo
ARO:3002662	APH(9)-Ia	spectinomycin	ARO:0000039	aro_obo
ARO:3002663	APH(9)-Ib	spectinomycin	ARO:0000039	aro_obo
ARO:3007539	APH(9)-Ic	spectinomycin	ARO:0000039	aro_obo
ARO:3004573	Acinetobacter baumannii AbaF	fosfomycin	ARO:0000025	aro_obo
ARO:3004574	Acinetobacter baumannii AbaQ	levofloxacin	ARO:0000071	aro_obo
ARO:3004574	Acinetobacter baumannii AbaQ	nalidixic acid	ARO:3000661	aro_obo
ARO:3004578	Acinetobacter baumannii AbuO	amikacin	ARO:0000013	aro_obo
ARO:3004578	Acinetobacter baumannii AbuO	benzalkonium chloride	ARO:3003823	aro_obo
ARO:3004578	Acinetobacter baumannii AbuO	carbenicillin	ARO:0000043	aro_obo
ARO:3004578	Acinetobacter baumannii AbuO	ceftriaxone	ARO:0000062	aro_obo
ARO:3004578	Acinetobacter baumannii AbuO	chlorhexidine	ARO:3007039	aro_obo
ARO:3004578	Acinetobacter baumannii AbuO	meropenem	ARO:0000073	aro_obo
ARO:3004578	Acinetobacter baumannii AbuO	streptomycin	ARO:0000040	aro_obo
ARO:3004578	Acinetobacter baumannii AbuO	tigecycline	ARO:0000030	aro_obo
ARO:3004577	Acinetobacter baumannii AmvA	acriflavine	ARO:0000045	aro_obo
ARO:3004577	Acinetobacter baumannii AmvA	erythromycin	ARO:0000006	aro_obo
ARO:3003809	Acinetobacter baumannii OprD conferring resistance to imipenem	imipenem	ARO:3000170	aro_obo
ARO:3003796	Acinetobacter baumannii ampC beta-lactamase	cefepime	ARO:0000059	aro_obo
ARO:3003796	Acinetobacter baumannii ampC beta-lactamase	piperacillin	ARO:0000078	aro_obo
ARO:3003817	Acinetobacter baumannii gyrA conferring resistance to fluoroquinolones	ciprofloxacin	ARO:0000036	aro_obo
ARO:3003817	Acinetobacter baumannii gyrA conferring resistance to fluoroquinolones	enoxacin	ARO:0000023	aro_obo
ARO:3003817	Acinetobacter baumannii gyrA conferring resistance to fluoroquinolones	gatifloxacin	ARO:3000659	aro_obo
ARO:3003817	Acinetobacter baumannii gyrA conferring resistance to fluoroquinolones	grepafloxacin	ARO:3000665	aro_obo
ARO:3003817	Acinetobacter baumannii gyrA conferring resistance to fluoroquinolones	levofloxacin	ARO:0000071	aro_obo
ARO:3003817	Acinetobacter baumannii gyrA conferring resistance to fluoroquinolones	lomefloxacin	ARO:3000660	aro_obo
ARO:3003817	Acinetobacter baumannii gyrA conferring resistance to fluoroquinolones	moxifloxacin	ARO:0000074	aro_obo
ARO:3003817	Acinetobacter baumannii gyrA conferring resistance to fluoroquinolones	nalidixic acid	ARO:3000661	aro_obo
ARO:3003817	Acinetobacter baumannii gyrA conferring resistance to fluoroquinolones	norfloxacin	ARO:3000662	aro_obo
ARO:3003817	Acinetobacter baumannii gyrA conferring resistance to fluoroquinolones	ofloxacin	ARO:3000663	aro_obo
ARO:3003817	Acinetobacter baumannii gyrA conferring resistance to fluoroquinolones	pefloxacin	ARO:3000762	aro_obo
ARO:3003817	Acinetobacter baumannii gyrA conferring resistance to fluoroquinolones	sparfloxacin	ARO:3000666	aro_obo
ARO:3003817	Acinetobacter baumannii gyrA conferring resistance to fluoroquinolones	trovafloxacin	ARO:3000664	aro_obo
ARO:3003818	Acinetobacter baumannii parC conferring resistance to fluoroquinolones	ciprofloxacin	ARO:0000036	aro_obo
ARO:3003818	Acinetobacter baumannii parC conferring resistance to fluoroquinolones	enoxacin	ARO:0000023	aro_obo
ARO:3003818	Acinetobacter baumannii parC conferring resistance to fluoroquinolones	gatifloxacin	ARO:3000659	aro_obo
ARO:3003818	Acinetobacter baumannii parC conferring resistance to fluoroquinolones	grepafloxacin	ARO:3000665	aro_obo
ARO:3003818	Acinetobacter baumannii parC conferring resistance to fluoroquinolones	levofloxacin	ARO:0000071	aro_obo
ARO:3003818	Acinetobacter baumannii parC conferring resistance to fluoroquinolones	lomefloxacin	ARO:3000660	aro_obo
ARO:3003818	Acinetobacter baumannii parC conferring resistance to fluoroquinolones	moxifloxacin	ARO:0000074	aro_obo
ARO:3003818	Acinetobacter baumannii parC conferring resistance to fluoroquinolones	nalidixic acid	ARO:3000661	aro_obo
ARO:3003818	Acinetobacter baumannii parC conferring resistance to fluoroquinolones	norfloxacin	ARO:3000662	aro_obo
ARO:3003818	Acinetobacter baumannii parC conferring resistance to fluoroquinolones	ofloxacin	ARO:3000663	aro_obo
ARO:3003818	Acinetobacter baumannii parC conferring resistance to fluoroquinolones	pefloxacin	ARO:3000762	aro_obo
ARO:3003818	Acinetobacter baumannii parC conferring resistance to fluoroquinolones	sparfloxacin	ARO:3000666	aro_obo
ARO:3003818	Acinetobacter baumannii parC conferring resistance to fluoroquinolones	trovafloxacin	ARO:3000664	aro_obo
ARO:3003581	Acinetobacter mutant Lpx gene conferring resistance to colistin	colistin a	ARO:3000622	aro_obo
ARO:3003581	Acinetobacter mutant Lpx gene conferring resistance to colistin	colistin b	ARO:3000624	aro_obo
ARO:3000384	AcrAB-TolC	ampicillin	ARO:3000637	aro_obo
ARO:3000384	AcrAB-TolC	cefalotin	ARO:3000704	aro_obo
ARO:3000384	AcrAB-TolC	chloramphenicol	ARO:3000385	aro_obo
ARO:3000384	AcrAB-TolC	rifampin	ARO:3000169	aro_obo
ARO:3000384	AcrAB-TolC	tetracycline	ARO:0000051	aro_obo
ARO:3000384	AcrAB-TolC	tigecycline	ARO:0000030	aro_obo
ARO:3000384	AcrAB-TolC	triclosan	ARO:3000870	aro_obo
ARO:3004082	AcrAD-TolC	amikacin	ARO:0000013	aro_obo
ARO:3004082	AcrAD-TolC	gentamicin	ARO:3007382	aro_obo
ARO:3004082	AcrAD-TolC	kanamycin a	ARO:0000049	aro_obo
ARO:3004082	AcrAD-TolC	neomycin	ARO:0000005	aro_obo
ARO:3004082	AcrAD-TolC	tobramycin	ARO:0000052	aro_obo
ARO:3004083	AcrEF-TolC confers resistance to ciprofloxacin	ciprofloxacin	ARO:0000036	aro_obo
ARO:3000770	AdeABC	tetracycline	ARO:0000051	aro_obo
ARO:3000770	AdeABC	tigecycline	ARO:0000030	aro_obo
ARO:3000771	AdeFGH	tetracycline	ARO:0000051	aro_obo
ARO:3000772	AdeIJK	chloramphenicol	ARO:3000385	aro_obo
ARO:3000772	AdeIJK	imipenem	ARO:3000170	aro_obo
ARO:3000772	AdeIJK	rifampin	ARO:3000169	aro_obo
ARO:3000772	AdeIJK	tetracycline	ARO:0000051	aro_obo
ARO:3000772	AdeIJK	ticarcillin	ARO:3003832	aro_obo
ARO:3000772	AdeIJK	trimethoprim	ARO:3000188	aro_obo
ARO:3004451	Agrobacterium fabrum chloramphenicol acetyltransferase	chloramphenicol	ARO:3000385	aro_obo
ARO:3004452	Alkalihalobacillus clausii chloramphenicol acetyltransferase	chloramphenicol	ARO:3000385	aro_obo
ARO:3003830	Aminocoumarin resistant alaS	novobiocin	ARO:3000111	aro_obo
ARO:3002981	AmrAB-OprM	azithromycin	ARO:3000158	aro_obo
ARO:3002981	AmrAB-OprM	tobramycin	ARO:0000052	aro_obo
ARO:3007056	Antibiotic resistant Helicobacter pylori nitroreductase	metronidazole	ARO:3000689	aro_obo
ARO:3005053	ArnT	colistin a	ARO:3000622	aro_obo
ARO:3005053	ArnT	colistin b	ARO:3000624	aro_obo
ARO:3004141	AxyXY-OprZ	cefepime	ARO:0000059	aro_obo
ARO:3004141	AxyXY-OprZ	erythromycin	ARO:0000006	aro_obo
ARO:3005036	BLMT	bleomycin	ARO:0000053	aro_obo
ARO:3001205	BRP(MBL)	bleomycin a2	ARO:3000691	aro_obo
ARO:3001205	BRP(MBL)	bleomycin b2	ARO:3000692	aro_obo
ARO:3001205	BRP(MBL)	bleomycinic acid	ARO:3000690	aro_obo
ARO:3002672	Bacillus pumilus cat86	azidamfenicol	ARO:3000382	aro_obo
ARO:3002672	Bacillus pumilus cat86	chloramphenicol	ARO:3000385	aro_obo
ARO:3002672	Bacillus pumilus cat86	thiamphenicol	ARO:3000456	aro_obo
ARO:3003324	Bacillus subtilis mprF	defensin	ARO:3000693	aro_obo
ARO:3003788	Bacillus subtilis pgsA with mutation conferring resistance to daptomycin	daptomycin	ARO:0000068	aro_obo
ARO:3007073	Bacillus subtilis rpoB mutants conferring resistance to rifampin	rifampin	ARO:3000169	aro_obo
ARO:3007527	Bacillus subtilis rpsE mutations conferring resistance to spectinomycin	spectinomycin	ARO:0000039	aro_obo
ARO:3003984	BahA	bacitracin	ARO:0000041	aro_obo
ARO:3003297	Bartonella bacilliformis gyrA conferring resistance to fluoroquinolones	ciprofloxacin	ARO:0000036	aro_obo
ARO:3003297	Bartonella bacilliformis gyrA conferring resistance to fluoroquinolones	enoxacin	ARO:0000023	aro_obo
ARO:3003297	Bartonella bacilliformis gyrA conferring resistance to fluoroquinolones	gatifloxacin	ARO:3000659	aro_obo
ARO:3003297	Bartonella bacilliformis gyrA conferring resistance to fluoroquinolones	grepafloxacin	ARO:3000665	aro_obo
ARO:3003297	Bartonella bacilliformis gyrA conferring resistance to fluoroquinolones	levofloxacin	ARO:0000071	aro_obo
ARO:3003297	Bartonella bacilliformis gyrA conferring resistance to fluoroquinolones	lomefloxacin	ARO:3000660	aro_obo
ARO:3003297	Bartonella bacilliformis gyrA conferring resistance to fluoroquinolones	moxifloxacin	ARO:0000074	aro_obo
ARO:3003297	Bartonella bacilliformis gyrA conferring resistance to fluoroquinolones	nalidixic acid	ARO:3000661	aro_obo
ARO:3003297	Bartonella bacilliformis gyrA conferring resistance to fluoroquinolones	norfloxacin	ARO:3000662	aro_obo
ARO:3003297	Bartonella bacilliformis gyrA conferring resistance to fluoroquinolones	ofloxacin	ARO:3000663	aro_obo
ARO:3003297	Bartonella bacilliformis gyrA conferring resistance to fluoroquinolones	pefloxacin	ARO:3000762	aro_obo
ARO:3003297	Bartonella bacilliformis gyrA conferring resistance to fluoroquinolones	sparfloxacin	ARO:3000666	aro_obo
ARO:3003297	Bartonella bacilliformis gyrA conferring resistance to fluoroquinolones	trovafloxacin	ARO:3000664	aro_obo
ARO:3003302	Bartonella bacilliformis gyrB conferring resistance to aminocoumarin	clorobiocin	ARO:3000132	aro_obo
ARO:3003302	Bartonella bacilliformis gyrB conferring resistance to aminocoumarin	coumermycin a1	ARO:3000150	aro_obo
ARO:3003302	Bartonella bacilliformis gyrB conferring resistance to aminocoumarin	novobiocin	ARO:3000111	aro_obo
ARO:3004480	Bifidobacterium adolescentis rpoB mutants conferring resistance to rifampicin	rifampin	ARO:3000169	aro_obo
ARO:3003730	Bifidobacterium bifidum ileS conferring resistance to mupirocin	mupirocin	ARO:3000554	aro_obo
ARO:3003504	Borreliella burgdorferi 16S rRNA mutation conferring resistance to gentamicin	gentamicin c	ARO:0000014	aro_obo
ARO:3003503	Borreliella burgdorferi 16S rRNA mutation conferring resistance to kanamycin	kanamycin a	ARO:0000049	aro_obo
ARO:3003502	Borreliella burgdorferi 16S rRNA mutation conferring resistance to spectinomycin	spectinomycin	ARO:0000039	aro_obo
ARO:3003777	Borreliella burgdorferi murA with mutation conferring resistance to fosfomycin	fosfomycin	ARO:0000025	aro_obo
ARO:3004133	Brachyspira hyodysenteriae 23S rRNA with mutation conferring resistance to tylosin	tylosin	ARO:3000145	aro_obo
ARO:3003772	Brucella suis mprF	defensin	ARO:3000693	aro_obo
ARO:3004860	Burkholderia dolosa gyrA conferring resistance to fluoroquinolones	ciprofloxacin	ARO:0000036	aro_obo
ARO:3004123	Burkholderia pseudomallei Omp38	benzylpenicillin	ARO:3000632	aro_obo
ARO:3004123	Burkholderia pseudomallei Omp38	cefoxitin	ARO:0000008	aro_obo
ARO:3004123	Burkholderia pseudomallei Omp38	ceftazidime	ARO:0000060	aro_obo
ARO:3004123	Burkholderia pseudomallei Omp38	imipenem	ARO:3000170	aro_obo
ARO:3007635	CAE-1	ampicillin	ARO:3000637	aro_obo
ARO:3007635	CAE-1	cefazolin	ARO:0000058	aro_obo
ARO:3007635	CAE-1	ceftriaxone	ARO:0000062	aro_obo
ARO:3007635	CAE-1	cefuroxime	ARO:0000063	aro_obo
ARO:3007635	CAE-1	piperacillin	ARO:0000078	aro_obo
ARO:3004559	CAM-1	cefotaxime	ARO:3000645	aro_obo
ARO:3004559	CAM-1	cefoxitin	ARO:0000008	aro_obo
ARO:3004559	CAM-1	ceftazidime	ARO:0000060	aro_obo
ARO:3004559	CAM-1	ceftolozane	ARO:3003927	aro_obo
ARO:3004559	CAM-1	doripenem	ARO:3000640	aro_obo
ARO:3004559	CAM-1	imipenem	ARO:3000170	aro_obo
ARO:3004559	CAM-1	meropenem	ARO:0000073	aro_obo
ARO:3007650	CDA-1	cefalotin	ARO:3000704	aro_obo
ARO:3007650	CDA-1	cefoxitin	ARO:0000008	aro_obo
ARO:3007650	CDA-1	cephaloridine	ARO:3004129	aro_obo
ARO:3007650	CDA-1	ticarcillin	ARO:3003832	aro_obo
ARO:3004854	CMY-136	cefotaxime	ARO:3000645	aro_obo
ARO:3004854	CMY-136	ceftolozane	ARO:3003927	aro_obo
ARO:3004854	CMY-136	cefuroxime	ARO:0000063	aro_obo
ARO:3002013	CMY-2	ampicillin	ARO:3000637	aro_obo
ARO:3002013	CMY-2	cefalotin	ARO:3000704	aro_obo
ARO:3002013	CMY-2	cefazolin	ARO:0000058	aro_obo
ARO:3002013	CMY-2	cefixime	ARO:3000646	aro_obo
ARO:3002013	CMY-2	cefoxitin	ARO:0000008	aro_obo
ARO:3002013	CMY-2	ceftazidime	ARO:0000060	aro_obo
ARO:3002013	CMY-2	ceftriaxone	ARO:0000062	aro_obo
ARO:3002013	CMY-2	ertapenem	ARO:0000070	aro_obo
ARO:3002053	CMY-42	cefoxitin	ARO:0000008	aro_obo
ARO:3002053	CMY-42	ceftazidime	ARO:0000060	aro_obo
ARO:3001878	CTX-M-15	ampicillin	ARO:3000637	aro_obo
ARO:3001878	CTX-M-15	cefalotin	ARO:3000704	aro_obo
ARO:3001878	CTX-M-15	cefazolin	ARO:0000058	aro_obo
ARO:3001878	CTX-M-15	ceftazidime	ARO:0000060	aro_obo
ARO:3001878	CTX-M-15	ceftriaxone	ARO:0000062	aro_obo
ARO:3001889	CTX-M-27	ampicillin	ARO:3000637	aro_obo
ARO:3001889	CTX-M-27	cefalotin	ARO:3000704	aro_obo
ARO:3001889	CTX-M-27	cefazolin	ARO:0000058	aro_obo
ARO:3001889	CTX-M-27	cefixime	ARO:3000646	aro_obo
ARO:3001889	CTX-M-27	ceftazidime	ARO:0000060	aro_obo
ARO:3001889	CTX-M-27	ertapenem	ARO:0000070	aro_obo
ARO:3001866	CTX-M-3	ampicillin	ARO:3000637	aro_obo
ARO:3001866	CTX-M-3	cefalotin	ARO:3000704	aro_obo
ARO:3001866	CTX-M-3	cefazolin	ARO:0000058	aro_obo
ARO:3001866	CTX-M-3	cefixime	ARO:3000646	aro_obo
ARO:3001866	CTX-M-3	cefoxitin	ARO:0000008	aro_obo
ARO:3001866	CTX-M-3	ceftazidime	ARO:0000060	aro_obo
ARO:3001866	CTX-M-3	ceftriaxone	ARO:0000062	aro_obo
ARO:3001917	CTX-M-55	ceftazidime	ARO:0000060	aro_obo
ARO:3001917	CTX-M-55	ceftriaxone	ARO:0000062	aro_obo
ARO:3004454	Campylobacter coli chloramphenicol acetyltransferase	chloramphenicol	ARO:3000385	aro_obo
ARO:3004546	Campylobacter jejuni 23S rRNA with mutation conferring resistance to erythromycin	erythromycin	ARO:0000006	aro_obo
ARO:3003789	Campylobacter jejuni gyrA conferring resistance to fluoroquinolones	ciprofloxacin	ARO:0000036	aro_obo
ARO:3003931	Capnocytophaga gingivalis gyrA conferring resistance to fluoroquinolones	ciprofloxacin	ARO:0000036	aro_obo
ARO:3003931	Capnocytophaga gingivalis gyrA conferring resistance to fluoroquinolones	levofloxacin	ARO:0000071	aro_obo
ARO:3003931	Capnocytophaga gingivalis gyrA conferring resistance to fluoroquinolones	norfloxacin	ARO:3000662	aro_obo
ARO:3003983	CatU	azidamfenicol	ARO:3000382	aro_obo
ARO:3003983	CatU	chloramphenicol	ARO:3000385	aro_obo
ARO:3003983	CatU	thiamphenicol	ARO:3000456	aro_obo
ARO:3002998	CblA beta-lactamase	cephaloridine	ARO:3004129	aro_obo
ARO:3002999	CblA-1	cephaloridine	ARO:3004129	aro_obo
ARO:3003001	CfxA	cefmetazole	ARO:3004001	aro_obo
ARO:3003001	CfxA	cefotetan	ARO:3004004	aro_obo
ARO:3003001	CfxA	cefoxitin	ARO:0000008	aro_obo
ARO:3003001	CfxA	flomoxef	ARO:3004014	aro_obo
ARO:3004174	Chlamydia trachomatis 23S rRNA with mutation conferring resistance to macrolide antibiotics	azithromycin	ARO:3000158	aro_obo
ARO:3004174	Chlamydia trachomatis 23S rRNA with mutation conferring resistance to macrolide antibiotics	erythromycin	ARO:0000006	aro_obo
ARO:3004174	Chlamydia trachomatis 23S rRNA with mutation conferring resistance to macrolide antibiotics	josamycin	ARO:3001221	aro_obo
ARO:3003785	Chlamydia trachomatis intrinsic murA conferring resistance to fosfomycin	fosfomycin	ARO:0000025	aro_obo
ARO:3003978	Chlamydomonas reinhardtii 16S rRNA (rrnS) mutation conferring resistance to streptomycin	streptomycin	ARO:0000040	aro_obo
ARO:3004132	Chlamydomonas reinhardtii 23S rRNA with mutation conferring resistance to erythromycin	erythromycin	ARO:0000006	aro_obo
ARO:3003485	Chlamydophila psittaci 16S rRNA mutation conferring resistance to spectinomycin	spectinomycin	ARO:0000039	aro_obo
ARO:3004654	Clostridioides difficile 23S rRNA with mutation conferring resistance to erythromycin and clindamycin	clindamycin	ARO:0000066	aro_obo
ARO:3004654	Clostridioides difficile 23S rRNA with mutation conferring resistance to erythromycin and clindamycin	erythromycin	ARO:0000006	aro_obo
ARO:3003357	Clostridioides difficile EF-Tu mutants conferring resistance to elfamycin	lff571	ARO:3003414	aro_obo
ARO:3007637	Clostridioides difficile cplR	a201a	ARO:3007639	aro_obo
ARO:3007637	Clostridioides difficile cplR	clindamycin	ARO:0000066	aro_obo
ARO:3007637	Clostridioides difficile cplR	iboxamycin	ARO:3007636	aro_obo
ARO:3007637	Clostridioides difficile cplR	lincomycin	ARO:0000046	aro_obo
ARO:3007637	Clostridioides difficile cplR	virginiamycin m1	ARO:3000669	aro_obo
ARO:3003995	Clostridioides difficile gyrA conferring resistance to fluoroquinolones	ciprofloxacin	ARO:0000036	aro_obo
ARO:3003995	Clostridioides difficile gyrA conferring resistance to fluoroquinolones	gatifloxacin	ARO:3000659	aro_obo
ARO:3003995	Clostridioides difficile gyrA conferring resistance to fluoroquinolones	levofloxacin	ARO:0000071	aro_obo
ARO:3003995	Clostridioides difficile gyrA conferring resistance to fluoroquinolones	moxifloxacin	ARO:0000074	aro_obo
ARO:3003995	Clostridioides difficile gyrA conferring resistance to fluoroquinolones	ofloxacin	ARO:3000663	aro_obo
ARO:3004562	Clostridioides difficile gyrB conferring resistance to fluoroquinolones	ciprofloxacin	ARO:0000036	aro_obo
ARO:3004562	Clostridioides difficile gyrB conferring resistance to fluoroquinolones	gemifloxacin	ARO:3007165	aro_obo
ARO:3004562	Clostridioides difficile gyrB conferring resistance to fluoroquinolones	levofloxacin	ARO:0000071	aro_obo
ARO:3004562	Clostridioides difficile gyrB conferring resistance to fluoroquinolones	moxifloxacin	ARO:0000074	aro_obo
ARO:3004561	Clostridioides difficile murG with mutation conferring resistance to vancomycin	vancomycin	ARO:0000028	aro_obo
ARO:3007671	Clostridioides difficile nimB	metronidazole	ARO:3000689	aro_obo
ARO:3004563	Clostridioides difficile rpoB with mutation conferring resistance to rifampicin	rifampin	ARO:3000169	aro_obo
ARO:3004563	Clostridioides difficile rpoB with mutation conferring resistance to rifampicin	rifaximin	ARO:3000517	aro_obo
ARO:3004681	Clostridioides difficile rpoC with mutation conferring resistance to vancomycin	vancomycin	ARO:0000028	aro_obo
ARO:3002674	Clostridium butyricum catB	azidamfenicol	ARO:3000382	aro_obo
ARO:3002674	Clostridium butyricum catB	chloramphenicol	ARO:3000385	aro_obo
ARO:3002674	Clostridium butyricum catB	thiamphenicol	ARO:3000456	aro_obo
ARO:3003773	Clostridium perfringens mprF	defensin	ARO:3000693	aro_obo
ARO:3007644	Clostridium perfringes cplR	clindamycin	ARO:0000066	aro_obo
ARO:3007644	Clostridium perfringes cplR	iboxamycin	ARO:3007636	aro_obo
ARO:3007644	Clostridium perfringes cplR	lincomycin	ARO:0000046	aro_obo
ARO:3007644	Clostridium perfringes cplR	retapamulin	ARO:3001314	aro_obo
ARO:3007644	Clostridium perfringes cplR	virginiamycin m1	ARO:3000669	aro_obo
ARO:3007645	Clostridium sporogenes cplR	clindamycin	ARO:0000066	aro_obo
ARO:3007645	Clostridium sporogenes cplR	iboxamycin	ARO:3007636	aro_obo
ARO:3007645	Clostridium sporogenes cplR	retapamulin	ARO:3001314	aro_obo
ARO:3000773	CmeABC	cefotaxime	ARO:3000645	aro_obo
ARO:3000773	CmeABC	erythromycin	ARO:0000006	aro_obo
ARO:3000773	CmeABC	fusidic acid	ARO:3000759	aro_obo
ARO:3004639	Corynebacterium striatum tetA	oxacillin	ARO:0000056	aro_obo
ARO:3004639	Corynebacterium striatum tetA	oxytetracycline	ARO:3000668	aro_obo
ARO:3004639	Corynebacterium striatum tetA	tetracycline	ARO:0000051	aro_obo
ARO:3005049	CrcB	gentamicin	ARO:3007382	aro_obo
ARO:3005049	CrcB	tobramycin	ARO:0000052	aro_obo
ARO:3003499	Cutibacterium acnes 16S rRNA mutation conferring resistance to tetracycline	tetracycline	ARO:0000051	aro_obo
ARO:3003974	Cutibacterium acnes gyrA conferring resistance to fluoroquinolones	ciprofloxacin	ARO:0000036	aro_obo
ARO:3003974	Cutibacterium acnes gyrA conferring resistance to fluoroquinolones	levofloxacin	ARO:0000071	aro_obo
ARO:3003970	D-Ala-D-Ala ligase	vancomycin	ARO:0000028	aro_obo
ARO:3007861	DYB-1	ceftazidime	ARO:0000060	aro_obo
ARO:3007861	DYB-1	meropenem	ARO:0000073	aro_obo
ARO:3005346	DfrA34	trimethoprim	ARO:3000188	aro_obo
ARO:3005348	DfrA36	trimethoprim	ARO:3000188	aro_obo
ARO:3005347	DfrA37	trimethoprim	ARO:3000188	aro_obo
ARO:3005349	DfrA38	trimethoprim	ARO:3000188	aro_obo
ARO:3005351	DfrA39	trimethoprim	ARO:3000188	aro_obo
ARO:3005350	DfrB9	trimethoprim	ARO:3000188	aro_obo
ARO:3000248	DnaA	rifabutin	ARO:3000530	aro_obo
ARO:3000248	DnaA	rifampin	ARO:3000169	aro_obo
ARO:3000248	DnaA	rifapentine	ARO:3000534	aro_obo
ARO:3000248	DnaA	rifaximin	ARO:3000517	aro_obo
ARO:3007437	EBR-5	ampicillin	ARO:3000637	aro_obo
ARO:3007437	EBR-5	cefalotin	ARO:3000704	aro_obo
ARO:3007437	EBR-5	ceftazidime	ARO:0000060	aro_obo
ARO:3007437	EBR-5	ceftiofur	ARO:3004006	aro_obo
ARO:3007437	EBR-5	cefuroxime	ARO:0000063	aro_obo
ARO:3007437	EBR-5	piperacillin	ARO:0000078	aro_obo
ARO:3004063	EdeQ	edeine a	ARO:3000130	aro_obo
ARO:3004063	EdeQ	edeine b	ARO:3000134	aro_obo
ARO:3004063	EdeQ	edeine d	ARO:3000135	aro_obo
ARO:3004063	EdeQ	edeine f	ARO:3000136	aro_obo
ARO:3004064	Edeine acetyltransferase	edeine a	ARO:3000130	aro_obo
ARO:3004064	Edeine acetyltransferase	edeine b	ARO:3000134	aro_obo
ARO:3004064	Edeine acetyltransferase	edeine d	ARO:3000135	aro_obo
ARO:3004064	Edeine acetyltransferase	edeine f	ARO:3000136	aro_obo
ARO:3003947	EfrAB	ciprofloxacin	ARO:0000036	aro_obo
ARO:3003947	EfrAB	erythromycin	ARO:0000006	aro_obo
ARO:3003947	EfrAB	rifampin	ARO:3000169	aro_obo
ARO:3000344	EmrAB-TolC	nalidixic acid	ARO:3000661	aro_obo
ARO:3000373	EmrKY-TolC	tetracycline	ARO:0000051	aro_obo
ARO:3003374	Enterobacter aerogenes acrR with mutation conferring multidrug antibiotic resistance	acriflavine	ARO:0000045	aro_obo
ARO:3003374	Enterobacter aerogenes acrR with mutation conferring multidrug antibiotic resistance	chloramphenicol	ARO:3000385	aro_obo
ARO:3003374	Enterobacter aerogenes acrR with mutation conferring multidrug antibiotic resistance	ciprofloxacin	ARO:0000036	aro_obo
ARO:3003374	Enterobacter aerogenes acrR with mutation conferring multidrug antibiotic resistance	norfloxacin	ARO:3000662	aro_obo
ARO:3003374	Enterobacter aerogenes acrR with mutation conferring multidrug antibiotic resistance	tetracycline	ARO:0000051	aro_obo
ARO:3004042	Enterobacter cloacae acrA	tigecycline	ARO:0000030	aro_obo
ARO:3004108	Enterobacter cloacae rob	erythromycin	ARO:0000006	aro_obo
ARO:3004108	Enterobacter cloacae rob	telithromycin	ARO:0000057	aro_obo
ARO:3004108	Enterobacter cloacae rob	tetracycline	ARO:0000051	aro_obo
ARO:3003815	Enterococcus faecalis YvlB with mutation conferring daptomycin resistance	daptomycin	ARO:0000068	aro_obo
ARO:3003797	Enterococcus faecalis YybT with mutation conferring daptomycin resistance	daptomycin	ARO:0000068	aro_obo
ARO:3004458	Enterococcus faecalis chloramphenicol acetyltransferase	chloramphenicol	ARO:3000385	aro_obo
ARO:3003760	Enterococcus faecalis cls with mutation conferring resistance to daptomycin	daptomycin	ARO:0000068	aro_obo
ARO:3003813	Enterococcus faecalis drmA with mutation conferring daptomycin resistance	daptomycin	ARO:0000068	aro_obo
ARO:3003800	Enterococcus faecalis gdpD with mutation conferring daptomycin resistance	daptomycin	ARO:0000068	aro_obo
ARO:3003805	Enterococcus faecalis gshF with mutation conferring daptomycin resistance	daptomycin	ARO:0000068	aro_obo
ARO:3003077	Enterococcus faecalis liaF mutant conferring daptomycin resistance	daptomycin	ARO:0000068	aro_obo
ARO:3003792	Enterococcus faecalis liaR mutant conferring daptomycin resistance	daptomycin	ARO:0000068	aro_obo
ARO:3003791	Enterococcus faecalis liaS mutant conferring daptomycin resistance	daptomycin	ARO:0000068	aro_obo
ARO:3003438	Enterococcus faecium EF-Tu mutants conferring resistance to GE2270A	ge2270a	ARO:3001237	aro_obo
ARO:3004456	Enterococcus faecium chloramphenicol acetyltransferase	chloramphenicol	ARO:3000385	aro_obo
ARO:3003092	Enterococcus faecium cls conferring resistance to daptomycin	daptomycin	ARO:0000068	aro_obo
ARO:3003790	Enterococcus faecium liaF mutant conferring daptomycin resistance	daptomycin	ARO:0000068	aro_obo
ARO:3003078	Enterococcus faecium liaR mutant conferring daptomycin resistance	daptomycin	ARO:0000068	aro_obo
ARO:3003079	Enterococcus faecium liaS mutant conferring daptomycin resistance	daptomycin	ARO:0000068	aro_obo
ARO:3000361	EreA	clarithromycin	ARO:0000065	aro_obo
ARO:3000361	EreA	erythromycin	ARO:0000006	aro_obo
ARO:3000361	EreA	roxithromycin	ARO:0000027	aro_obo
ARO:3002826	EreA2	erythromycin	ARO:0000006	aro_obo
ARO:3000363	EreB	azithromycin	ARO:3000158	aro_obo
ARO:3000363	EreB	clarithromycin	ARO:0000065	aro_obo
ARO:3000363	EreB	erythromycin	ARO:0000006	aro_obo
ARO:3000363	EreB	roxithromycin	ARO:0000027	aro_obo
ARO:3004608	EreD	erythromycin	ARO:0000006	aro_obo
ARO:3001265	Erm(30)	methymycin	ARO:3001232	aro_obo
ARO:3001265	Erm(30)	narbomycin	ARO:3001226	aro_obo
ARO:3001265	Erm(30)	pikromycin	ARO:3001233	aro_obo
ARO:3000598	Erm(31)	methymycin	ARO:3001232	aro_obo
ARO:3000598	Erm(31)	narbomycin	ARO:3001226	aro_obo
ARO:3000598	Erm(31)	pikromycin	ARO:3001233	aro_obo
ARO:3000599	Erm(33)	azithromycin	ARO:3000158	aro_obo
ARO:3000599	Erm(33)	clarithromycin	ARO:0000065	aro_obo
ARO:3000599	Erm(33)	clindamycin	ARO:0000066	aro_obo
ARO:3000599	Erm(33)	dalfopristin	ARO:3000674	aro_obo
ARO:3000599	Erm(33)	dirithromycin	ARO:3000176	aro_obo
ARO:3000599	Erm(33)	erythromycin	ARO:0000006	aro_obo
ARO:3000599	Erm(33)	griseoviridin	ARO:3000673	aro_obo
ARO:3000599	Erm(33)	lincomycin	ARO:0000046	aro_obo
ARO:3000599	Erm(33)	madumycin ii	ARO:3000672	aro_obo
ARO:3000599	Erm(33)	oleandomycin	ARO:3000867	aro_obo
ARO:3000599	Erm(33)	ostreogrycin b3	ARO:3000682	aro_obo
ARO:3000599	Erm(33)	patricin a	ARO:3000680	aro_obo
ARO:3000599	Erm(33)	patricin b	ARO:3000681	aro_obo
ARO:3000599	Erm(33)	pristinamycin ia	ARO:3000583	aro_obo
ARO:3000599	Erm(33)	pristinamycin ib	ARO:3000675	aro_obo
ARO:3000599	Erm(33)	pristinamycin ic	ARO:3000678	aro_obo
ARO:3000599	Erm(33)	quinupristin	ARO:3000584	aro_obo
ARO:3000599	Erm(33)	roxithromycin	ARO:0000027	aro_obo
ARO:3000599	Erm(33)	spiramycin	ARO:3000156	aro_obo
ARO:3000599	Erm(33)	telithromycin	ARO:0000057	aro_obo
ARO:3000599	Erm(33)	tylosin	ARO:3000145	aro_obo
ARO:3000599	Erm(33)	vernamycin c	ARO:3000679	aro_obo
ARO:3000599	Erm(33)	virginiamycin m1	ARO:3000669	aro_obo
ARO:3000599	Erm(33)	virginiamycin s2	ARO:3000677	aro_obo
ARO:3000600	Erm(34)	azithromycin	ARO:3000158	aro_obo
ARO:3000600	Erm(34)	clarithromycin	ARO:0000065	aro_obo
ARO:3000600	Erm(34)	clindamycin	ARO:0000066	aro_obo
ARO:3000600	Erm(34)	dalfopristin	ARO:3000674	aro_obo
ARO:3000600	Erm(34)	dirithromycin	ARO:3000176	aro_obo
ARO:3000600	Erm(34)	erythromycin	ARO:0000006	aro_obo
ARO:3000600	Erm(34)	griseoviridin	ARO:3000673	aro_obo
ARO:3000600	Erm(34)	lincomycin	ARO:0000046	aro_obo
ARO:3000600	Erm(34)	madumycin ii	ARO:3000672	aro_obo
ARO:3000600	Erm(34)	oleandomycin	ARO:3000867	aro_obo
ARO:3000600	Erm(34)	ostreogrycin b3	ARO:3000682	aro_obo
ARO:3000600	Erm(34)	patricin a	ARO:3000680	aro_obo
ARO:3000600	Erm(34)	patricin b	ARO:3000681	aro_obo
ARO:3000600	Erm(34)	pristinamycin ia	ARO:3000583	aro_obo
ARO:3000600	Erm(34)	pristinamycin ib	ARO:3000675	aro_obo
ARO:3000600	Erm(34)	pristinamycin ic	ARO:3000678	aro_obo
ARO:3000600	Erm(34)	quinupristin	ARO:3000584	aro_obo
ARO:3000600	Erm(34)	roxithromycin	ARO:0000027	aro_obo
ARO:3000600	Erm(34)	spiramycin	ARO:3000156	aro_obo
ARO:3000600	Erm(34)	telithromycin	ARO:0000057	aro_obo
ARO:3000600	Erm(34)	tylosin	ARO:3000145	aro_obo
ARO:3000600	Erm(34)	vernamycin c	ARO:3000679	aro_obo
ARO:3000600	Erm(34)	virginiamycin m1	ARO:3000669	aro_obo
ARO:3000600	Erm(34)	virginiamycin s2	ARO:3000677	aro_obo
ARO:3000604	Erm(35)	azithromycin	ARO:3000158	aro_obo
ARO:3000604	Erm(35)	clarithromycin	ARO:0000065	aro_obo
ARO:3000604	Erm(35)	clindamycin	ARO:0000066	aro_obo
ARO:3000604	Erm(35)	dalfopristin	ARO:3000674	aro_obo
ARO:3000604	Erm(35)	dirithromycin	ARO:3000176	aro_obo
ARO:3000604	Erm(35)	erythromycin	ARO:0000006	aro_obo
ARO:3000604	Erm(35)	griseoviridin	ARO:3000673	aro_obo
ARO:3000604	Erm(35)	lincomycin	ARO:0000046	aro_obo
ARO:3000604	Erm(35)	madumycin ii	ARO:3000672	aro_obo
ARO:3000604	Erm(35)	oleandomycin	ARO:3000867	aro_obo
ARO:3000604	Erm(35)	ostreogrycin b3	ARO:3000682	aro_obo
ARO:3000604	Erm(35)	patricin a	ARO:3000680	aro_obo
ARO:3000604	Erm(35)	patricin b	ARO:3000681	aro_obo
ARO:3000604	Erm(35)	pristinamycin ia	ARO:3000583	aro_obo
ARO:3000604	Erm(35)	pristinamycin ib	ARO:3000675	aro_obo
ARO:3000604	Erm(35)	pristinamycin ic	ARO:3000678	aro_obo
ARO:3000604	Erm(35)	quinupristin	ARO:3000584	aro_obo
ARO:3000604	Erm(35)	roxithromycin	ARO:0000027	aro_obo
ARO:3000604	Erm(35)	spiramycin	ARO:3000156	aro_obo
ARO:3000604	Erm(35)	telithromycin	ARO:0000057	aro_obo
ARO:3000604	Erm(35)	tylosin	ARO:3000145	aro_obo
ARO:3000604	Erm(35)	vernamycin c	ARO:3000679	aro_obo
ARO:3000604	Erm(35)	virginiamycin m1	ARO:3000669	aro_obo
ARO:3000604	Erm(35)	virginiamycin s2	ARO:3000677	aro_obo
ARO:3000605	Erm(36)	azithromycin	ARO:3000158	aro_obo
ARO:3000605	Erm(36)	clarithromycin	ARO:0000065	aro_obo
ARO:3000605	Erm(36)	clindamycin	ARO:0000066	aro_obo
ARO:3000605	Erm(36)	dalfopristin	ARO:3000674	aro_obo
ARO:3000605	Erm(36)	dirithromycin	ARO:3000176	aro_obo
ARO:3000605	Erm(36)	erythromycin	ARO:0000006	aro_obo
ARO:3000605	Erm(36)	griseoviridin	ARO:3000673	aro_obo
ARO:3000605	Erm(36)	lincomycin	ARO:0000046	aro_obo
ARO:3000605	Erm(36)	madumycin ii	ARO:3000672	aro_obo
ARO:3000605	Erm(36)	oleandomycin	ARO:3000867	aro_obo
ARO:3000605	Erm(36)	ostreogrycin b3	ARO:3000682	aro_obo
ARO:3000605	Erm(36)	patricin a	ARO:3000680	aro_obo
ARO:3000605	Erm(36)	patricin b	ARO:3000681	aro_obo
ARO:3000605	Erm(36)	pristinamycin ia	ARO:3000583	aro_obo
ARO:3000605	Erm(36)	pristinamycin ib	ARO:3000675	aro_obo
ARO:3000605	Erm(36)	pristinamycin ic	ARO:3000678	aro_obo
ARO:3000605	Erm(36)	quinupristin	ARO:3000584	aro_obo
ARO:3000605	Erm(36)	roxithromycin	ARO:0000027	aro_obo
ARO:3000605	Erm(36)	spiramycin	ARO:3000156	aro_obo
ARO:3000605	Erm(36)	telithromycin	ARO:0000057	aro_obo
ARO:3000605	Erm(36)	tylosin	ARO:3000145	aro_obo
ARO:3000605	Erm(36)	vernamycin c	ARO:3000679	aro_obo
ARO:3000605	Erm(36)	virginiamycin m1	ARO:3000669	aro_obo
ARO:3000605	Erm(36)	virginiamycin s2	ARO:3000677	aro_obo
ARO:3000392	Erm(37)	azithromycin	ARO:3000158	aro_obo
ARO:3000392	Erm(37)	clarithromycin	ARO:0000065	aro_obo
ARO:3000392	Erm(37)	clindamycin	ARO:0000066	aro_obo
ARO:3000392	Erm(37)	dalfopristin	ARO:3000674	aro_obo
ARO:3000392	Erm(37)	dirithromycin	ARO:3000176	aro_obo
ARO:3000392	Erm(37)	erythromycin	ARO:0000006	aro_obo
ARO:3000392	Erm(37)	griseoviridin	ARO:3000673	aro_obo
ARO:3000392	Erm(37)	lincomycin	ARO:0000046	aro_obo
ARO:3000392	Erm(37)	madumycin ii	ARO:3000672	aro_obo
ARO:3000392	Erm(37)	oleandomycin	ARO:3000867	aro_obo
ARO:3000392	Erm(37)	ostreogrycin b3	ARO:3000682	aro_obo
ARO:3000392	Erm(37)	patricin a	ARO:3000680	aro_obo
ARO:3000392	Erm(37)	patricin b	ARO:3000681	aro_obo
ARO:3000392	Erm(37)	pristinamycin ia	ARO:3000583	aro_obo
ARO:3000392	Erm(37)	pristinamycin ib	ARO:3000675	aro_obo
ARO:3000392	Erm(37)	pristinamycin ic	ARO:3000678	aro_obo
ARO:3000392	Erm(37)	quinupristin	ARO:3000584	aro_obo
ARO:3000392	Erm(37)	roxithromycin	ARO:0000027	aro_obo
ARO:3000392	Erm(37)	spiramycin	ARO:3000156	aro_obo
ARO:3000392	Erm(37)	telithromycin	ARO:0000057	aro_obo
ARO:3000392	Erm(37)	tylosin	ARO:3000145	aro_obo
ARO:3000392	Erm(37)	vernamycin c	ARO:3000679	aro_obo
ARO:3000392	Erm(37)	virginiamycin m1	ARO:3000669	aro_obo
ARO:3000392	Erm(37)	virginiamycin s2	ARO:3000677	aro_obo
ARO:3000601	Erm(38)	azithromycin	ARO:3000158	aro_obo
ARO:3000601	Erm(38)	clarithromycin	ARO:0000065	aro_obo
ARO:3000601	Erm(38)	clindamycin	ARO:0000066	aro_obo
ARO:3000601	Erm(38)	dalfopristin	ARO:3000674	aro_obo
ARO:3000601	Erm(38)	dirithromycin	ARO:3000176	aro_obo
ARO:3000601	Erm(38)	erythromycin	ARO:0000006	aro_obo
ARO:3000601	Erm(38)	griseoviridin	ARO:3000673	aro_obo
ARO:3000601	Erm(38)	lincomycin	ARO:0000046	aro_obo
ARO:3000601	Erm(38)	madumycin ii	ARO:3000672	aro_obo
ARO:3000601	Erm(38)	oleandomycin	ARO:3000867	aro_obo
ARO:3000601	Erm(38)	ostreogrycin b3	ARO:3000682	aro_obo
ARO:3000601	Erm(38)	patricin a	ARO:3000680	aro_obo
ARO:3000601	Erm(38)	patricin b	ARO:3000681	aro_obo
ARO:3000601	Erm(38)	pristinamycin ia	ARO:3000583	aro_obo
ARO:3000601	Erm(38)	pristinamycin ib	ARO:3000675	aro_obo
ARO:3000601	Erm(38)	pristinamycin ic	ARO:3000678	aro_obo
ARO:3000601	Erm(38)	quinupristin	ARO:3000584	aro_obo
ARO:3000601	Erm(38)	roxithromycin	ARO:0000027	aro_obo
ARO:3000601	Erm(38)	spiramycin	ARO:3000156	aro_obo
ARO:3000601	Erm(38)	telithromycin	ARO:0000057	aro_obo
ARO:3000601	Erm(38)	tylosin	ARO:3000145	aro_obo
ARO:3000601	Erm(38)	vernamycin c	ARO:3000679	aro_obo
ARO:3000601	Erm(38)	virginiamycin m1	ARO:3000669	aro_obo
ARO:3000601	Erm(38)	virginiamycin s2	ARO:3000677	aro_obo
ARO:3000602	Erm(39)	azithromycin	ARO:3000158	aro_obo
ARO:3000602	Erm(39)	clarithromycin	ARO:0000065	aro_obo
ARO:3000602	Erm(39)	clindamycin	ARO:0000066	aro_obo
ARO:3000602	Erm(39)	dalfopristin	ARO:3000674	aro_obo
ARO:3000602	Erm(39)	dirithromycin	ARO:3000176	aro_obo
ARO:3000602	Erm(39)	erythromycin	ARO:0000006	aro_obo
ARO:3000602	Erm(39)	griseoviridin	ARO:3000673	aro_obo
ARO:3000602	Erm(39)	lincomycin	ARO:0000046	aro_obo
ARO:3000602	Erm(39)	madumycin ii	ARO:3000672	aro_obo
ARO:3000602	Erm(39)	oleandomycin	ARO:3000867	aro_obo
ARO:3000602	Erm(39)	ostreogrycin b3	ARO:3000682	aro_obo
ARO:3000602	Erm(39)	patricin a	ARO:3000680	aro_obo
ARO:3000602	Erm(39)	patricin b	ARO:3000681	aro_obo
ARO:3000602	Erm(39)	pristinamycin ia	ARO:3000583	aro_obo
ARO:3000602	Erm(39)	pristinamycin ib	ARO:3000675	aro_obo
ARO:3000602	Erm(39)	pristinamycin ic	ARO:3000678	aro_obo
ARO:3000602	Erm(39)	quinupristin	ARO:3000584	aro_obo
ARO:3000602	Erm(39)	roxithromycin	ARO:0000027	aro_obo
ARO:3000602	Erm(39)	spiramycin	ARO:3000156	aro_obo
ARO:3000602	Erm(39)	telithromycin	ARO:0000057	aro_obo
ARO:3000602	Erm(39)	tylosin	ARO:3000145	aro_obo
ARO:3000602	Erm(39)	vernamycin c	ARO:3000679	aro_obo
ARO:3000602	Erm(39)	virginiamycin m1	ARO:3000669	aro_obo
ARO:3000602	Erm(39)	virginiamycin s2	ARO:3000677	aro_obo
ARO:3000603	Erm(41)	azithromycin	ARO:3000158	aro_obo
ARO:3000603	Erm(41)	clarithromycin	ARO:0000065	aro_obo
ARO:3000603	Erm(41)	clindamycin	ARO:0000066	aro_obo
ARO:3000603	Erm(41)	dalfopristin	ARO:3000674	aro_obo
ARO:3000603	Erm(41)	dirithromycin	ARO:3000176	aro_obo
ARO:3000603	Erm(41)	erythromycin	ARO:0000006	aro_obo
ARO:3000603	Erm(41)	griseoviridin	ARO:3000673	aro_obo
ARO:3000603	Erm(41)	lincomycin	ARO:0000046	aro_obo
ARO:3000603	Erm(41)	madumycin ii	ARO:3000672	aro_obo
ARO:3000603	Erm(41)	oleandomycin	ARO:3000867	aro_obo
ARO:3000603	Erm(41)	ostreogrycin b3	ARO:3000682	aro_obo
ARO:3000603	Erm(41)	patricin a	ARO:3000680	aro_obo
ARO:3000603	Erm(41)	patricin b	ARO:3000681	aro_obo
ARO:3000603	Erm(41)	pristinamycin ia	ARO:3000583	aro_obo
ARO:3000603	Erm(41)	pristinamycin ib	ARO:3000675	aro_obo
ARO:3000603	Erm(41)	pristinamycin ic	ARO:3000678	aro_obo
ARO:3000603	Erm(41)	quinupristin	ARO:3000584	aro_obo
ARO:3000603	Erm(41)	roxithromycin	ARO:0000027	aro_obo
ARO:3000603	Erm(41)	spiramycin	ARO:3000156	aro_obo
ARO:3000603	Erm(41)	telithromycin	ARO:0000057	aro_obo
ARO:3000603	Erm(41)	tylosin	ARO:3000145	aro_obo
ARO:3000603	Erm(41)	vernamycin c	ARO:3000679	aro_obo
ARO:3000603	Erm(41)	virginiamycin m1	ARO:3000669	aro_obo
ARO:3000603	Erm(41)	virginiamycin s2	ARO:3000677	aro_obo
ARO:3003106	Erm(42)	clindamycin	ARO:0000066	aro_obo
ARO:3003106	Erm(42)	erythromycin	ARO:0000006	aro_obo
ARO:3003205	Erm(43)	clindamycin	ARO:0000066	aro_obo
ARO:3003205	Erm(43)	erythromycin	ARO:0000006	aro_obo
ARO:3003205	Erm(43)	pristinamycin ia	ARO:3000583	aro_obo
ARO:3003971	Erm(44)v	clindamycin	ARO:0000066	aro_obo
ARO:3003971	Erm(44)v	erythromycin	ARO:0000006	aro_obo
ARO:3003908	Erm(47)	azithromycin	ARO:3000158	aro_obo
ARO:3003908	Erm(47)	clindamycin	ARO:0000066	aro_obo
ARO:3003908	Erm(47)	erythromycin	ARO:0000006	aro_obo
ARO:3003908	Erm(47)	lincomycin	ARO:0000046	aro_obo
ARO:3003908	Erm(47)	quinupristin	ARO:3000584	aro_obo
ARO:3003908	Erm(47)	spiramycin	ARO:3000156	aro_obo
ARO:3004094	Erm(48)	clindamycin	ARO:0000066	aro_obo
ARO:3004094	Erm(48)	erythromycin	ARO:0000006	aro_obo
ARO:3004094	Erm(48)	pristinamycin ia	ARO:3000583	aro_obo
ARO:3004626	Erm(49)	clindamycin	ARO:0000066	aro_obo
ARO:3004626	Erm(49)	erythromycin	ARO:0000006	aro_obo
ARO:3007032	Erm(50)	clarithromycin	ARO:0000065	aro_obo
ARO:3007032	Erm(50)	clindamycin	ARO:0000066	aro_obo
ARO:3007032	Erm(50)	roxithromycin	ARO:0000027	aro_obo
ARO:3007033	Erm(51)	azithromycin	ARO:3000158	aro_obo
ARO:3007033	Erm(51)	clarithromycin	ARO:0000065	aro_obo
ARO:3007033	Erm(51)	clindamycin	ARO:0000066	aro_obo
ARO:3007033	Erm(51)	erythromycin	ARO:0000006	aro_obo
ARO:3007033	Erm(51)	pristinamycin ib	ARO:3000675	aro_obo
ARO:3007041	Erm(52)	clindamycin	ARO:0000066	aro_obo
ARO:3004643	Erm(K)	erythromycin	ARO:0000006	aro_obo
ARO:3004652	Erm(O)-lrm	erythromycin	ARO:0000006	aro_obo
ARO:3004652	Erm(O)-lrm	lincomycin	ARO:0000046	aro_obo
ARO:3004652	Erm(O)-lrm	tylosin	ARO:3000145	aro_obo
ARO:3000347	ErmA	azithromycin	ARO:3000158	aro_obo
ARO:3000347	ErmA	clarithromycin	ARO:0000065	aro_obo
ARO:3000347	ErmA	clindamycin	ARO:0000066	aro_obo
ARO:3000347	ErmA	dalfopristin	ARO:3000674	aro_obo
ARO:3000347	ErmA	dirithromycin	ARO:3000176	aro_obo
ARO:3000347	ErmA	erythromycin	ARO:0000006	aro_obo
ARO:3000347	ErmA	griseoviridin	ARO:3000673	aro_obo
ARO:3000347	ErmA	lincomycin	ARO:0000046	aro_obo
ARO:3000347	ErmA	madumycin ii	ARO:3000672	aro_obo
ARO:3000347	ErmA	oleandomycin	ARO:3000867	aro_obo
ARO:3000347	ErmA	ostreogrycin b3	ARO:3000682	aro_obo
ARO:3000347	ErmA	patricin a	ARO:3000680	aro_obo
ARO:3000347	ErmA	patricin b	ARO:3000681	aro_obo
ARO:3000347	ErmA	pristinamycin ia	ARO:3000583	aro_obo
ARO:3000347	ErmA	pristinamycin ib	ARO:3000675	aro_obo
ARO:3000347	ErmA	pristinamycin ic	ARO:3000678	aro_obo
ARO:3000347	ErmA	quinupristin	ARO:3000584	aro_obo
ARO:3000347	ErmA	roxithromycin	ARO:0000027	aro_obo
ARO:3000347	ErmA	spiramycin	ARO:3000156	aro_obo
ARO:3000347	ErmA	telithromycin	ARO:0000057	aro_obo
ARO:3000347	ErmA	tylosin	ARO:3000145	aro_obo
ARO:3000347	ErmA	vernamycin c	ARO:3000679	aro_obo
ARO:3000347	ErmA	virginiamycin m1	ARO:3000669	aro_obo
ARO:3000347	ErmA	virginiamycin s2	ARO:3000677	aro_obo
ARO:3000375	ErmB	azithromycin	ARO:3000158	aro_obo
ARO:3000375	ErmB	clarithromycin	ARO:0000065	aro_obo
ARO:3000375	ErmB	clindamycin	ARO:0000066	aro_obo
ARO:3000375	ErmB	dalfopristin	ARO:3000674	aro_obo
ARO:3000375	ErmB	dirithromycin	ARO:3000176	aro_obo
ARO:3000375	ErmB	erythromycin	ARO:0000006	aro_obo
ARO:3000375	ErmB	griseoviridin	ARO:3000673	aro_obo
ARO:3000375	ErmB	lincomycin	ARO:0000046	aro_obo
ARO:3000375	ErmB	madumycin ii	ARO:3000672	aro_obo
ARO:3000375	ErmB	oleandomycin	ARO:3000867	aro_obo
ARO:3000375	ErmB	ostreogrycin b3	ARO:3000682	aro_obo
ARO:3000375	ErmB	patricin a	ARO:3000680	aro_obo
ARO:3000375	ErmB	patricin b	ARO:3000681	aro_obo
ARO:3000375	ErmB	pristinamycin ia	ARO:3000583	aro_obo
ARO:3000375	ErmB	pristinamycin ib	ARO:3000675	aro_obo
ARO:3000375	ErmB	pristinamycin ic	ARO:3000678	aro_obo
ARO:3000375	ErmB	quinupristin	ARO:3000584	aro_obo
ARO:3000375	ErmB	roxithromycin	ARO:0000027	aro_obo
ARO:3000375	ErmB	spiramycin	ARO:3000156	aro_obo
ARO:3000375	ErmB	telithromycin	ARO:0000057	aro_obo
ARO:3000375	ErmB	tylosin	ARO:3000145	aro_obo
ARO:3000375	ErmB	vernamycin c	ARO:3000679	aro_obo
ARO:3000375	ErmB	virginiamycin m1	ARO:3000669	aro_obo
ARO:3000375	ErmB	virginiamycin s2	ARO:3000677	aro_obo
ARO:3000250	ErmC	azithromycin	ARO:3000158	aro_obo
ARO:3000250	ErmC	clarithromycin	ARO:0000065	aro_obo
ARO:3000250	ErmC	clindamycin	ARO:0000066	aro_obo
ARO:3000250	ErmC	dalfopristin	ARO:3000674	aro_obo
ARO:3000250	ErmC	dirithromycin	ARO:3000176	aro_obo
ARO:3000250	ErmC	erythromycin	ARO:0000006	aro_obo
ARO:3000250	ErmC	griseoviridin	ARO:3000673	aro_obo
ARO:3000250	ErmC	lincomycin	ARO:0000046	aro_obo
ARO:3000250	ErmC	madumycin ii	ARO:3000672	aro_obo
ARO:3000250	ErmC	oleandomycin	ARO:3000867	aro_obo
ARO:3000250	ErmC	ostreogrycin b3	ARO:3000682	aro_obo
ARO:3000250	ErmC	patricin a	ARO:3000680	aro_obo
ARO:3000250	ErmC	patricin b	ARO:3000681	aro_obo
ARO:3000250	ErmC	pristinamycin ia	ARO:3000583	aro_obo
ARO:3000250	ErmC	pristinamycin ib	ARO:3000675	aro_obo
ARO:3000250	ErmC	pristinamycin ic	ARO:3000678	aro_obo
ARO:3000250	ErmC	quinupristin	ARO:3000584	aro_obo
ARO:3000250	ErmC	roxithromycin	ARO:0000027	aro_obo
ARO:3000250	ErmC	spiramycin	ARO:3000156	aro_obo
ARO:3000250	ErmC	telithromycin	ARO:0000057	aro_obo
ARO:3000250	ErmC	tylosin	ARO:3000145	aro_obo
ARO:3000250	ErmC	vernamycin c	ARO:3000679	aro_obo
ARO:3000250	ErmC	virginiamycin m1	ARO:3000669	aro_obo
ARO:3000250	ErmC	virginiamycin s2	ARO:3000677	aro_obo
ARO:3000495	ErmD	azithromycin	ARO:3000158	aro_obo
ARO:3000495	ErmD	clarithromycin	ARO:0000065	aro_obo
ARO:3000495	ErmD	clindamycin	ARO:0000066	aro_obo
ARO:3000495	ErmD	dalfopristin	ARO:3000674	aro_obo
ARO:3000495	ErmD	dirithromycin	ARO:3000176	aro_obo
ARO:3000495	ErmD	erythromycin	ARO:0000006	aro_obo
ARO:3000495	ErmD	griseoviridin	ARO:3000673	aro_obo
ARO:3000495	ErmD	lincomycin	ARO:0000046	aro_obo
ARO:3000495	ErmD	madumycin ii	ARO:3000672	aro_obo
ARO:3000495	ErmD	oleandomycin	ARO:3000867	aro_obo
ARO:3000495	ErmD	ostreogrycin b3	ARO:3000682	aro_obo
ARO:3000495	ErmD	patricin a	ARO:3000680	aro_obo
ARO:3000495	ErmD	patricin b	ARO:3000681	aro_obo
ARO:3000495	ErmD	pristinamycin ia	ARO:3000583	aro_obo
ARO:3000495	ErmD	pristinamycin ib	ARO:3000675	aro_obo
ARO:3000495	ErmD	pristinamycin ic	ARO:3000678	aro_obo
ARO:3000495	ErmD	quinupristin	ARO:3000584	aro_obo
ARO:3000495	ErmD	roxithromycin	ARO:0000027	aro_obo
ARO:3000495	ErmD	spiramycin	ARO:3000156	aro_obo
ARO:3000495	ErmD	telithromycin	ARO:0000057	aro_obo
ARO:3000495	ErmD	tylosin	ARO:3000145	aro_obo
ARO:3000495	ErmD	vernamycin c	ARO:3000679	aro_obo
ARO:3000495	ErmD	virginiamycin m1	ARO:3000669	aro_obo
ARO:3000495	ErmD	virginiamycin s2	ARO:3000677	aro_obo
ARO:3000326	ErmE	azithromycin	ARO:3000158	aro_obo
ARO:3000326	ErmE	clarithromycin	ARO:0000065	aro_obo
ARO:3000326	ErmE	clindamycin	ARO:0000066	aro_obo
ARO:3000326	ErmE	dalfopristin	ARO:3000674	aro_obo
ARO:3000326	ErmE	dirithromycin	ARO:3000176	aro_obo
ARO:3000326	ErmE	erythromycin	ARO:0000006	aro_obo
ARO:3000326	ErmE	griseoviridin	ARO:3000673	aro_obo
ARO:3000326	ErmE	lincomycin	ARO:0000046	aro_obo
ARO:3000326	ErmE	madumycin ii	ARO:3000672	aro_obo
ARO:3000326	ErmE	oleandomycin	ARO:3000867	aro_obo
ARO:3000326	ErmE	ostreogrycin b3	ARO:3000682	aro_obo
ARO:3000326	ErmE	patricin a	ARO:3000680	aro_obo
ARO:3000326	ErmE	patricin b	ARO:3000681	aro_obo
ARO:3000326	ErmE	pristinamycin ia	ARO:3000583	aro_obo
ARO:3000326	ErmE	pristinamycin ib	ARO:3000675	aro_obo
ARO:3000326	ErmE	pristinamycin ic	ARO:3000678	aro_obo
ARO:3000326	ErmE	quinupristin	ARO:3000584	aro_obo
ARO:3000326	ErmE	roxithromycin	ARO:0000027	aro_obo
ARO:3000326	ErmE	spiramycin	ARO:3000156	aro_obo
ARO:3000326	ErmE	telithromycin	ARO:0000057	aro_obo
ARO:3000326	ErmE	tylosin	ARO:3000145	aro_obo
ARO:3000326	ErmE	vernamycin c	ARO:3000679	aro_obo
ARO:3000326	ErmE	virginiamycin m1	ARO:3000669	aro_obo
ARO:3000326	ErmE	virginiamycin s2	ARO:3000677	aro_obo
ARO:3000498	ErmF	azithromycin	ARO:3000158	aro_obo
ARO:3000498	ErmF	clarithromycin	ARO:0000065	aro_obo
ARO:3000498	ErmF	clindamycin	ARO:0000066	aro_obo
ARO:3000498	ErmF	dalfopristin	ARO:3000674	aro_obo
ARO:3000498	ErmF	dirithromycin	ARO:3000176	aro_obo
ARO:3000498	ErmF	erythromycin	ARO:0000006	aro_obo
ARO:3000498	ErmF	griseoviridin	ARO:3000673	aro_obo
ARO:3000498	ErmF	lincomycin	ARO:0000046	aro_obo
ARO:3000498	ErmF	madumycin ii	ARO:3000672	aro_obo
ARO:3000498	ErmF	oleandomycin	ARO:3000867	aro_obo
ARO:3000498	ErmF	ostreogrycin b3	ARO:3000682	aro_obo
ARO:3000498	ErmF	patricin a	ARO:3000680	aro_obo
ARO:3000498	ErmF	patricin b	ARO:3000681	aro_obo
ARO:3000498	ErmF	pristinamycin ia	ARO:3000583	aro_obo
ARO:3000498	ErmF	pristinamycin ib	ARO:3000675	aro_obo
ARO:3000498	ErmF	pristinamycin ic	ARO:3000678	aro_obo
ARO:3000498	ErmF	quinupristin	ARO:3000584	aro_obo
ARO:3000498	ErmF	roxithromycin	ARO:0000027	aro_obo
ARO:3000498	ErmF	spiramycin	ARO:3000156	aro_obo
ARO:3000498	ErmF	telithromycin	ARO:0000057	aro_obo
ARO:3000498	ErmF	tylosin	ARO:3000145	aro_obo
ARO:3000498	ErmF	vernamycin c	ARO:3000679	aro_obo
ARO:3000498	ErmF	virginiamycin m1	ARO:3000669	aro_obo
ARO:3000498	ErmF	virginiamycin s2	ARO:3000677	aro_obo
ARO:3000522	ErmG	azithromycin	ARO:3000158	aro_obo
ARO:3000522	ErmG	clarithromycin	ARO:0000065	aro_obo
ARO:3000522	ErmG	clindamycin	ARO:0000066	aro_obo
ARO:3000522	ErmG	dalfopristin	ARO:3000674	aro_obo
ARO:3000522	ErmG	dirithromycin	ARO:3000176	aro_obo
ARO:3000522	ErmG	erythromycin	ARO:0000006	aro_obo
ARO:3000522	ErmG	griseoviridin	ARO:3000673	aro_obo
ARO:3000522	ErmG	lincomycin	ARO:0000046	aro_obo
ARO:3000522	ErmG	madumycin ii	ARO:3000672	aro_obo
ARO:3000522	ErmG	oleandomycin	ARO:3000867	aro_obo
ARO:3000522	ErmG	ostreogrycin b3	ARO:3000682	aro_obo
ARO:3000522	ErmG	patricin a	ARO:3000680	aro_obo
ARO:3000522	ErmG	patricin b	ARO:3000681	aro_obo
ARO:3000522	ErmG	pristinamycin ia	ARO:3000583	aro_obo
ARO:3000522	ErmG	pristinamycin ib	ARO:3000675	aro_obo
ARO:3000522	ErmG	pristinamycin ic	ARO:3000678	aro_obo
ARO:3000522	ErmG	quinupristin	ARO:3000584	aro_obo
ARO:3000522	ErmG	roxithromycin	ARO:0000027	aro_obo
ARO:3000522	ErmG	spiramycin	ARO:3000156	aro_obo
ARO:3000522	ErmG	telithromycin	ARO:0000057	aro_obo
ARO:3000522	ErmG	tylosin	ARO:3000145	aro_obo
ARO:3000522	ErmG	vernamycin c	ARO:3000679	aro_obo
ARO:3000522	ErmG	virginiamycin m1	ARO:3000669	aro_obo
ARO:3000522	ErmG	virginiamycin s2	ARO:3000677	aro_obo
ARO:3002823	ErmH	carbomycin	ARO:3001228	aro_obo
ARO:3002823	ErmH	erythromycin	ARO:0000006	aro_obo
ARO:3002823	ErmH	lincomycin	ARO:0000046	aro_obo
ARO:3002823	ErmH	oleandomycin	ARO:3000867	aro_obo
ARO:3002823	ErmH	pristinamycin ic	ARO:3000678	aro_obo
ARO:3000592	ErmN	azithromycin	ARO:3000158	aro_obo
ARO:3000592	ErmN	clarithromycin	ARO:0000065	aro_obo
ARO:3000592	ErmN	clindamycin	ARO:0000066	aro_obo
ARO:3000592	ErmN	dalfopristin	ARO:3000674	aro_obo
ARO:3000592	ErmN	dirithromycin	ARO:3000176	aro_obo
ARO:3000592	ErmN	erythromycin	ARO:0000006	aro_obo
ARO:3000592	ErmN	griseoviridin	ARO:3000673	aro_obo
ARO:3000592	ErmN	lincomycin	ARO:0000046	aro_obo
ARO:3000592	ErmN	madumycin ii	ARO:3000672	aro_obo
ARO:3000592	ErmN	oleandomycin	ARO:3000867	aro_obo
ARO:3000592	ErmN	ostreogrycin b3	ARO:3000682	aro_obo
ARO:3000592	ErmN	patricin a	ARO:3000680	aro_obo
ARO:3000592	ErmN	patricin b	ARO:3000681	aro_obo
ARO:3000592	ErmN	pristinamycin ia	ARO:3000583	aro_obo
ARO:3000592	ErmN	pristinamycin ib	ARO:3000675	aro_obo
ARO:3000592	ErmN	pristinamycin ic	ARO:3000678	aro_obo
ARO:3000592	ErmN	quinupristin	ARO:3000584	aro_obo
ARO:3000592	ErmN	roxithromycin	ARO:0000027	aro_obo
ARO:3000592	ErmN	spiramycin	ARO:3000156	aro_obo
ARO:3000592	ErmN	telithromycin	ARO:0000057	aro_obo
ARO:3000592	ErmN	tylosin	ARO:3000145	aro_obo
ARO:3000592	ErmN	vernamycin c	ARO:3000679	aro_obo
ARO:3000592	ErmN	virginiamycin m1	ARO:3000669	aro_obo
ARO:3000592	ErmN	virginiamycin s2	ARO:3000677	aro_obo
ARO:3001303	ErmO-srmA	carbomycin	ARO:3001228	aro_obo
ARO:3001303	ErmO-srmA	lincomycin	ARO:0000046	aro_obo
ARO:3001303	ErmO-srmA	spiramycin	ARO:3000156	aro_obo
ARO:3000593	ErmQ	azithromycin	ARO:3000158	aro_obo
ARO:3000593	ErmQ	clarithromycin	ARO:0000065	aro_obo
ARO:3000593	ErmQ	clindamycin	ARO:0000066	aro_obo
ARO:3000593	ErmQ	dalfopristin	ARO:3000674	aro_obo
ARO:3000593	ErmQ	dirithromycin	ARO:3000176	aro_obo
ARO:3000593	ErmQ	erythromycin	ARO:0000006	aro_obo
ARO:3000593	ErmQ	griseoviridin	ARO:3000673	aro_obo
ARO:3000593	ErmQ	lincomycin	ARO:0000046	aro_obo
ARO:3000593	ErmQ	madumycin ii	ARO:3000672	aro_obo
ARO:3000593	ErmQ	oleandomycin	ARO:3000867	aro_obo
ARO:3000593	ErmQ	ostreogrycin b3	ARO:3000682	aro_obo
ARO:3000593	ErmQ	patricin a	ARO:3000680	aro_obo
ARO:3000593	ErmQ	patricin b	ARO:3000681	aro_obo
ARO:3000593	ErmQ	pristinamycin ia	ARO:3000583	aro_obo
ARO:3000593	ErmQ	pristinamycin ib	ARO:3000675	aro_obo
ARO:3000593	ErmQ	pristinamycin ic	ARO:3000678	aro_obo
ARO:3000593	ErmQ	quinupristin	ARO:3000584	aro_obo
ARO:3000593	ErmQ	roxithromycin	ARO:0000027	aro_obo
ARO:3000593	ErmQ	spiramycin	ARO:3000156	aro_obo
ARO:3000593	ErmQ	telithromycin	ARO:0000057	aro_obo
ARO:3000593	ErmQ	tylosin	ARO:3000145	aro_obo
ARO:3000593	ErmQ	vernamycin c	ARO:3000679	aro_obo
ARO:3000593	ErmQ	virginiamycin m1	ARO:3000669	aro_obo
ARO:3000593	ErmQ	virginiamycin s2	ARO:3000677	aro_obo
ARO:3000594	ErmR	azithromycin	ARO:3000158	aro_obo
ARO:3000594	ErmR	clarithromycin	ARO:0000065	aro_obo
ARO:3000594	ErmR	clindamycin	ARO:0000066	aro_obo
ARO:3000594	ErmR	dalfopristin	ARO:3000674	aro_obo
ARO:3000594	ErmR	dirithromycin	ARO:3000176	aro_obo
ARO:3000594	ErmR	erythromycin	ARO:0000006	aro_obo
ARO:3000594	ErmR	griseoviridin	ARO:3000673	aro_obo
ARO:3000594	ErmR	lincomycin	ARO:0000046	aro_obo
ARO:3000594	ErmR	madumycin ii	ARO:3000672	aro_obo
ARO:3000594	ErmR	oleandomycin	ARO:3000867	aro_obo
ARO:3000594	ErmR	ostreogrycin b3	ARO:3000682	aro_obo
ARO:3000594	ErmR	patricin a	ARO:3000680	aro_obo
ARO:3000594	ErmR	patricin b	ARO:3000681	aro_obo
ARO:3000594	ErmR	pristinamycin ia	ARO:3000583	aro_obo
ARO:3000594	ErmR	pristinamycin ib	ARO:3000675	aro_obo
ARO:3000594	ErmR	pristinamycin ic	ARO:3000678	aro_obo
ARO:3000594	ErmR	quinupristin	ARO:3000584	aro_obo
ARO:3000594	ErmR	roxithromycin	ARO:0000027	aro_obo
ARO:3000594	ErmR	spiramycin	ARO:3000156	aro_obo
ARO:3000594	ErmR	telithromycin	ARO:0000057	aro_obo
ARO:3000594	ErmR	tylosin	ARO:3000145	aro_obo
ARO:3000594	ErmR	vernamycin c	ARO:3000679	aro_obo
ARO:3000594	ErmR	virginiamycin m1	ARO:3000669	aro_obo
ARO:3000594	ErmR	virginiamycin s2	ARO:3000677	aro_obo
ARO:3001304	ErmS	carbomycin	ARO:3001228	aro_obo
ARO:3001304	ErmS	lincomycin	ARO:0000046	aro_obo
ARO:3001304	ErmS	niddamycin	ARO:3001230	aro_obo
ARO:3001304	ErmS	pristinamycin ic	ARO:3000678	aro_obo
ARO:3001304	ErmS	tylosin	ARO:3000145	aro_obo
ARO:3000595	ErmT	azithromycin	ARO:3000158	aro_obo
ARO:3000595	ErmT	clarithromycin	ARO:0000065	aro_obo
ARO:3000595	ErmT	clindamycin	ARO:0000066	aro_obo
ARO:3000595	ErmT	dalfopristin	ARO:3000674	aro_obo
ARO:3000595	ErmT	dirithromycin	ARO:3000176	aro_obo
ARO:3000595	ErmT	erythromycin	ARO:0000006	aro_obo
ARO:3000595	ErmT	griseoviridin	ARO:3000673	aro_obo
ARO:3000595	ErmT	lincomycin	ARO:0000046	aro_obo
ARO:3000595	ErmT	madumycin ii	ARO:3000672	aro_obo
ARO:3000595	ErmT	oleandomycin	ARO:3000867	aro_obo
ARO:3000595	ErmT	ostreogrycin b3	ARO:3000682	aro_obo
ARO:3000595	ErmT	patricin a	ARO:3000680	aro_obo
ARO:3000595	ErmT	patricin b	ARO:3000681	aro_obo
ARO:3000595	ErmT	pristinamycin ia	ARO:3000583	aro_obo
ARO:3000595	ErmT	pristinamycin ib	ARO:3000675	aro_obo
ARO:3000595	ErmT	pristinamycin ic	ARO:3000678	aro_obo
ARO:3000595	ErmT	quinupristin	ARO:3000584	aro_obo
ARO:3000595	ErmT	roxithromycin	ARO:0000027	aro_obo
ARO:3000595	ErmT	spiramycin	ARO:3000156	aro_obo
ARO:3000595	ErmT	telithromycin	ARO:0000057	aro_obo
ARO:3000595	ErmT	tylosin	ARO:3000145	aro_obo
ARO:3000595	ErmT	vernamycin c	ARO:3000679	aro_obo
ARO:3000595	ErmT	virginiamycin m1	ARO:3000669	aro_obo
ARO:3000595	ErmT	virginiamycin s2	ARO:3000677	aro_obo
ARO:3001305	ErmU	lincomycin	ARO:0000046	aro_obo
ARO:3002824	ErmV	carbomycin	ARO:3001228	aro_obo
ARO:3002824	ErmV	celesticetin	ARO:3001231	aro_obo
ARO:3002824	ErmV	chalcomycin	ARO:3001222	aro_obo
ARO:3002824	ErmV	erythromycin	ARO:0000006	aro_obo
ARO:3002824	ErmV	kitasamycin	ARO:3001227	aro_obo
ARO:3002824	ErmV	oleandomycin	ARO:3000867	aro_obo
ARO:3002824	ErmV	tylosin	ARO:3000145	aro_obo
ARO:3001306	ErmW	erythromycin	ARO:0000006	aro_obo
ARO:3001306	ErmW	josamycin	ARO:3001221	aro_obo
ARO:3000596	ErmX	azithromycin	ARO:3000158	aro_obo
ARO:3000596	ErmX	clarithromycin	ARO:0000065	aro_obo
ARO:3000596	ErmX	clindamycin	ARO:0000066	aro_obo
ARO:3000596	ErmX	dalfopristin	ARO:3000674	aro_obo
ARO:3000596	ErmX	dirithromycin	ARO:3000176	aro_obo
ARO:3000596	ErmX	erythromycin	ARO:0000006	aro_obo
ARO:3000596	ErmX	griseoviridin	ARO:3000673	aro_obo
ARO:3000596	ErmX	lincomycin	ARO:0000046	aro_obo
ARO:3000596	ErmX	madumycin ii	ARO:3000672	aro_obo
ARO:3000596	ErmX	oleandomycin	ARO:3000867	aro_obo
ARO:3000596	ErmX	ostreogrycin b3	ARO:3000682	aro_obo
ARO:3000596	ErmX	patricin a	ARO:3000680	aro_obo
ARO:3000596	ErmX	patricin b	ARO:3000681	aro_obo
ARO:3000596	ErmX	pristinamycin ia	ARO:3000583	aro_obo
ARO:3000596	ErmX	pristinamycin ib	ARO:3000675	aro_obo
ARO:3000596	ErmX	pristinamycin ic	ARO:3000678	aro_obo
ARO:3000596	ErmX	quinupristin	ARO:3000584	aro_obo
ARO:3000596	ErmX	roxithromycin	ARO:0000027	aro_obo
ARO:3000596	ErmX	spiramycin	ARO:3000156	aro_obo
ARO:3000596	ErmX	telithromycin	ARO:0000057	aro_obo
ARO:3000596	ErmX	tylosin	ARO:3000145	aro_obo
ARO:3000596	ErmX	vernamycin c	ARO:3000679	aro_obo
ARO:3000596	ErmX	virginiamycin m1	ARO:3000669	aro_obo
ARO:3000596	ErmX	virginiamycin s2	ARO:3000677	aro_obo
ARO:3002825	ErmY	azithromycin	ARO:3000158	aro_obo
ARO:3002825	ErmY	erythromycin	ARO:0000006	aro_obo
ARO:3002825	ErmY	oleandomycin	ARO:3000867	aro_obo
ARO:3007544	Erysipelothrix rhusiopathiae gyrA with mutation conferring resistance to enrofloxacin	enrofloxacin	ARO:3007045	aro_obo
ARO:3003377	Escherichia coli 16S rRNA (rrnB) mutation conferring resistance to spectinomycin	spectinomycin	ARO:0000039	aro_obo
ARO:3003406	Escherichia coli 16S rRNA (rrnB) mutation conferring resistance to streptomycin	streptomycin	ARO:0000040	aro_obo
ARO:3003411	Escherichia coli 16S rRNA (rrnB) mutation conferring resistance to tetracycline	tetracycline	ARO:0000051	aro_obo
ARO:3003397	Escherichia coli 16S rRNA (rrsB) mutation conferring resistance to G418	g418	ARO:3000653	aro_obo
ARO:3003396	Escherichia coli 16S rRNA (rrsB) mutation conferring resistance to gentamicin C	gentamicin c	ARO:0000014	aro_obo
ARO:3003399	Escherichia coli 16S rRNA (rrsB) mutation conferring resistance to kanamycin A	kanamycin a	ARO:0000049	aro_obo
ARO:3003402	Escherichia coli 16S rRNA (rrsB) mutation conferring resistance to neomycin	neomycin	ARO:0000005	aro_obo
ARO:3003403	Escherichia coli 16S rRNA (rrsB) mutation conferring resistance to paromomycin	paromomycin	ARO:3000657	aro_obo
ARO:3003376	Escherichia coli 16S rRNA (rrsB) mutation conferring resistance to spectinomycin	spectinomycin	ARO:0000039	aro_obo
ARO:3003405	Escherichia coli 16S rRNA (rrsB) mutation conferring resistance to streptomycin	streptomycin	ARO:0000040	aro_obo
ARO:3003410	Escherichia coli 16S rRNA (rrsB) mutation conferring resistance to tetracycline	tetracycline	ARO:0000051	aro_obo
ARO:3003408	Escherichia coli 16S rRNA (rrsB) mutation conferring resistance to tobramycin	tobramycin	ARO:0000052	aro_obo
ARO:3003333	Escherichia coli 16S rRNA (rrsC) mutation conferring resistance to kasugamicin	kasugamycin	ARO:3001296	aro_obo
ARO:3003372	Escherichia coli 16S rRNA (rrsH) mutation conferring resistance to spectinomycin	spectinomycin	ARO:0000039	aro_obo
ARO:3003223	Escherichia coli 16S rRNA mutation conferring resistance to edeine	edeine a	ARO:3000130	aro_obo
ARO:3003223	Escherichia coli 16S rRNA mutation conferring resistance to edeine	edeine b	ARO:3000134	aro_obo
ARO:3003223	Escherichia coli 16S rRNA mutation conferring resistance to edeine	edeine d	ARO:3000135	aro_obo
ARO:3003223	Escherichia coli 16S rRNA mutation conferring resistance to edeine	edeine f	ARO:3000136	aro_obo
ARO:3004150	Escherichia coli 23S rRNA with mutation conferring resistance to chloramphenicol	chloramphenicol	ARO:3000385	aro_obo
ARO:3004160	Escherichia coli 23S rRNA with mutation conferring resistance to clarithromycin	clarithromycin	ARO:0000065	aro_obo
ARO:3004149	Escherichia coli 23S rRNA with mutation conferring resistance to clindamycin	clindamycin	ARO:0000066	aro_obo
ARO:3004131	Escherichia coli 23S rRNA with mutation conferring resistance to erythromycin and telithromycin	erythromycin	ARO:0000006	aro_obo
ARO:3004131	Escherichia coli 23S rRNA with mutation conferring resistance to erythromycin and telithromycin	telithromycin	ARO:0000057	aro_obo
ARO:3004173	Escherichia coli 23S rRNA with mutation conferring resistance to oxazolidinone antibiotics	linezolid	ARO:0000072	aro_obo
ARO:3003807	Escherichia coli AcrAB-TolC with AcrR mutation conferring resistance to ciprofloxacin, tetracycline, and ceftazidime	ceftazidime	ARO:0000060	aro_obo
ARO:3003807	Escherichia coli AcrAB-TolC with AcrR mutation conferring resistance to ciprofloxacin, tetracycline, and ceftazidime	ciprofloxacin	ARO:0000036	aro_obo
ARO:3003807	Escherichia coli AcrAB-TolC with AcrR mutation conferring resistance to ciprofloxacin, tetracycline, and ceftazidime	tetracycline	ARO:0000051	aro_obo
ARO:3003378	Escherichia coli AcrAB-TolC with MarR mutations conferring resistance to ciprofloxacin and tetracycline	ciprofloxacin	ARO:0000036	aro_obo
ARO:3003378	Escherichia coli AcrAB-TolC with MarR mutations conferring resistance to ciprofloxacin and tetracycline	tetracycline	ARO:0000051	aro_obo
ARO:3003370	Escherichia coli EF-Tu mutants conferring resistance to Enacyloxin IIa	enacyloxin iia	ARO:3001242	aro_obo
ARO:3003369	Escherichia coli EF-Tu mutants conferring resistance to Pulvomycin	pulvomycin	ARO:3000586	aro_obo
ARO:3003368	Escherichia coli EF-Tu mutants conferring resistance to kirromycin	kirromycin	ARO:3001234	aro_obo
ARO:3003889	Escherichia coli GlpT with mutation conferring resistance to fosfomycin	fosfomycin	ARO:0000025	aro_obo
ARO:3004126	Escherichia coli LamB	balofloxacin	ARO:3004130	aro_obo
ARO:3004126	Escherichia coli LamB	chlortetracycline	ARO:3000528	aro_obo
ARO:3004126	Escherichia coli LamB	ciprofloxacin	ARO:0000036	aro_obo
ARO:3004126	Escherichia coli LamB	nalidixic acid	ARO:3000661	aro_obo
ARO:3007423	Escherichia coli PBP3 mutants conferring resistance to beta-lactam antibiotics	aztreonam	ARO:3000550	aro_obo
ARO:3007423	Escherichia coli PBP3 mutants conferring resistance to beta-lactam antibiotics	ceftaroline	ARO:3000651	aro_obo
ARO:3007423	Escherichia coli PBP3 mutants conferring resistance to beta-lactam antibiotics	ceftazidime	ARO:0000060	aro_obo
ARO:3003899	Escherichia coli PtsI with mutation conferring resistance to fosfomycin	fosfomycin	ARO:0000025	aro_obo
ARO:3003890	Escherichia coli UhpT with mutation conferring resistance to fosfomycin	fosfomycin	ARO:0000025	aro_obo
ARO:3003900	Escherichia coli cyaA with mutation conferring resistance to fosfomycin	fosfomycin	ARO:0000025	aro_obo
ARO:3004039	Escherichia coli emrE	erythromycin	ARO:0000006	aro_obo
ARO:3004049	Escherichia coli fabG mutations conferring resistance to triclosan	triclosan	ARO:3000870	aro_obo
ARO:3004045	Escherichia coli fabI mutations conferring resistance to isoniazid and triclosan	triclosan	ARO:3000870	aro_obo
ARO:3003386	Escherichia coli folP with mutation conferring resistance to sulfonamides	mafenide	ARO:3000684	aro_obo
ARO:3003386	Escherichia coli folP with mutation conferring resistance to sulfonamides	sulfacetamide	ARO:3000683	aro_obo
ARO:3003386	Escherichia coli folP with mutation conferring resistance to sulfonamides	sulfadiazine	ARO:3000324	aro_obo
ARO:3003386	Escherichia coli folP with mutation conferring resistance to sulfonamides	sulfadimidine	ARO:3000325	aro_obo
ARO:3003386	Escherichia coli folP with mutation conferring resistance to sulfonamides	sulfadoxine	ARO:3000327	aro_obo
ARO:3003386	Escherichia coli folP with mutation conferring resistance to sulfonamides	sulfamethizole	ARO:3000699	aro_obo
ARO:3003386	Escherichia coli folP with mutation conferring resistance to sulfonamides	sulfamethoxazole	ARO:3000329	aro_obo
ARO:3003386	Escherichia coli folP with mutation conferring resistance to sulfonamides	sulfasalazine	ARO:3000698	aro_obo
ARO:3003386	Escherichia coli folP with mutation conferring resistance to sulfonamides	sulfisoxazole	ARO:3000330	aro_obo
ARO:3003294	Escherichia coli gyrA conferring resistance to fluoroquinolones	ciprofloxacin	ARO:0000036	aro_obo
ARO:3003294	Escherichia coli gyrA conferring resistance to fluoroquinolones	enoxacin	ARO:0000023	aro_obo
ARO:3003294	Escherichia coli gyrA conferring resistance to fluoroquinolones	gatifloxacin	ARO:3000659	aro_obo
ARO:3003294	Escherichia coli gyrA conferring resistance to fluoroquinolones	grepafloxacin	ARO:3000665	aro_obo
ARO:3003294	Escherichia coli gyrA conferring resistance to fluoroquinolones	levofloxacin	ARO:0000071	aro_obo
ARO:3003294	Escherichia coli gyrA conferring resistance to fluoroquinolones	lomefloxacin	ARO:3000660	aro_obo
ARO:3003294	Escherichia coli gyrA conferring resistance to fluoroquinolones	moxifloxacin	ARO:0000074	aro_obo
ARO:3003294	Escherichia coli gyrA conferring resistance to fluoroquinolones	nalidixic acid	ARO:3000661	aro_obo
ARO:3003294	Escherichia coli gyrA conferring resistance to fluoroquinolones	norfloxacin	ARO:3000662	aro_obo
ARO:3003294	Escherichia coli gyrA conferring resistance to fluoroquinolones	ofloxacin	ARO:3000663	aro_obo
ARO:3003294	Escherichia coli gyrA conferring resistance to fluoroquinolones	pefloxacin	ARO:3000762	aro_obo
ARO:3003294	Escherichia coli gyrA conferring resistance to fluoroquinolones	sparfloxacin	ARO:3000666	aro_obo
ARO:3003294	Escherichia coli gyrA conferring resistance to fluoroquinolones	trovafloxacin	ARO:3000664	aro_obo
ARO:3004335	Escherichia coli gyrA with mutation conferring resistance to triclosan	triclosan	ARO:3000870	aro_obo
ARO:3003303	Escherichia coli gyrB conferring resistance to aminocoumarin	clorobiocin	ARO:3000132	aro_obo
ARO:3003303	Escherichia coli gyrB conferring resistance to aminocoumarin	coumermycin a1	ARO:3000150	aro_obo
ARO:3003303	Escherichia coli gyrB conferring resistance to aminocoumarin	novobiocin	ARO:3000111	aro_obo
ARO:3001328	Escherichia coli mdfA	benzalkonium chloride	ARO:3003823	aro_obo
ARO:3001328	Escherichia coli mdfA	chloramphenicol	ARO:3000385	aro_obo
ARO:3001328	Escherichia coli mdfA	tetracycline	ARO:0000051	aro_obo
ARO:3001328	Escherichia coli mdfA	thiamphenicol	ARO:3000456	aro_obo
ARO:3004127	Escherichia coli mipA	kanamycin a	ARO:0000049	aro_obo
ARO:3004127	Escherichia coli mipA	nalidixic acid	ARO:3000661	aro_obo
ARO:3004127	Escherichia coli mipA	streptomycin	ARO:0000040	aro_obo
ARO:3003775	Escherichia coli murA with mutation conferring resistance to fosfomycin	fosfomycin	ARO:0000025	aro_obo
ARO:3003751	Escherichia coli nfsA mutations conferring resistance to nitrofurantoin	nitrofurantoin	ARO:0000075	aro_obo
ARO:3003756	Escherichia coli nfsB with mutation conferring resistance to nitrofurantoin	nitrofurantoin	ARO:0000075	aro_obo
ARO:3003390	Escherichia coli ompF with mutation conferring resistance to beta-lactam antibiotics	cefepime	ARO:0000059	aro_obo
ARO:3003308	Escherichia coli parC conferring resistance to fluoroquinolones	ciprofloxacin	ARO:0000036	aro_obo
ARO:3003308	Escherichia coli parC conferring resistance to fluoroquinolones	enoxacin	ARO:0000023	aro_obo
ARO:3003308	Escherichia coli parC conferring resistance to fluoroquinolones	gatifloxacin	ARO:3000659	aro_obo
ARO:3003308	Escherichia coli parC conferring resistance to fluoroquinolones	grepafloxacin	ARO:3000665	aro_obo
ARO:3003308	Escherichia coli parC conferring resistance to fluoroquinolones	levofloxacin	ARO:0000071	aro_obo
ARO:3003308	Escherichia coli parC conferring resistance to fluoroquinolones	lomefloxacin	ARO:3000660	aro_obo
ARO:3003308	Escherichia coli parC conferring resistance to fluoroquinolones	moxifloxacin	ARO:0000074	aro_obo
ARO:3003308	Escherichia coli parC conferring resistance to fluoroquinolones	nalidixic acid	ARO:3000661	aro_obo
ARO:3003308	Escherichia coli parC conferring resistance to fluoroquinolones	norfloxacin	ARO:3000662	aro_obo
ARO:3003308	Escherichia coli parC conferring resistance to fluoroquinolones	ofloxacin	ARO:3000663	aro_obo
ARO:3003308	Escherichia coli parC conferring resistance to fluoroquinolones	pefloxacin	ARO:3000762	aro_obo
ARO:3003308	Escherichia coli parC conferring resistance to fluoroquinolones	sparfloxacin	ARO:3000666	aro_obo
ARO:3003308	Escherichia coli parC conferring resistance to fluoroquinolones	trovafloxacin	ARO:3000664	aro_obo
ARO:3003316	Escherichia coli parE conferring resistance to fluoroquinolones	ciprofloxacin	ARO:0000036	aro_obo
ARO:3003316	Escherichia coli parE conferring resistance to fluoroquinolones	enoxacin	ARO:0000023	aro_obo
ARO:3003316	Escherichia coli parE conferring resistance to fluoroquinolones	gatifloxacin	ARO:3000659	aro_obo
ARO:3003316	Escherichia coli parE conferring resistance to fluoroquinolones	grepafloxacin	ARO:3000665	aro_obo
ARO:3003316	Escherichia coli parE conferring resistance to fluoroquinolones	levofloxacin	ARO:0000071	aro_obo
ARO:3003316	Escherichia coli parE conferring resistance to fluoroquinolones	lomefloxacin	ARO:3000660	aro_obo
ARO:3003316	Escherichia coli parE conferring resistance to fluoroquinolones	moxifloxacin	ARO:0000074	aro_obo
ARO:3003316	Escherichia coli parE conferring resistance to fluoroquinolones	nalidixic acid	ARO:3000661	aro_obo
ARO:3003316	Escherichia coli parE conferring resistance to fluoroquinolones	norfloxacin	ARO:3000662	aro_obo
ARO:3003316	Escherichia coli parE conferring resistance to fluoroquinolones	ofloxacin	ARO:3000663	aro_obo
ARO:3003316	Escherichia coli parE conferring resistance to fluoroquinolones	pefloxacin	ARO:3000762	aro_obo
ARO:3003316	Escherichia coli parE conferring resistance to fluoroquinolones	sparfloxacin	ARO:3000666	aro_obo
ARO:3003316	Escherichia coli parE conferring resistance to fluoroquinolones	trovafloxacin	ARO:3000664	aro_obo
ARO:3003288	Escherichia coli rpoB mutants conferring resistance to rifampicin	rifabutin	ARO:3000530	aro_obo
ARO:3003288	Escherichia coli rpoB mutants conferring resistance to rifampicin	rifampin	ARO:3000169	aro_obo
ARO:3003288	Escherichia coli rpoB mutants conferring resistance to rifampicin	rifapentine	ARO:3000534	aro_obo
ARO:3003288	Escherichia coli rpoB mutants conferring resistance to rifampicin	rifaximin	ARO:3000517	aro_obo
ARO:3003381	Escherichia coli soxR with mutation conferring antibiotic resistance	chloramphenicol	ARO:3000385	aro_obo
ARO:3003381	Escherichia coli soxR with mutation conferring antibiotic resistance	ciprofloxacin	ARO:0000036	aro_obo
ARO:3003381	Escherichia coli soxR with mutation conferring antibiotic resistance	nalidixic acid	ARO:3000661	aro_obo
ARO:3003511	Escherichia coli soxS with mutation conferring antibiotic resistance	chloramphenicol	ARO:3000385	aro_obo
ARO:3003511	Escherichia coli soxS with mutation conferring antibiotic resistance	ciprofloxacin	ARO:0000036	aro_obo
ARO:3003511	Escherichia coli soxS with mutation conferring antibiotic resistance	enrofloxacin	ARO:3007045	aro_obo
ARO:3003893	Escherichia coli uhpA with mutation conferring resistance to fosfomycin	fosfomycin	ARO:0000025	aro_obo
ARO:3007459	EstT	tilmicosin	ARO:3007472	aro_obo
ARO:3004136	Ethambutol resistant iniB	ethambutol	ARO:3000497	aro_obo
ARO:3003450	Ethambutol resistant iniC	ethambutol	ARO:3000497	aro_obo
ARO:3007632	FRI-11	ertapenem	ARO:0000070	aro_obo
ARO:3007632	FRI-11	imipenem	ARO:3000170	aro_obo
ARO:3007632	FRI-11	meropenem	ARO:0000073	aro_obo
ARO:3000423	FomA	fosfomycin	ARO:0000025	aro_obo
ARO:3000449	FomB	fosfomycin	ARO:0000025	aro_obo
ARO:3000149	FosA	fosfomycin	ARO:0000025	aro_obo
ARO:3002804	FosA2	fosfomycin	ARO:0000025	aro_obo
ARO:3002872	FosA3	fosfomycin	ARO:0000025	aro_obo
ARO:3003210	FosA4	fosfomycin	ARO:0000025	aro_obo
ARO:3004111	FosA6	fosfomycin	ARO:0000025	aro_obo
ARO:3004113	FosA7	fosfomycin	ARO:0000025	aro_obo
ARO:3005162	FosA7.5	fosfomycin	ARO:0000025	aro_obo
ARO:3007371	FosA8	fosfomycin	ARO:0000025	aro_obo
ARO:3000172	FosB	fosfomycin	ARO:0000025	aro_obo
ARO:3004670	FosB1	fosfomycin	ARO:0000025	aro_obo
ARO:3005100	FosB2	fosfomycin	ARO:0000025	aro_obo
ARO:3002873	FosB3	fosfomycin	ARO:0000025	aro_obo
ARO:3004671	FosB4	fosfomycin	ARO:0000025	aro_obo
ARO:3004672	FosB5	fosfomycin	ARO:0000025	aro_obo
ARO:3004673	FosB6	fosfomycin	ARO:0000025	aro_obo
ARO:3007372	FosBx1	fosfomycin	ARO:0000025	aro_obo
ARO:3000380	FosC	fosfomycin	ARO:0000025	aro_obo
ARO:3002874	FosC2	fosfomycin	ARO:0000025	aro_obo
ARO:3004674	FosD	fosfomycin	ARO:0000025	aro_obo
ARO:3007368	FosG	fosfomycin	ARO:0000025	aro_obo
ARO:3007369	FosH	fosfomycin	ARO:0000025	aro_obo
ARO:3007370	FosI	fosfomycin	ARO:0000025	aro_obo
ARO:3003207	FosK	fosfomycin	ARO:0000025	aro_obo
ARO:3005024	FosL1	fosfomycin	ARO:0000025	aro_obo
ARO:3007097	FosM1	fosfomycin	ARO:0000025	aro_obo
ARO:3007098	FosM2	fosfomycin	ARO:0000025	aro_obo
ARO:3007099	FosM3	fosfomycin	ARO:0000025	aro_obo
ARO:3000198	FosX	fosfomycin	ARO:0000025	aro_obo
ARO:3003208	FosXCC	fosfomycin	ARO:0000025	aro_obo
ARO:3007069	FosY	fosfomycin	ARO:0000025	aro_obo
ARO:3004663	FusF	fusidic acid	ARO:3000759	aro_obo
ARO:3004446	Haemophilus influenzae PBP3 conferring resistance to beta-lactam antibiotics	ampicillin	ARO:3000637	aro_obo
ARO:3004446	Haemophilus influenzae PBP3 conferring resistance to beta-lactam antibiotics	cefaclor	ARO:3000644	aro_obo
ARO:3004446	Haemophilus influenzae PBP3 conferring resistance to beta-lactam antibiotics	cefdinir	ARO:3000650	aro_obo
ARO:3004446	Haemophilus influenzae PBP3 conferring resistance to beta-lactam antibiotics	cefditoren	ARO:3000649	aro_obo
ARO:3004446	Haemophilus influenzae PBP3 conferring resistance to beta-lactam antibiotics	cefotaxime	ARO:3000645	aro_obo
ARO:3004446	Haemophilus influenzae PBP3 conferring resistance to beta-lactam antibiotics	ceftriaxone	ARO:0000062	aro_obo
ARO:3003924	Haemophilus parainfluenzae gyrA conferring resistance to fluoroquinolones	ciprofloxacin	ARO:0000036	aro_obo
ARO:3003925	Haemophilus parainfluenzae parC conferring resistance to fluoroquinolones	ciprofloxacin	ARO:0000036	aro_obo
ARO:3004180	Halobacterium halobium 23S rRNA mutation conferring resistance to chloramphenicol	chloramphenicol	ARO:3000385	aro_obo
ARO:3003977	Halobacterium salinarum 16S rRNA mutation conferring resistance to pactamycin	pactamycin	ARO:3003975	aro_obo
ARO:3007208	HelR	rifabutin	ARO:3000530	aro_obo
ARO:3007208	HelR	rifampin	ARO:3000169	aro_obo
ARO:3007208	HelR	rifaximin	ARO:3000517	aro_obo
ARO:3003510	Helicobacter pylori 16S rRNA mutation conferring resistance to tetracycline	tetracycline	ARO:0000051	aro_obo
ARO:3004134	Helicobacter pylori 23S rRNA with mutation conferring resistance to clarithromycin	clarithromycin	ARO:0000065	aro_obo
ARO:3007059	Helicobacter pylori frxA mutation conferring resistance to metronidazole	metronidazole	ARO:3000689	aro_obo
ARO:3007052	Helicobacter pylori gyrA conferring resistance to fluoroquinolones	levofloxacin	ARO:0000071	aro_obo
ARO:3007053	Helicobacter pylori gyrB conferring resistance to fluoroquinolones	levofloxacin	ARO:0000071	aro_obo
ARO:3007053	Helicobacter pylori gyrB conferring resistance to fluoroquinolones	norfloxacin	ARO:3000662	aro_obo
ARO:3007060	Helicobacter pylori pbp1 mutants conferring resistance to amoxicillin	amoxicillin	ARO:0000064	aro_obo
ARO:3007058	Helicobacter pylori pbp2 mutants conferring resistance to amoxicillin	amoxicillin	ARO:0000064	aro_obo
ARO:3007057	Helicobacter pylori pbp3 conferring resistance to amoxicillin	amoxicillin	ARO:0000064	aro_obo
ARO:3007055	Helicobacter pylori rdxA mutation conferring resistance to metronidazole	metronidazole	ARO:3000689	aro_obo
ARO:3007051	Helicobacter pylori rpoB mutation conferring resistance to rifampicin	levofloxacin	ARO:0000071	aro_obo
ARO:3007051	Helicobacter pylori rpoB mutation conferring resistance to rifampicin	rifampin	ARO:3000169	aro_obo
ARO:3004466	ICR-Mc	colistin a	ARO:3000622	aro_obo
ARO:3004466	ICR-Mc	colistin b	ARO:3000624	aro_obo
ARO:3004569	ICR-Mo	colistin a	ARO:3000622	aro_obo
ARO:3004569	ICR-Mo	colistin b	ARO:3000624	aro_obo
ARO:3007678	IreK	ceftriaxone	ARO:0000062	aro_obo
ARO:3007206	KBL-1	amoxicillin	ARO:0000064	aro_obo
ARO:3007206	KBL-1	ampicillin	ARO:3000637	aro_obo
ARO:3007206	KBL-1	benzylpenicillin	ARO:3000632	aro_obo
ARO:3007206	KBL-1	piperacillin	ARO:0000078	aro_obo
ARO:3007446	KPC-100	ceftazidime	ARO:0000060	aro_obo
ARO:3007196	KPC-123	cefepime	ARO:0000059	aro_obo
ARO:3007196	KPC-123	cefotaxime	ARO:3000645	aro_obo
ARO:3007196	KPC-123	ceftazidime	ARO:0000060	aro_obo
ARO:3007857	KPC-134	ceftazidime	ARO:0000060	aro_obo
ARO:3007857	KPC-134	ceftazidime-avibactam	ARO:3007072	aro_obo
ARO:3007381	KPC-86	ceftazidime	ARO:0000060	aro_obo
ARO:3007375	KPC-87	imipenem	ARO:3000170	aro_obo
ARO:3007375	KPC-87	meropenem	ARO:0000073	aro_obo
ARO:3007402	KPC-94	ceftazidime	ARO:0000060	aro_obo
ARO:3007402	KPC-94	meropenem	ARO:0000073	aro_obo
ARO:3007383	KPC-95	ceftazidime	ARO:0000060	aro_obo
ARO:3007436	KPC-96	ceftazidime	ARO:0000060	aro_obo
ARO:3007449	KPC-97	ceftazidime	ARO:0000060	aro_obo
ARO:3007450	KPC-98	ceftazidime	ARO:0000060	aro_obo
ARO:3007452	KPC-99	ceftazidime	ARO:0000060	aro_obo
ARO:3004966	Kanamycin resistant whib7	kanamycin a	ARO:0000049	aro_obo
ARO:3003385	Klebsiella aerogenes Omp36	cefepime	ARO:0000059	aro_obo
ARO:3003385	Klebsiella aerogenes Omp36	cefpirome	ARO:3004726	aro_obo
ARO:3003385	Klebsiella aerogenes Omp36	imipenem	ARO:3000170	aro_obo
ARO:3003585	Klebsiella mutant PhoP conferring antibiotic resistance to colistin	colistin a	ARO:3000622	aro_obo
ARO:3003585	Klebsiella mutant PhoP conferring antibiotic resistance to colistin	colistin b	ARO:3000624	aro_obo
ARO:3004585	Klebsiella pneumoniae KpnEF	benzalkonium chloride	ARO:3003823	aro_obo
ARO:3004585	Klebsiella pneumoniae KpnEF	cefepime	ARO:0000059	aro_obo
ARO:3004585	Klebsiella pneumoniae KpnEF	ceftriaxone	ARO:0000062	aro_obo
ARO:3004585	Klebsiella pneumoniae KpnEF	chlorhexidine	ARO:3007039	aro_obo
ARO:3004585	Klebsiella pneumoniae KpnEF	colistin a	ARO:3000622	aro_obo
ARO:3004585	Klebsiella pneumoniae KpnEF	colistin b	ARO:3000624	aro_obo
ARO:3004585	Klebsiella pneumoniae KpnEF	erythromycin	ARO:0000006	aro_obo
ARO:3004585	Klebsiella pneumoniae KpnEF	rifampin	ARO:3000169	aro_obo
ARO:3004585	Klebsiella pneumoniae KpnEF	streptomycin	ARO:0000040	aro_obo
ARO:3004585	Klebsiella pneumoniae KpnEF	tetracycline	ARO:0000051	aro_obo
ARO:3004585	Klebsiella pneumoniae KpnEF	triclosan	ARO:3000870	aro_obo
ARO:3004598	Klebsiella pneumoniae KpnGH-TolC	azithromycin	ARO:3000158	aro_obo
ARO:3004598	Klebsiella pneumoniae KpnGH-TolC	ceftazidime	ARO:0000060	aro_obo
ARO:3004598	Klebsiella pneumoniae KpnGH-TolC	ciprofloxacin	ARO:0000036	aro_obo
ARO:3004598	Klebsiella pneumoniae KpnGH-TolC	ertapenem	ARO:0000070	aro_obo
ARO:3004598	Klebsiella pneumoniae KpnGH-TolC	erythromycin	ARO:0000006	aro_obo
ARO:3004598	Klebsiella pneumoniae KpnGH-TolC	gentamicin c	ARO:0000014	aro_obo
ARO:3004598	Klebsiella pneumoniae KpnGH-TolC	imipenem	ARO:3000170	aro_obo
ARO:3004598	Klebsiella pneumoniae KpnGH-TolC	norfloxacin	ARO:3000662	aro_obo
ARO:3004598	Klebsiella pneumoniae KpnGH-TolC	piperacillin	ARO:0000078	aro_obo
ARO:3004598	Klebsiella pneumoniae KpnGH-TolC	polymyxin b1	ARO:3000625	aro_obo
ARO:3004598	Klebsiella pneumoniae KpnGH-TolC	polymyxin b2	ARO:3000626	aro_obo
ARO:3004598	Klebsiella pneumoniae KpnGH-TolC	polymyxin b3	ARO:3000627	aro_obo
ARO:3004598	Klebsiella pneumoniae KpnGH-TolC	polymyxin b4	ARO:3000628	aro_obo
ARO:3004598	Klebsiella pneumoniae KpnGH-TolC	spectinomycin	ARO:0000039	aro_obo
ARO:3004598	Klebsiella pneumoniae KpnGH-TolC	streptomycin	ARO:0000040	aro_obo
ARO:3004598	Klebsiella pneumoniae KpnGH-TolC	ticarcillin	ARO:3003832	aro_obo
ARO:3004598	Klebsiella pneumoniae KpnGH-TolC	tobramycin	ARO:0000052	aro_obo
ARO:3003966	Klebsiella pneumoniae OmpK35	ampicillin	ARO:3000637	aro_obo
ARO:3003966	Klebsiella pneumoniae OmpK35	benzylpenicillin	ARO:3000632	aro_obo
ARO:3003966	Klebsiella pneumoniae OmpK35	cefalotin	ARO:3000704	aro_obo
ARO:3003966	Klebsiella pneumoniae OmpK35	cefamandole	ARO:3003999	aro_obo
ARO:3003966	Klebsiella pneumoniae OmpK35	cefepime	ARO:0000059	aro_obo
ARO:3003966	Klebsiella pneumoniae OmpK35	cefoxitin	ARO:0000008	aro_obo
ARO:3003966	Klebsiella pneumoniae OmpK35	ceftazidime	ARO:0000060	aro_obo
ARO:3003966	Klebsiella pneumoniae OmpK35	ceftriaxone	ARO:0000062	aro_obo
ARO:3003966	Klebsiella pneumoniae OmpK35	ertapenem	ARO:0000070	aro_obo
ARO:3003966	Klebsiella pneumoniae OmpK35	imipenem	ARO:3000170	aro_obo
ARO:3003968	Klebsiella pneumoniae OmpK36	cefalotin	ARO:3000704	aro_obo
ARO:3003968	Klebsiella pneumoniae OmpK36	ceftriaxone	ARO:0000062	aro_obo
ARO:3004122	Klebsiella pneumoniae OmpK37	cefotaxime	ARO:3000645	aro_obo
ARO:3004122	Klebsiella pneumoniae OmpK37	cefoxitin	ARO:0000008	aro_obo
ARO:3007421	Klebsiella pneumoniae PBP3 mutants conferring resistance to ceftazidime-avibactam	ceftazidime	ARO:0000060	aro_obo
ARO:3004041	Klebsiella pneumoniae acrA	ciprofloxacin	ARO:0000036	aro_obo
ARO:3003373	Klebsiella pneumoniae acrR with mutation conferring multidrug antibiotic resistance	tigecycline	ARO:0000030	aro_obo
ARO:3007420	Klebsiella pneumoniae lamB with mutations conferring resistance to ceftazidime-avibactam	ceftazidime	ARO:0000060	aro_obo
ARO:3007203	Klebsiella pneumoniae mutant PhoQ conferring resistance to colistin	colistin a	ARO:3000622	aro_obo
ARO:3007203	Klebsiella pneumoniae mutant PhoQ conferring resistance to colistin	colistin b	ARO:3000624	aro_obo
ARO:3003380	Klebsiella pneumoniae ramR mutants	tigecycline	ARO:0000030	aro_obo
ARO:3004825	LAP-1	amoxicillin	ARO:0000064	aro_obo
ARO:3004825	LAP-1	benzylpenicillin	ARO:3000632	aro_obo
ARO:3004825	LAP-1	cefalotin	ARO:3000704	aro_obo
ARO:3004825	LAP-1	cefepime	ARO:0000059	aro_obo
ARO:3004825	LAP-1	cefuroxime	ARO:0000063	aro_obo
ARO:3004825	LAP-1	piperacillin	ARO:0000078	aro_obo
ARO:3004825	LAP-1	ticarcillin	ARO:3003832	aro_obo
ARO:3004826	LAP-2	amoxicillin	ARO:0000064	aro_obo
ARO:3004826	LAP-2	benzylpenicillin	ARO:3000632	aro_obo
ARO:3004826	LAP-2	cefalotin	ARO:3000704	aro_obo
ARO:3004826	LAP-2	cefepime	ARO:0000059	aro_obo
ARO:3004826	LAP-2	cefuroxime	ARO:0000063	aro_obo
ARO:3004826	LAP-2	piperacillin	ARO:0000078	aro_obo
ARO:3004826	LAP-2	ticarcillin	ARO:3003832	aro_obo
ARO:3007438	LAQ-1	ampicillin	ARO:3000637	aro_obo
ARO:3007438	LAQ-1	benzylpenicillin	ARO:3000632	aro_obo
ARO:3007438	LAQ-1	cefazolin	ARO:0000058	aro_obo
ARO:3007438	LAQ-1	cefepime	ARO:0000059	aro_obo
ARO:3007438	LAQ-1	cefoxitin	ARO:0000008	aro_obo
ARO:3002671	Limosilactobacillus reuteri cat-TC	azidamfenicol	ARO:3000382	aro_obo
ARO:3002671	Limosilactobacillus reuteri cat-TC	chloramphenicol	ARO:3000385	aro_obo
ARO:3002671	Limosilactobacillus reuteri cat-TC	thiamphenicol	ARO:3000456	aro_obo
ARO:3003770	Listeria monocytogenes mprF	defensin	ARO:3000693	aro_obo
ARO:3003982	LlmA 23S ribosomal RNA methyltransferase	clindamycin	ARO:0000066	aro_obo
ARO:3004600	LnuH	clindamycin	ARO:0000066	aro_obo
ARO:3004600	LnuH	lincomycin	ARO:0000046	aro_obo
ARO:3004601	LnuP	lincomycin	ARO:0000046	aro_obo
ARO:3004098	LpeAB	azithromycin	ARO:3000158	aro_obo
ARO:3004098	LpeAB	erythromycin	ARO:0000006	aro_obo
ARO:3004098	LpeAB	spiramycin	ARO:3000156	aro_obo
ARO:3005052	LpsA	defensin	ARO:3000693	aro_obo
ARO:3005052	LpsA	polymyxin b	ARO:3000454	aro_obo
ARO:3005051	LpsB	colistin a	ARO:3000622	aro_obo
ARO:3005051	LpsB	colistin b	ARO:3000624	aro_obo
ARO:3005051	LpsB	defensin	ARO:3000693	aro_obo
ARO:3005059	LptD	imipenem	ARO:3000170	aro_obo
ARO:3005059	LptD	novobiocin	ARO:3000111	aro_obo
ARO:3005059	LptD	polymyxin b	ARO:3000454	aro_obo
ARO:3005059	LptD	rifampin	ARO:3000169	aro_obo
ARO:3003573	LpxA	colistin a	ARO:3000622	aro_obo
ARO:3003573	LpxA	colistin b	ARO:3000624	aro_obo
ARO:3003574	LpxC	colistin a	ARO:3000622	aro_obo
ARO:3003574	LpxC	colistin b	ARO:3000624	aro_obo
ARO:3003575	LpxD	colistin a	ARO:3000622	aro_obo
ARO:3003575	LpxD	colistin b	ARO:3000624	aro_obo
ARO:3007180	MAB	amoxicillin	ARO:0000064	aro_obo
ARO:3007180	MAB	cefalotin	ARO:3000704	aro_obo
ARO:3007180	MAB	ceftazidime	ARO:0000060	aro_obo
ARO:3007180	MAB	cefuroxime	ARO:0000063	aro_obo
ARO:3007180	MAB	ticarcillin	ARO:3003832	aro_obo
ARO:3004268	MCR phosphoethanolamine transferase	colistin a	ARO:3000622	aro_obo
ARO:3004268	MCR phosphoethanolamine transferase	colistin b	ARO:3000624	aro_obo
ARO:3003689	MCR-1.1	colistin a	ARO:3000622	aro_obo
ARO:3003689	MCR-1.1	colistin b	ARO:3000624	aro_obo
ARO:3004506	MCR-1.10	colistin a	ARO:3000622	aro_obo
ARO:3004506	MCR-1.10	colistin b	ARO:3000624	aro_obo
ARO:3004688	MCR-1.11	colistin a	ARO:3000622	aro_obo
ARO:3004688	MCR-1.11	colistin b	ARO:3000624	aro_obo
ARO:3004689	MCR-1.12	colistin a	ARO:3000622	aro_obo
ARO:3004689	MCR-1.12	colistin b	ARO:3000624	aro_obo
ARO:3004690	MCR-1.13	colistin a	ARO:3000622	aro_obo
ARO:3004690	MCR-1.13	colistin b	ARO:3000624	aro_obo
ARO:3007246	MCR-1.14	colistin a	ARO:3000622	aro_obo
ARO:3007246	MCR-1.14	colistin b	ARO:3000624	aro_obo
ARO:3007279	MCR-1.15	colistin a	ARO:3000622	aro_obo
ARO:3007279	MCR-1.15	colistin b	ARO:3000624	aro_obo
ARO:3007238	MCR-1.16	colistin a	ARO:3000622	aro_obo
ARO:3007238	MCR-1.16	colistin b	ARO:3000624	aro_obo
ARO:3007244	MCR-1.17	colistin a	ARO:3000622	aro_obo
ARO:3007244	MCR-1.17	colistin b	ARO:3000624	aro_obo
ARO:3007233	MCR-1.18	colistin a	ARO:3000622	aro_obo
ARO:3007233	MCR-1.18	colistin b	ARO:3000624	aro_obo
ARO:3007240	MCR-1.19	colistin a	ARO:3000622	aro_obo
ARO:3007240	MCR-1.19	colistin b	ARO:3000624	aro_obo
ARO:3004194	MCR-1.2	colistin a	ARO:3000622	aro_obo
ARO:3004194	MCR-1.2	colistin b	ARO:3000624	aro_obo
ARO:3007235	MCR-1.20	colistin a	ARO:3000622	aro_obo
ARO:3007235	MCR-1.20	colistin b	ARO:3000624	aro_obo
ARO:3007237	MCR-1.21	colistin a	ARO:3000622	aro_obo
ARO:3007237	MCR-1.21	colistin b	ARO:3000624	aro_obo
ARO:3007239	MCR-1.22	colistin a	ARO:3000622	aro_obo
ARO:3007239	MCR-1.22	colistin b	ARO:3000624	aro_obo
ARO:3007234	MCR-1.23	colistin a	ARO:3000622	aro_obo
ARO:3007234	MCR-1.23	colistin b	ARO:3000624	aro_obo
ARO:3007243	MCR-1.24	colistin a	ARO:3000622	aro_obo
ARO:3007243	MCR-1.24	colistin b	ARO:3000624	aro_obo
ARO:3007247	MCR-1.25	colistin a	ARO:3000622	aro_obo
ARO:3007247	MCR-1.25	colistin b	ARO:3000624	aro_obo
ARO:3007280	MCR-1.26	colistin a	ARO:3000622	aro_obo
ARO:3007280	MCR-1.26	colistin b	ARO:3000624	aro_obo
ARO:3007232	MCR-1.27	colistin a	ARO:3000622	aro_obo
ARO:3007232	MCR-1.27	colistin b	ARO:3000624	aro_obo
ARO:3007236	MCR-1.28	colistin a	ARO:3000622	aro_obo
ARO:3007236	MCR-1.28	colistin b	ARO:3000624	aro_obo
ARO:3007241	MCR-1.29	colistin a	ARO:3000622	aro_obo
ARO:3007241	MCR-1.29	colistin b	ARO:3000624	aro_obo
ARO:3004514	MCR-1.3	colistin a	ARO:3000622	aro_obo
ARO:3004514	MCR-1.3	colistin b	ARO:3000624	aro_obo
ARO:3007242	MCR-1.30	colistin a	ARO:3000622	aro_obo
ARO:3007242	MCR-1.30	colistin b	ARO:3000624	aro_obo
ARO:3007245	MCR-1.31	colistin a	ARO:3000622	aro_obo
ARO:3007245	MCR-1.31	colistin b	ARO:3000624	aro_obo
ARO:3007289	MCR-1.32	colistin a	ARO:3000622	aro_obo
ARO:3007289	MCR-1.32	colistin b	ARO:3000624	aro_obo
ARO:3007070	MCR-1.33	colistin a	ARO:3000622	aro_obo
ARO:3007070	MCR-1.33	colistin b	ARO:3000624	aro_obo
ARO:3007230	MCR-1.34	colistin a	ARO:3000622	aro_obo
ARO:3007230	MCR-1.34	colistin b	ARO:3000624	aro_obo
ARO:3004515	MCR-1.4	colistin a	ARO:3000622	aro_obo
ARO:3004515	MCR-1.4	colistin b	ARO:3000624	aro_obo
ARO:3004685	MCR-1.5	colistin a	ARO:3000622	aro_obo
ARO:3004685	MCR-1.5	colistin b	ARO:3000624	aro_obo
ARO:3004513	MCR-1.6	colistin a	ARO:3000622	aro_obo
ARO:3004513	MCR-1.6	colistin b	ARO:3000624	aro_obo
ARO:3004686	MCR-1.7	colistin a	ARO:3000622	aro_obo
ARO:3004686	MCR-1.7	colistin b	ARO:3000624	aro_obo
ARO:3004687	MCR-1.8	colistin a	ARO:3000622	aro_obo
ARO:3004687	MCR-1.8	colistin b	ARO:3000624	aro_obo
ARO:3004507	MCR-1.9	colistin a	ARO:3000622	aro_obo
ARO:3004507	MCR-1.9	colistin b	ARO:3000624	aro_obo
ARO:3007277	MCR-10.2	colistin a	ARO:3000622	aro_obo
ARO:3007277	MCR-10.2	colistin b	ARO:3000624	aro_obo
ARO:3007275	MCR-10.3	colistin a	ARO:3000622	aro_obo
ARO:3007275	MCR-10.3	colistin b	ARO:3000624	aro_obo
ARO:3007276	MCR-10.4	colistin a	ARO:3000622	aro_obo
ARO:3007276	MCR-10.4	colistin b	ARO:3000624	aro_obo
ARO:3007274	MCR-10.5	colistin a	ARO:3000622	aro_obo
ARO:3007274	MCR-10.5	colistin b	ARO:3000624	aro_obo
ARO:3004110	MCR-2.1	colistin a	ARO:3000622	aro_obo
ARO:3004110	MCR-2.1	colistin b	ARO:3000624	aro_obo
ARO:3004502	MCR-2.2	colistin a	ARO:3000622	aro_obo
ARO:3004502	MCR-2.2	colistin b	ARO:3000624	aro_obo
ARO:3007284	MCR-2.3	colistin a	ARO:3000622	aro_obo
ARO:3007284	MCR-2.3	colistin b	ARO:3000624	aro_obo
ARO:3007283	MCR-2.4	colistin a	ARO:3000622	aro_obo
ARO:3007283	MCR-2.4	colistin b	ARO:3000624	aro_obo
ARO:3007286	MCR-2.5	colistin a	ARO:3000622	aro_obo
ARO:3007286	MCR-2.5	colistin b	ARO:3000624	aro_obo
ARO:3007288	MCR-2.6	colistin a	ARO:3000622	aro_obo
ARO:3007288	MCR-2.6	colistin b	ARO:3000624	aro_obo
ARO:3007287	MCR-2.7	colistin a	ARO:3000622	aro_obo
ARO:3007287	MCR-2.7	colistin b	ARO:3000624	aro_obo
ARO:3007285	MCR-2.8	colistin a	ARO:3000622	aro_obo
ARO:3007285	MCR-2.8	colistin b	ARO:3000624	aro_obo
ARO:3004139	MCR-3.1	colistin a	ARO:3000622	aro_obo
ARO:3004139	MCR-3.1	colistin b	ARO:3000624	aro_obo
ARO:3004504	MCR-3.10	colistin a	ARO:3000622	aro_obo
ARO:3004504	MCR-3.10	colistin b	ARO:3000624	aro_obo
ARO:3004500	MCR-3.11	colistin a	ARO:3000622	aro_obo
ARO:3004500	MCR-3.11	colistin b	ARO:3000624	aro_obo
ARO:3004693	MCR-3.12	colistin a	ARO:3000622	aro_obo
ARO:3004693	MCR-3.12	colistin b	ARO:3000624	aro_obo
ARO:3007269	MCR-3.13	colistin a	ARO:3000622	aro_obo
ARO:3007269	MCR-3.13	colistin b	ARO:3000624	aro_obo
ARO:3007249	MCR-3.14	colistin a	ARO:3000622	aro_obo
ARO:3007249	MCR-3.14	colistin b	ARO:3000624	aro_obo
ARO:3007252	MCR-3.15	colistin a	ARO:3000622	aro_obo
ARO:3007252	MCR-3.15	colistin b	ARO:3000624	aro_obo
ARO:3007260	MCR-3.16	colistin a	ARO:3000622	aro_obo
ARO:3007260	MCR-3.16	colistin b	ARO:3000624	aro_obo
ARO:3007278	MCR-3.17	colistin a	ARO:3000622	aro_obo
ARO:3007278	MCR-3.17	colistin b	ARO:3000624	aro_obo
ARO:3007263	MCR-3.18	colistin a	ARO:3000622	aro_obo
ARO:3007263	MCR-3.18	colistin b	ARO:3000624	aro_obo
ARO:3007273	MCR-3.19	colistin a	ARO:3000622	aro_obo
ARO:3007273	MCR-3.19	colistin b	ARO:3000624	aro_obo
ARO:3004511	MCR-3.2	colistin a	ARO:3000622	aro_obo
ARO:3004511	MCR-3.2	colistin b	ARO:3000624	aro_obo
ARO:3007266	MCR-3.20	colistin a	ARO:3000622	aro_obo
ARO:3007266	MCR-3.20	colistin b	ARO:3000624	aro_obo
ARO:3007262	MCR-3.21	colistin a	ARO:3000622	aro_obo
ARO:3007262	MCR-3.21	colistin b	ARO:3000624	aro_obo
ARO:3007259	MCR-3.22	colistin a	ARO:3000622	aro_obo
ARO:3007259	MCR-3.22	colistin b	ARO:3000624	aro_obo
ARO:3007256	MCR-3.23	colistin a	ARO:3000622	aro_obo
ARO:3007256	MCR-3.23	colistin b	ARO:3000624	aro_obo
ARO:3007265	MCR-3.24	colistin a	ARO:3000622	aro_obo
ARO:3007265	MCR-3.24	colistin b	ARO:3000624	aro_obo
ARO:3007258	MCR-3.25	colistin a	ARO:3000622	aro_obo
ARO:3007258	MCR-3.25	colistin b	ARO:3000624	aro_obo
ARO:3007261	MCR-3.26	colistin a	ARO:3000622	aro_obo
ARO:3007261	MCR-3.26	colistin b	ARO:3000624	aro_obo
ARO:3007253	MCR-3.27	colistin a	ARO:3000622	aro_obo
ARO:3007253	MCR-3.27	colistin b	ARO:3000624	aro_obo
ARO:3007270	MCR-3.28	colistin a	ARO:3000622	aro_obo
ARO:3007270	MCR-3.28	colistin b	ARO:3000624	aro_obo
ARO:3007272	MCR-3.29	colistin a	ARO:3000622	aro_obo
ARO:3007272	MCR-3.29	colistin b	ARO:3000624	aro_obo
ARO:3004662	MCR-3.3	colistin a	ARO:3000622	aro_obo
ARO:3004662	MCR-3.3	colistin b	ARO:3000624	aro_obo
ARO:3007255	MCR-3.31	colistin a	ARO:3000622	aro_obo
ARO:3007255	MCR-3.31	colistin b	ARO:3000624	aro_obo
ARO:3007254	MCR-3.32	colistin a	ARO:3000622	aro_obo
ARO:3007254	MCR-3.32	colistin b	ARO:3000624	aro_obo
ARO:3007248	MCR-3.33	colistin a	ARO:3000622	aro_obo
ARO:3007248	MCR-3.33	colistin b	ARO:3000624	aro_obo
ARO:3007268	MCR-3.34	colistin a	ARO:3000622	aro_obo
ARO:3007268	MCR-3.34	colistin b	ARO:3000624	aro_obo
ARO:3007267	MCR-3.35	colistin a	ARO:3000622	aro_obo
ARO:3007267	MCR-3.35	colistin b	ARO:3000624	aro_obo
ARO:3007257	MCR-3.36	colistin a	ARO:3000622	aro_obo
ARO:3007257	MCR-3.36	colistin b	ARO:3000624	aro_obo
ARO:3007250	MCR-3.37	colistin a	ARO:3000622	aro_obo
ARO:3007250	MCR-3.37	colistin b	ARO:3000624	aro_obo
ARO:3007251	MCR-3.38	colistin a	ARO:3000622	aro_obo
ARO:3007251	MCR-3.38	colistin b	ARO:3000624	aro_obo
ARO:3007271	MCR-3.39	colistin a	ARO:3000622	aro_obo
ARO:3007271	MCR-3.39	colistin b	ARO:3000624	aro_obo
ARO:3004691	MCR-3.4	colistin a	ARO:3000622	aro_obo
ARO:3004691	MCR-3.4	colistin b	ARO:3000624	aro_obo
ARO:3007264	MCR-3.40	colistin a	ARO:3000622	aro_obo
ARO:3007264	MCR-3.40	colistin b	ARO:3000624	aro_obo
ARO:3005221	MCR-3.41	colistin a	ARO:3000622	aro_obo
ARO:3005221	MCR-3.41	colistin b	ARO:3000624	aro_obo
ARO:3004505	MCR-3.5	colistin a	ARO:3000622	aro_obo
ARO:3004505	MCR-3.5	colistin b	ARO:3000624	aro_obo
ARO:3004503	MCR-3.6	colistin a	ARO:3000622	aro_obo
ARO:3004503	MCR-3.6	colistin b	ARO:3000624	aro_obo
ARO:3004510	MCR-3.7	colistin a	ARO:3000622	aro_obo
ARO:3004510	MCR-3.7	colistin b	ARO:3000624	aro_obo
ARO:3004509	MCR-3.8	colistin a	ARO:3000622	aro_obo
ARO:3004509	MCR-3.8	colistin b	ARO:3000624	aro_obo
ARO:3004508	MCR-3.9	colistin a	ARO:3000622	aro_obo
ARO:3004508	MCR-3.9	colistin b	ARO:3000624	aro_obo
ARO:3004325	MCR-4.1	colistin a	ARO:3000622	aro_obo
ARO:3004325	MCR-4.1	colistin b	ARO:3000624	aro_obo
ARO:3004694	MCR-4.2	colistin a	ARO:3000622	aro_obo
ARO:3004694	MCR-4.2	colistin b	ARO:3000624	aro_obo
ARO:3004695	MCR-4.3	colistin a	ARO:3000622	aro_obo
ARO:3004695	MCR-4.3	colistin b	ARO:3000624	aro_obo
ARO:3004696	MCR-4.4	colistin a	ARO:3000622	aro_obo
ARO:3004696	MCR-4.4	colistin b	ARO:3000624	aro_obo
ARO:3004697	MCR-4.5	colistin a	ARO:3000622	aro_obo
ARO:3004697	MCR-4.5	colistin b	ARO:3000624	aro_obo
ARO:3007231	MCR-4.6	colistin a	ARO:3000622	aro_obo
ARO:3007231	MCR-4.6	colistin b	ARO:3000624	aro_obo
ARO:3007533	MCR-4.7	colistin a	ARO:3000622	aro_obo
ARO:3007533	MCR-4.7	colistin b	ARO:3000624	aro_obo
ARO:3004332	MCR-5.1	colistin a	ARO:3000622	aro_obo
ARO:3004332	MCR-5.1	colistin b	ARO:3000624	aro_obo
ARO:3004698	MCR-5.2	colistin a	ARO:3000622	aro_obo
ARO:3004698	MCR-5.2	colistin b	ARO:3000624	aro_obo
ARO:3007282	MCR-5.3	colistin a	ARO:3000622	aro_obo
ARO:3007282	MCR-5.3	colistin b	ARO:3000624	aro_obo
ARO:3007281	MCR-5.4	colistin a	ARO:3000622	aro_obo
ARO:3007281	MCR-5.4	colistin b	ARO:3000624	aro_obo
ARO:3004501	MCR-6.1	colistin a	ARO:3000622	aro_obo
ARO:3004501	MCR-6.1	colistin b	ARO:3000624	aro_obo
ARO:3004517	MCR-7.1	colistin a	ARO:3000622	aro_obo
ARO:3004517	MCR-7.1	colistin b	ARO:3000624	aro_obo
ARO:3004516	MCR-8.1	colistin a	ARO:3000622	aro_obo
ARO:3004516	MCR-8.1	colistin b	ARO:3000624	aro_obo
ARO:3007229	MCR-8.2	colistin a	ARO:3000622	aro_obo
ARO:3007229	MCR-8.2	colistin b	ARO:3000624	aro_obo
ARO:3007227	MCR-8.3	colistin a	ARO:3000622	aro_obo
ARO:3007227	MCR-8.3	colistin b	ARO:3000624	aro_obo
ARO:3007228	MCR-8.4	colistin a	ARO:3000622	aro_obo
ARO:3007228	MCR-8.4	colistin b	ARO:3000624	aro_obo
ARO:3004684	MCR-9.1	colistin a	ARO:3000622	aro_obo
ARO:3004684	MCR-9.1	colistin b	ARO:3000624	aro_obo
ARO:3000843	MUS-1	amoxicillin	ARO:0000064	aro_obo
ARO:3000843	MUS-1	piperacillin	ARO:0000078	aro_obo
ARO:3000843	MUS-1	ticarcillin	ARO:3003832	aro_obo
ARO:3003842	MUS-2	amoxicillin	ARO:0000064	aro_obo
ARO:3003842	MUS-2	piperacillin	ARO:0000078	aro_obo
ARO:3003842	MUS-2	ticarcillin	ARO:3003832	aro_obo
ARO:3000545	MacAB-TolC	erythromycin	ARO:0000006	aro_obo
ARO:3000786	MdsABC	chloramphenicol	ARO:3000385	aro_obo
ARO:3000787	MdtABC-TolC	novobiocin	ARO:3000111	aro_obo
ARO:3000788	MdtEF-TolC	cloxacillin	ARO:0000011	aro_obo
ARO:3000788	MdtEF-TolC	erythromycin	ARO:0000006	aro_obo
ARO:3000788	MdtEF-TolC	norfloxacin	ARO:3000662	aro_obo
ARO:3000788	MdtEF-TolC	oxacillin	ARO:0000056	aro_obo
ARO:3001327	MdtK	ciprofloxacin	ARO:0000036	aro_obo
ARO:3004101	MdtNOP	acriflavine	ARO:0000045	aro_obo
ARO:3004101	MdtNOP	puromycin	ARO:0000047	aro_obo
ARO:3005046	MecC-type methicillin resistance repressor MecI	methicillin	ARO:0000015	aro_obo
ARO:3004659	Mef(En2)	lincomycin	ARO:0000046	aro_obo
ARO:3000386	MexAB-OprM	ampicillin	ARO:3000637	aro_obo
ARO:3000386	MexAB-OprM	azithromycin	ARO:3000158	aro_obo
ARO:3000386	MexAB-OprM	aztreonam	ARO:3000550	aro_obo
ARO:3000386	MexAB-OprM	ceftazidime	ARO:0000060	aro_obo
ARO:3000386	MexAB-OprM	ceftriaxone	ARO:0000062	aro_obo
ARO:3000386	MexAB-OprM	chloramphenicol	ARO:3000385	aro_obo
ARO:3000386	MexAB-OprM	ciprofloxacin	ARO:0000036	aro_obo
ARO:3000386	MexAB-OprM	colistin a	ARO:3000622	aro_obo
ARO:3000386	MexAB-OprM	colistin b	ARO:3000624	aro_obo
ARO:3000386	MexAB-OprM	erythromycin	ARO:0000006	aro_obo
ARO:3000386	MexAB-OprM	meropenem	ARO:0000073	aro_obo
ARO:3000386	MexAB-OprM	novobiocin	ARO:3000111	aro_obo
ARO:3000386	MexAB-OprM	panipenem	ARO:3003708	aro_obo
ARO:3000386	MexAB-OprM	tetracycline	ARO:0000051	aro_obo
ARO:3000386	MexAB-OprM	trimethoprim	ARO:3000188	aro_obo
ARO:3000797	MexCD-OprJ	chloramphenicol	ARO:3000385	aro_obo
ARO:3000797	MexCD-OprJ	novobiocin	ARO:3000111	aro_obo
ARO:3000797	MexCD-OprJ	tetracycline	ARO:0000051	aro_obo
ARO:3000797	MexCD-OprJ	trimethoprim	ARO:3000188	aro_obo
ARO:3004061	MexCD-OprJ with type A NfxB mutation	erythromycin	ARO:0000006	aro_obo
ARO:3004061	MexCD-OprJ with type A NfxB mutation	ofloxacin	ARO:3000663	aro_obo
ARO:3004062	MexCD-OprJ with type B NfxB mutation	chloramphenicol	ARO:3000385	aro_obo
ARO:3004062	MexCD-OprJ with type B NfxB mutation	erythromycin	ARO:0000006	aro_obo
ARO:3004062	MexCD-OprJ with type B NfxB mutation	gentamicin c	ARO:0000014	aro_obo
ARO:3004062	MexCD-OprJ with type B NfxB mutation	ofloxacin	ARO:3000663	aro_obo
ARO:3004062	MexCD-OprJ with type B NfxB mutation	tetracycline	ARO:0000051	aro_obo
ARO:3000798	MexEF-OprN	chloramphenicol	ARO:3000385	aro_obo
ARO:3000798	MexEF-OprN	trimethoprim	ARO:3000188	aro_obo
ARO:3004068	MexEF-OprN with MexS mutations conferring resistance to chloramphenicol, ciprofloxacin, and trimethoprim	chloramphenicol	ARO:3000385	aro_obo
ARO:3004068	MexEF-OprN with MexS mutations conferring resistance to chloramphenicol, ciprofloxacin, and trimethoprim	ciprofloxacin	ARO:0000036	aro_obo
ARO:3004068	MexEF-OprN with MexS mutations conferring resistance to chloramphenicol, ciprofloxacin, and trimethoprim	trimethoprim	ARO:3000188	aro_obo
ARO:3004066	MexEF-OprN with MexT mutation conferring resistance to chloramphenicol, ciprofloxacin, and trimethoprim	chloramphenicol	ARO:3000385	aro_obo
ARO:3004066	MexEF-OprN with MexT mutation conferring resistance to chloramphenicol, ciprofloxacin, and trimethoprim	ciprofloxacin	ARO:0000036	aro_obo
ARO:3004066	MexEF-OprN with MexT mutation conferring resistance to chloramphenicol, ciprofloxacin, and trimethoprim	trimethoprim	ARO:3000188	aro_obo
ARO:3004070	MexEF-OprN with MvaT deletion conferring resistance to chloramphenicol and norfloxacin	chloramphenicol	ARO:3000385	aro_obo
ARO:3004070	MexEF-OprN with MvaT deletion conferring resistance to chloramphenicol and norfloxacin	norfloxacin	ARO:3000662	aro_obo
ARO:3000799	MexGHI-OpmD	acriflavine	ARO:0000045	aro_obo
ARO:3000799	MexGHI-OpmD	norfloxacin	ARO:3000662	aro_obo
ARO:3000799	MexGHI-OpmD	tetracycline	ARO:0000051	aro_obo
ARO:3009153	MexHI-OpmD	acriflavine	ARO:0000045	aro_obo
ARO:3009153	MexHI-OpmD	norfloxacin	ARO:3000662	aro_obo
ARO:3009148	MexJK	triclosan	ARO:3000870	aro_obo
ARO:3003691	MexJK-OpmH	triclosan	ARO:3000870	aro_obo
ARO:3003694	MexJK-OprM	erythromycin	ARO:0000006	aro_obo
ARO:3003694	MexJK-OprM	tetracycline	ARO:0000051	aro_obo
ARO:3003703	MexMN-OprM	chloramphenicol	ARO:3000385	aro_obo
ARO:3003703	MexMN-OprM	thiamphenicol	ARO:3000456	aro_obo
ARO:3003697	MexPQ-OpmE	acriflavine	ARO:0000045	aro_obo
ARO:3003697	MexPQ-OpmE	chloramphenicol	ARO:3000385	aro_obo
ARO:3003697	MexPQ-OpmE	erythromycin	ARO:0000006	aro_obo
ARO:3003697	MexPQ-OpmE	imipenem	ARO:3000170	aro_obo
ARO:3003697	MexPQ-OpmE	kitasamycin	ARO:3001227	aro_obo
ARO:3003697	MexPQ-OpmE	rokitamycin	ARO:3003701	aro_obo
ARO:3003697	MexPQ-OpmE	tetracycline	ARO:0000051	aro_obo
ARO:3003697	MexPQ-OpmE	thiamphenicol	ARO:3000456	aro_obo
ARO:3003697	MexPQ-OpmE	trimethoprim	ARO:3000188	aro_obo
ARO:3003029	MexVW-OprM	acriflavine	ARO:0000045	aro_obo
ARO:3003029	MexVW-OprM	chloramphenicol	ARO:3000385	aro_obo
ARO:3003029	MexVW-OprM	erythromycin	ARO:0000006	aro_obo
ARO:3003029	MexVW-OprM	tetracycline	ARO:0000051	aro_obo
ARO:3003038	MexXY-OprA	amikacin	ARO:0000013	aro_obo
ARO:3003038	MexXY-OprA	arbekacin	ARO:3000654	aro_obo
ARO:3003038	MexXY-OprA	ciprofloxacin	ARO:0000036	aro_obo
ARO:3003038	MexXY-OprA	erythromycin	ARO:0000006	aro_obo
ARO:3003038	MexXY-OprA	gentamicin c	ARO:0000014	aro_obo
ARO:3003038	MexXY-OprA	meropenem	ARO:0000073	aro_obo
ARO:3003038	MexXY-OprA	norfloxacin	ARO:3000662	aro_obo
ARO:3003038	MexXY-OprA	ofloxacin	ARO:3000663	aro_obo
ARO:3003038	MexXY-OprA	tetracycline	ARO:0000051	aro_obo
ARO:3003038	MexXY-OprA	tobramycin	ARO:0000052	aro_obo
ARO:3003032	MexXY-OprM	acriflavine	ARO:0000045	aro_obo
ARO:3003032	MexXY-OprM	amikacin	ARO:0000013	aro_obo
ARO:3003032	MexXY-OprM	chloramphenicol	ARO:3000385	aro_obo
ARO:3003032	MexXY-OprM	ciprofloxacin	ARO:0000036	aro_obo
ARO:3003032	MexXY-OprM	erythromycin	ARO:0000006	aro_obo
ARO:3003032	MexXY-OprM	gentamicin c	ARO:0000014	aro_obo
ARO:3003032	MexXY-OprM	meropenem	ARO:0000073	aro_obo
ARO:3003032	MexXY-OprM	norfloxacin	ARO:3000662	aro_obo
ARO:3003032	MexXY-OprM	ofloxacin	ARO:3000663	aro_obo
ARO:3003032	MexXY-OprM	tetracycline	ARO:0000051	aro_obo
ARO:3003032	MexXY-OprM	tobramycin	ARO:0000052	aro_obo
ARO:3004138	Moraxella catarrhalis 23S rRNA with mutation conferring resistance to macrolide antibiotics	azithromycin	ARO:3000158	aro_obo
ARO:3004138	Moraxella catarrhalis 23S rRNA with mutation conferring resistance to macrolide antibiotics	erythromycin	ARO:0000006	aro_obo
ARO:3004124	Moraxella catarrhalis M35	amoxicillin	ARO:0000064	aro_obo
ARO:3003306	Morganella morganii gyrB conferring resistance to fluoroquinolones	ciprofloxacin	ARO:0000036	aro_obo
ARO:3003306	Morganella morganii gyrB conferring resistance to fluoroquinolones	enoxacin	ARO:0000023	aro_obo
ARO:3003306	Morganella morganii gyrB conferring resistance to fluoroquinolones	gatifloxacin	ARO:3000659	aro_obo
ARO:3003306	Morganella morganii gyrB conferring resistance to fluoroquinolones	grepafloxacin	ARO:3000665	aro_obo
ARO:3003306	Morganella morganii gyrB conferring resistance to fluoroquinolones	levofloxacin	ARO:0000071	aro_obo
ARO:3003306	Morganella morganii gyrB conferring resistance to fluoroquinolones	lomefloxacin	ARO:3000660	aro_obo
ARO:3003306	Morganella morganii gyrB conferring resistance to fluoroquinolones	moxifloxacin	ARO:0000074	aro_obo
ARO:3003306	Morganella morganii gyrB conferring resistance to fluoroquinolones	nalidixic acid	ARO:3000661	aro_obo
ARO:3003306	Morganella morganii gyrB conferring resistance to fluoroquinolones	norfloxacin	ARO:3000662	aro_obo
ARO:3003306	Morganella morganii gyrB conferring resistance to fluoroquinolones	ofloxacin	ARO:3000663	aro_obo
ARO:3003306	Morganella morganii gyrB conferring resistance to fluoroquinolones	pefloxacin	ARO:3000762	aro_obo
ARO:3003306	Morganella morganii gyrB conferring resistance to fluoroquinolones	sparfloxacin	ARO:3000666	aro_obo
ARO:3003306	Morganella morganii gyrB conferring resistance to fluoroquinolones	trovafloxacin	ARO:3000664	aro_obo
ARO:3003839	Mrx	azithromycin	ARO:3000158	aro_obo
ARO:3003839	Mrx	erythromycin	ARO:0000006	aro_obo
ARO:3003839	Mrx	tylosin	ARO:3000145	aro_obo
ARO:3000369	MtrCDE	azithromycin	ARO:3000158	aro_obo
ARO:3000369	MtrCDE	erythromycin	ARO:0000006	aro_obo
ARO:3004076	MuxABC-OpmB	aztreonam	ARO:3000550	aro_obo
ARO:3004076	MuxABC-OpmB	erythromycin	ARO:0000006	aro_obo
ARO:3004076	MuxABC-OpmB	kitasamycin	ARO:3001227	aro_obo
ARO:3004076	MuxABC-OpmB	novobiocin	ARO:3000111	aro_obo
ARO:3004076	MuxABC-OpmB	rokitamycin	ARO:3003701	aro_obo
ARO:3004076	MuxABC-OpmB	tetracycline	ARO:0000051	aro_obo
ARO:3007476	Mycobacterium abscessus atpE with mutation conferring resistance to bedaquiline	bedaquiline	ARO:3004492	aro_obo
ARO:3004164	Mycobacterium avium 23S rRNA with mutation conferring resistance to clarithromycin	clarithromycin	ARO:0000065	aro_obo
ARO:3007473	Mycobacterium avium gyrA with mutation conferring resistance to fluoroquinolone	ciprofloxacin	ARO:0000036	aro_obo
ARO:3007473	Mycobacterium avium gyrA with mutation conferring resistance to fluoroquinolone	levofloxacin	ARO:0000071	aro_obo
ARO:3007473	Mycobacterium avium gyrA with mutation conferring resistance to fluoroquinolone	moxifloxacin	ARO:0000074	aro_obo
ARO:3004167	Mycobacterium intracellulare 23S rRNA with mutation conferring resistance to azithromycin	azithromycin	ARO:3000158	aro_obo
ARO:3004166	Mycobacterium intracellulare 23S rRNA with mutation conferring resistance to clarithromycin	clarithromycin	ARO:0000065	aro_obo
ARO:3004168	Mycobacterium kansasii 23S rRNA with mutation conferring resistance to clarithromycin	clarithromycin	ARO:0000065	aro_obo
ARO:3003389	Mycobacterium leprae folP with mutation conferring resistance to dapsone	dapsone	ARO:3003412	aro_obo
ARO:3003298	Mycobacterium leprae gyrA conferring resistance to fluoroquinolones	ciprofloxacin	ARO:0000036	aro_obo
ARO:3003298	Mycobacterium leprae gyrA conferring resistance to fluoroquinolones	enoxacin	ARO:0000023	aro_obo
ARO:3003298	Mycobacterium leprae gyrA conferring resistance to fluoroquinolones	gatifloxacin	ARO:3000659	aro_obo
ARO:3003298	Mycobacterium leprae gyrA conferring resistance to fluoroquinolones	grepafloxacin	ARO:3000665	aro_obo
ARO:3003298	Mycobacterium leprae gyrA conferring resistance to fluoroquinolones	levofloxacin	ARO:0000071	aro_obo
ARO:3003298	Mycobacterium leprae gyrA conferring resistance to fluoroquinolones	lomefloxacin	ARO:3000660	aro_obo
ARO:3003298	Mycobacterium leprae gyrA conferring resistance to fluoroquinolones	moxifloxacin	ARO:0000074	aro_obo
ARO:3003298	Mycobacterium leprae gyrA conferring resistance to fluoroquinolones	nalidixic acid	ARO:3000661	aro_obo
ARO:3003298	Mycobacterium leprae gyrA conferring resistance to fluoroquinolones	norfloxacin	ARO:3000662	aro_obo
ARO:3003298	Mycobacterium leprae gyrA conferring resistance to fluoroquinolones	ofloxacin	ARO:3000663	aro_obo
ARO:3003298	Mycobacterium leprae gyrA conferring resistance to fluoroquinolones	pefloxacin	ARO:3000762	aro_obo
ARO:3003298	Mycobacterium leprae gyrA conferring resistance to fluoroquinolones	sparfloxacin	ARO:3000666	aro_obo
ARO:3003298	Mycobacterium leprae gyrA conferring resistance to fluoroquinolones	trovafloxacin	ARO:3000664	aro_obo
ARO:3003304	Mycobacterium leprae gyrB conferring resistance to fluoroquinolones	ciprofloxacin	ARO:0000036	aro_obo
ARO:3003304	Mycobacterium leprae gyrB conferring resistance to fluoroquinolones	enoxacin	ARO:0000023	aro_obo
ARO:3003304	Mycobacterium leprae gyrB conferring resistance to fluoroquinolones	gatifloxacin	ARO:3000659	aro_obo
ARO:3003304	Mycobacterium leprae gyrB conferring resistance to fluoroquinolones	grepafloxacin	ARO:3000665	aro_obo
ARO:3003304	Mycobacterium leprae gyrB conferring resistance to fluoroquinolones	levofloxacin	ARO:0000071	aro_obo
ARO:3003304	Mycobacterium leprae gyrB conferring resistance to fluoroquinolones	lomefloxacin	ARO:3000660	aro_obo
ARO:3003304	Mycobacterium leprae gyrB conferring resistance to fluoroquinolones	moxifloxacin	ARO:0000074	aro_obo
ARO:3003304	Mycobacterium leprae gyrB conferring resistance to fluoroquinolones	nalidixic acid	ARO:3000661	aro_obo
ARO:3003304	Mycobacterium leprae gyrB conferring resistance to fluoroquinolones	norfloxacin	ARO:3000662	aro_obo
ARO:3003304	Mycobacterium leprae gyrB conferring resistance to fluoroquinolones	ofloxacin	ARO:3000663	aro_obo
ARO:3003304	Mycobacterium leprae gyrB conferring resistance to fluoroquinolones	pefloxacin	ARO:3000762	aro_obo
ARO:3003304	Mycobacterium leprae gyrB conferring resistance to fluoroquinolones	sparfloxacin	ARO:3000666	aro_obo
ARO:3003304	Mycobacterium leprae gyrB conferring resistance to fluoroquinolones	trovafloxacin	ARO:3000664	aro_obo
ARO:3003284	Mycobacterium leprae rpoB mutations conferring resistance to rifampicin	rifabutin	ARO:3000530	aro_obo
ARO:3003284	Mycobacterium leprae rpoB mutations conferring resistance to rifampicin	rifampin	ARO:3000169	aro_obo
ARO:3003284	Mycobacterium leprae rpoB mutations conferring resistance to rifampicin	rifapentine	ARO:3000534	aro_obo
ARO:3003284	Mycobacterium leprae rpoB mutations conferring resistance to rifampicin	rifaximin	ARO:3000517	aro_obo
ARO:3007536	Mycobacterium tuberculosis 16S rRNA (rrnS) mutation conferring resistance to amikacin	kanamycin a	ARO:0000049	aro_obo
ARO:3007537	Mycobacterium tuberculosis 16S rRNA (rrnS) mutation conferring resistance to kanamycin	amikacin	ARO:0000013	aro_obo
ARO:3003481	Mycobacterium tuberculosis 16S rRNA mutation conferring resistance to amikacin	amikacin	ARO:0000013	aro_obo
ARO:3004853	Mycobacterium tuberculosis 16S rRNA mutation conferring resistance to capreomycin	capreomycin	ARO:3003993	aro_obo
ARO:3003436	Mycobacterium tuberculosis 16S rRNA mutation conferring resistance to kanamycin	kanamycin a	ARO:0000049	aro_obo
ARO:3003480	Mycobacterium tuberculosis 16S rRNA mutation conferring resistance to streptomycin	streptomycin	ARO:0000040	aro_obo
ARO:3003437	Mycobacterium tuberculosis 16S rRNA mutation conferring resistance to viomycin	viomycin	ARO:0000018	aro_obo
ARO:3004937	Mycobacterium tuberculosis 23S rRNA mutation conferring resistance to capreomycin	capreomycin	ARO:3003993	aro_obo
ARO:3004981	Mycobacterium tuberculosis Rv0191 mutations confer resistance to pyrazinamide	pyrazinamide	ARO:3003413	aro_obo
ARO:3004955	Mycobacterium tuberculosis Rv0565c mutation conferring resistance to ethionamide	ethionamide	ARO:3003474	aro_obo
ARO:3007674	Mycobacterium tuberculosis Rv0678 with mutation conferring resistance to bedaquiline	bedaquiline	ARO:3004492	aro_obo
ARO:3007852	Mycobacterium tuberculosis Rv0678 with mutation conferring resistance to clofazimine	clofazimine	ARO:3004012	aro_obo
ARO:3007185	Mycobacterium tuberculosis Rv1258c mutations confer resistance to ethambutol and capreomycin	capreomycin	ARO:3003993	aro_obo
ARO:3007185	Mycobacterium tuberculosis Rv1258c mutations confer resistance to ethambutol and capreomycin	ethambutol	ARO:3000497	aro_obo
ARO:3007186	Mycobacterium tuberculosis Rv1258c mutations confer resistance to pyrazinamide, isoniazid, and streptomycin	isoniazid	ARO:3000520	aro_obo
ARO:3007186	Mycobacterium tuberculosis Rv1258c mutations confer resistance to pyrazinamide, isoniazid, and streptomycin	pyrazinamide	ARO:3003413	aro_obo
ARO:3007186	Mycobacterium tuberculosis Rv1258c mutations confer resistance to pyrazinamide, isoniazid, and streptomycin	streptomycin	ARO:0000040	aro_obo
ARO:3004971	Mycobacterium tuberculosis Rv1258c mutations confer resistance to streptomycin	streptomycin	ARO:0000040	aro_obo
ARO:3004984	Mycobacterium tuberculosis Rv1667 mutations confer resistance to pyrazinamide	pyrazinamide	ARO:3003413	aro_obo
ARO:3007692	Mycobacterium tuberculosis Rv2535c with mutation conferring resistance to bedaquiline	bedaquiline	ARO:3004492	aro_obo
ARO:3007692	Mycobacterium tuberculosis Rv2535c with mutation conferring resistance to bedaquiline	clofazimine	ARO:3004012	aro_obo
ARO:3004987	Mycobacterium tuberculosis Rv2731 mutations confer resistance to pyrazinamide	pyrazinamide	ARO:3003413	aro_obo
ARO:3004993	Mycobacterium tuberculosis Rv3169 mutations confer resistance to pyrazinamide	pyrazinamide	ARO:3003413	aro_obo
ARO:3004951	Mycobacterium tuberculosis aftA mutations confer resistance to ethambutol	ethambutol	ARO:3000497	aro_obo
ARO:3004921	Mycobacterium tuberculosis ahpC mutations confer resistance to isoniazid	isoniazid	ARO:3000520	aro_obo
ARO:3004945	Mycobacterium tuberculosis ald mutations confer resistance to cycloserine	cycloserine	ARO:3000760	aro_obo
ARO:3004947	Mycobacterium tuberculosis alr with mutation conferring resistance to cycloserine	cycloserine	ARO:3000760	aro_obo
ARO:3007854	Mycobacterium tuberculosis atpE with mutation conferring resistance to bedaquiline	bedaquiline	ARO:3004492	aro_obo
ARO:3004957	Mycobacterium tuberculosis clpC1 with mutation conferring resistance to pyrazinamide	pyrazinamide	ARO:3003413	aro_obo
ARO:3004941	Mycobacterium tuberculosis ddlA mutations confer resistance to cycloserine	cycloserine	ARO:3000760	aro_obo
ARO:3007661	Mycobacterium tuberculosis ddn mutation conferring resistance to nitroimidazole antibiotics	delamanid	ARO:3004490	aro_obo
ARO:3007661	Mycobacterium tuberculosis ddn mutation conferring resistance to nitroimidazole antibiotics	pretomanid	ARO:3007535	aro_obo
ARO:3004918	Mycobacterium tuberculosis eccB5 conferring resistance to fluoroquinolones	ofloxacin	ARO:3000663	aro_obo
ARO:3004919	Mycobacterium tuberculosis eccC5 conferring resistance to fluoroquinolones	moxifloxacin	ARO:0000074	aro_obo
ARO:3004919	Mycobacterium tuberculosis eccC5 conferring resistance to fluoroquinolones	ofloxacin	ARO:3000663	aro_obo
ARO:3004963	Mycobacterium tuberculosis eis mutations confer resistance to kanamycin	kanamycin a	ARO:0000049	aro_obo
ARO:3003453	Mycobacterium tuberculosis embA mutant conferring resistance to ethambutol	ethambutol	ARO:3000497	aro_obo
ARO:3003326	Mycobacterium tuberculosis embB mutant conferring resistance to ethambutol	ethambutol	ARO:3000497	aro_obo
ARO:3003465	Mycobacterium tuberculosis embB with mutation conferring resistance to rifampicin	rifampin	ARO:3000169	aro_obo
ARO:3003327	Mycobacterium tuberculosis embC mutant conferring resistance to ethambutol	ethambutol	ARO:3000497	aro_obo
ARO:3003455	Mycobacterium tuberculosis embR mutant conferring resistance to ethambutol	ethambutol	ARO:3000497	aro_obo
ARO:3005105	Mycobacterium tuberculosis ethA mutations conferring resistance to isoniazid	isoniazid	ARO:3000520	aro_obo
ARO:3005178	Mycobacterium tuberculosis ethA mutations conferring resistance to perchlozone	perchlozone	ARO:3005175	aro_obo
ARO:3005106	Mycobacterium tuberculosis ethA mutations conferring resistance to prothionamide	prothionamide	ARO:3004025	aro_obo
ARO:3003458	Mycobacterium tuberculosis ethA with mutation conferring resistance to ethionamide	ethionamide	ARO:3003474	aro_obo
ARO:3004933	Mycobacterium tuberculosis fabG1 mutation conferring resistance to ethionamide	ethionamide	ARO:3003474	aro_obo
ARO:3004922	Mycobacterium tuberculosis fabG1 mutations confer resistance to isoniazid	isoniazid	ARO:3000520	aro_obo
ARO:3007811	Mycobacterium tuberculosis fabG1 with mutations conferring resistance to prothionamide	prothionamide	ARO:3004025	aro_obo
ARO:3007849	Mycobacterium tuberculosis fgd1 with mutation conferring resistance to delamanid	delamanid	ARO:3004490	aro_obo
ARO:3004157	Mycobacterium tuberculosis folC with mutation conferring resistance to para-aminosalicylic acid	para-aminosalicylic acid	ARO:3004019	aro_obo
ARO:3004923	Mycobacterium tuberculosis furA mutations confer resistance to isoniazid	isoniazid	ARO:3000520	aro_obo
ARO:3003470	Mycobacterium tuberculosis gidB mutation conferring resistance to streptomycin	streptomycin	ARO:0000040	aro_obo
ARO:3004977	Mycobacterium tuberculosis gpsI with mutations conferring resistance to pyrazinamide	pyrazinamide	ARO:3003413	aro_obo
ARO:3003295	Mycobacterium tuberculosis gyrA conferring resistance to fluoroquinolones	ciprofloxacin	ARO:0000036	aro_obo
ARO:3003295	Mycobacterium tuberculosis gyrA conferring resistance to fluoroquinolones	enoxacin	ARO:0000023	aro_obo
ARO:3003295	Mycobacterium tuberculosis gyrA conferring resistance to fluoroquinolones	gatifloxacin	ARO:3000659	aro_obo
ARO:3003295	Mycobacterium tuberculosis gyrA conferring resistance to fluoroquinolones	grepafloxacin	ARO:3000665	aro_obo
ARO:3003295	Mycobacterium tuberculosis gyrA conferring resistance to fluoroquinolones	levofloxacin	ARO:0000071	aro_obo
ARO:3003295	Mycobacterium tuberculosis gyrA conferring resistance to fluoroquinolones	lomefloxacin	ARO:3000660	aro_obo
ARO:3003295	Mycobacterium tuberculosis gyrA conferring resistance to fluoroquinolones	moxifloxacin	ARO:0000074	aro_obo
ARO:3003295	Mycobacterium tuberculosis gyrA conferring resistance to fluoroquinolones	nalidixic acid	ARO:3000661	aro_obo
ARO:3003295	Mycobacterium tuberculosis gyrA conferring resistance to fluoroquinolones	norfloxacin	ARO:3000662	aro_obo
ARO:3003295	Mycobacterium tuberculosis gyrA conferring resistance to fluoroquinolones	ofloxacin	ARO:3000663	aro_obo
ARO:3003295	Mycobacterium tuberculosis gyrA conferring resistance to fluoroquinolones	pefloxacin	ARO:3000762	aro_obo
ARO:3003295	Mycobacterium tuberculosis gyrA conferring resistance to fluoroquinolones	sparfloxacin	ARO:3000666	aro_obo
ARO:3003295	Mycobacterium tuberculosis gyrA conferring resistance to fluoroquinolones	trovafloxacin	ARO:3000664	aro_obo
ARO:3007809	Mycobacterium tuberculosis gyrA mutations conferring resistance to levofloxacin	levofloxacin	ARO:0000071	aro_obo
ARO:3007806	Mycobacterium tuberculosis gyrA mutations conferring resistance to moxifloxacin	moxifloxacin	ARO:0000074	aro_obo
ARO:3007807	Mycobacterium tuberculosis gyrA mutations conferring resistance to ofloxacin	ofloxacin	ARO:3000663	aro_obo
ARO:3003459	Mycobacterium tuberculosis gyrB mutant conferring resistance to fluoroquinolones	enoxacin	ARO:0000023	aro_obo
ARO:3003459	Mycobacterium tuberculosis gyrB mutant conferring resistance to fluoroquinolones	gatifloxacin	ARO:3000659	aro_obo
ARO:3003459	Mycobacterium tuberculosis gyrB mutant conferring resistance to fluoroquinolones	grepafloxacin	ARO:3000665	aro_obo
ARO:3003459	Mycobacterium tuberculosis gyrB mutant conferring resistance to fluoroquinolones	levofloxacin	ARO:0000071	aro_obo
ARO:3003459	Mycobacterium tuberculosis gyrB mutant conferring resistance to fluoroquinolones	lomefloxacin	ARO:3000660	aro_obo
ARO:3003459	Mycobacterium tuberculosis gyrB mutant conferring resistance to fluoroquinolones	moxifloxacin	ARO:0000074	aro_obo
ARO:3003459	Mycobacterium tuberculosis gyrB mutant conferring resistance to fluoroquinolones	nalidixic acid	ARO:3000661	aro_obo
ARO:3003459	Mycobacterium tuberculosis gyrB mutant conferring resistance to fluoroquinolones	norfloxacin	ARO:3000662	aro_obo
ARO:3003459	Mycobacterium tuberculosis gyrB mutant conferring resistance to fluoroquinolones	ofloxacin	ARO:3000663	aro_obo
ARO:3003459	Mycobacterium tuberculosis gyrB mutant conferring resistance to fluoroquinolones	pefloxacin	ARO:3000762	aro_obo
ARO:3003459	Mycobacterium tuberculosis gyrB mutant conferring resistance to fluoroquinolones	sparfloxacin	ARO:3000666	aro_obo
ARO:3003459	Mycobacterium tuberculosis gyrB mutant conferring resistance to fluoroquinolones	trovafloxacin	ARO:3000664	aro_obo
ARO:3007810	Mycobacterium tuberculosis gyrB mutations conferring resistance to levofloxacin	levofloxacin	ARO:0000071	aro_obo
ARO:3007808	Mycobacterium tuberculosis gyrB mutations conferring resistance to ofloxacin	ofloxacin	ARO:3000663	aro_obo
ARO:3004924	Mycobacterium tuberculosis inbR mutations conferring resistance to isoniazid	isoniazid	ARO:3000520	aro_obo
ARO:3004876	Mycobacterium tuberculosis inhA mutations conferring resistance to ethionamide	ethionamide	ARO:3003474	aro_obo
ARO:3003393	Mycobacterium tuberculosis inhA mutations conferring resistance to isoniazid	isoniazid	ARO:3000520	aro_obo
ARO:3003448	Mycobacterium tuberculosis iniA mutant conferring resistance to ethambutol	ethambutol	ARO:3000497	aro_obo
ARO:3007798	Mycobacterium tuberculosis iniA mutations conferring resistance to isoniazid	isoniazid	ARO:3000520	aro_obo
ARO:3004135	Mycobacterium tuberculosis iniB with mutation conferring resistance to ethambutol	ethambutol	ARO:3000497	aro_obo
ARO:3003451	Mycobacterium tuberculosis iniC mutant conferring resistance to ethambutol	ethambutol	ARO:3000497	aro_obo
ARO:3003784	Mycobacterium tuberculosis intrinsic murA conferring resistance to fosfomycin	fosfomycin	ARO:0000025	aro_obo
ARO:3003463	Mycobacterium tuberculosis kasA mutant conferring resistance to isoniazid	isoniazid	ARO:3000520	aro_obo
ARO:3003392	Mycobacterium tuberculosis katG mutations conferring resistance to isoniazid	isoniazid	ARO:3000520	aro_obo
ARO:3005102	Mycobacterium tuberculosis katG mutations conferring resistance to prothionamide	prothionamide	ARO:3004025	aro_obo
ARO:3004978	Mycobacterium tuberculosis mas mutations confer resistance to pyrazinamide	pyrazinamide	ARO:3003413	aro_obo
ARO:3004929	Mycobacterium tuberculosis mmaA3 mutations conferring resistance to isoniazid	isoniazid	ARO:3000520	aro_obo
ARO:3004925	Mycobacterium tuberculosis mshA mutations conferring resistance to isoniazid	isoniazid	ARO:3000520	aro_obo
ARO:3005108	Mycobacterium tuberculosis mshA mutations conferring resistance to prothionamide	prothionamide	ARO:3004025	aro_obo
ARO:3004934	Mycobacterium tuberculosis mshC mutations conferring resistance to ethionamide	ethionamide	ARO:3003474	aro_obo
ARO:3004927	Mycobacterium tuberculosis mshC mutations conferring resistance to isoniazid	isoniazid	ARO:3000520	aro_obo
ARO:3004928	Mycobacterium tuberculosis mymA mutations conferring resistance to isoniazid	isoniazid	ARO:3000520	aro_obo
ARO:3004930	Mycobacterium tuberculosis nat mutations conferring resistance to isoniazid	isoniazid	ARO:3000520	aro_obo
ARO:3003461	Mycobacterium tuberculosis ndh with mutation conferring resistance to isoniazid	isoniazid	ARO:3000520	aro_obo
ARO:3004935	Mycobacterium tuberculosis nudC mutations conferring resistance to ethionamide	ethionamide	ARO:3003474	aro_obo
ARO:3004931	Mycobacterium tuberculosis nudC mutations conferring resistance to isoniazid	isoniazid	ARO:3000520	aro_obo
ARO:3003394	Mycobacterium tuberculosis pncA mutations conferring resistance to pyrazinamide	pyrazinamide	ARO:3003413	aro_obo
ARO:3004960	Mycobacterium tuberculosis ponA1 mutations conferring resistance to rifabutin	rifabutin	ARO:3000530	aro_obo
ARO:3004960	Mycobacterium tuberculosis ponA1 mutations conferring resistance to rifabutin	rifampin	ARO:3000169	aro_obo
ARO:3004975	Mycobacterium tuberculosis ppsC mutations confer resistance to pyrazinamide	pyrazinamide	ARO:3003413	aro_obo
ARO:3004976	Mycobacterium tuberculosis ppsD mutations confer resistance to pyrazinamide	pyrazinamide	ARO:3003413	aro_obo
ARO:3004184	Mycobacterium tuberculosis ribD with mutation conferring resistance to para-aminosalicylic acid	para-aminosalicylic acid	ARO:3004019	aro_obo
ARO:3004999	Mycobacterium tuberculosis rpoA mutations confer resistance to rifampicin	rifampin	ARO:3000169	aro_obo
ARO:3003283	Mycobacterium tuberculosis rpoB with mutations conferring resistance to rifampicin	rifabutin	ARO:3000530	aro_obo
ARO:3003283	Mycobacterium tuberculosis rpoB with mutations conferring resistance to rifampicin	rifampin	ARO:3000169	aro_obo
ARO:3003283	Mycobacterium tuberculosis rpoB with mutations conferring resistance to rifampicin	rifapentine	ARO:3000534	aro_obo
ARO:3003283	Mycobacterium tuberculosis rpoB with mutations conferring resistance to rifampicin	rifaximin	ARO:3000517	aro_obo
ARO:3004994	Mycobacterium tuberculosis rpoC mutations confer resistance to rifampicin	rifabutin	ARO:3000530	aro_obo
ARO:3004994	Mycobacterium tuberculosis rpoC mutations confer resistance to rifampicin	rifampin	ARO:3000169	aro_obo
ARO:3004721	Mycobacterium tuberculosis rpsA mutations conferring resistance to pyrazinamide	pyrazinamide	ARO:3003413	aro_obo
ARO:3003395	Mycobacterium tuberculosis rpsL mutations conferring resistance to Streptomycin	streptomycin	ARO:0000040	aro_obo
ARO:3004932	Mycobacterium tuberculosis sigI mutations conferring resistance to isoniazid	isoniazid	ARO:3000520	aro_obo
ARO:3004153	Mycobacterium tuberculosis thyA with mutation conferring resistance to para-aminosalicylic acid	para-aminosalicylic acid	ARO:3004019	aro_obo
ARO:3003445	Mycobacterium tuberculosis tlyA mutations conferring resistance to aminoglycosides	capreomycin	ARO:3003993	aro_obo
ARO:3003445	Mycobacterium tuberculosis tlyA mutations conferring resistance to aminoglycosides	streptomycin	ARO:0000040	aro_obo
ARO:3007805	Mycobacterium tuberculosis tlyA mutations conferring resistance to capreomycin	capreomycin	ARO:3003993	aro_obo
ARO:3004950	Mycobacterium tuberculosis ubiA mutations confer resistance to ethambutol	ethambutol	ARO:3000497	aro_obo
ARO:3003325	Mycobacterium tuberculosis variant bovis embB with mutation conferring resistance to ethambutol	ethambutol	ARO:3000497	aro_obo
ARO:3003779	Mycobacterium tuberculosis variant bovis ndh with mutation conferring resistance to isoniazid	isoniazid	ARO:3000520	aro_obo
ARO:3004968	Mycobacterium tuberculosis whib7 mutation conferring resistance to streptomycin	streptomycin	ARO:0000040	aro_obo
ARO:3004967	Mycobacterium tuberculosis whib7 mutations confer resistance to kanamycin	kanamycin a	ARO:0000049	aro_obo
ARO:3003239	Mycobacteroides abscessus 16S rRNA mutation conferring resistance to amikacin	amikacin	ARO:0000013	aro_obo
ARO:3003240	Mycobacteroides abscessus 16S rRNA mutation conferring resistance to gentamicin	gentamicin c	ARO:0000014	aro_obo
ARO:3003236	Mycobacteroides abscessus 16S rRNA mutation conferring resistance to kanamycin	kanamycin a	ARO:0000049	aro_obo
ARO:3003238	Mycobacteroides abscessus 16S rRNA mutation conferring resistance to neomycin	neomycin	ARO:0000005	aro_obo
ARO:3003237	Mycobacteroides abscessus 16S rRNA mutation conferring resistance to tobramycin	tobramycin	ARO:0000052	aro_obo
ARO:3004163	Mycobacteroides abscessus 23S rRNA with mutation conferring resistance to clarithromycin	clarithromycin	ARO:0000065	aro_obo
ARO:3003514	Mycobacteroides chelonae 16S rRNA mutation conferring resistance to amikacin	amikacin	ARO:0000013	aro_obo
ARO:3003517	Mycobacteroides chelonae 16S rRNA mutation conferring resistance to gentamicin C	gentamicin c	ARO:0000014	aro_obo
ARO:3003515	Mycobacteroides chelonae 16S rRNA mutation conferring resistance to kanamycin A	kanamycin a	ARO:0000049	aro_obo
ARO:3003518	Mycobacteroides chelonae 16S rRNA mutation conferring resistance to neomycin	neomycin	ARO:0000005	aro_obo
ARO:3003516	Mycobacteroides chelonae 16S rRNA mutation conferring resistance to tobramycin	tobramycin	ARO:0000052	aro_obo
ARO:3004165	Mycobacteroides chelonae 23S rRNA with mutation conferring resistance to clarithromycin	clarithromycin	ARO:0000065	aro_obo
ARO:3003539	Mycolicibacterium smegmatis 16S rRNA (rrsA) mutation conferring resistance to hygromycin B	hygromycin b	ARO:3000214	aro_obo
ARO:3003543	Mycolicibacterium smegmatis 16S rRNA (rrsA) mutation conferring resistance to kanamycin A	kanamycin a	ARO:0000049	aro_obo
ARO:3003544	Mycolicibacterium smegmatis 16S rRNA (rrsA) mutation conferring resistance to neomycin	neomycin	ARO:0000005	aro_obo
ARO:3003546	Mycolicibacterium smegmatis 16S rRNA (rrsA) mutation conferring resistance to viomycin	viomycin	ARO:0000018	aro_obo
ARO:3003540	Mycolicibacterium smegmatis 16S rRNA (rrsB) mutation conferring resistance to hygromycin B	hygromycin b	ARO:3000214	aro_obo
ARO:3003542	Mycolicibacterium smegmatis 16S rRNA (rrsB) mutation conferring resistance to kanamycin A	kanamycin a	ARO:0000049	aro_obo
ARO:3003545	Mycolicibacterium smegmatis 16S rRNA (rrsB) mutation conferring resistance to neomycin	neomycin	ARO:0000005	aro_obo
ARO:3003541	Mycolicibacterium smegmatis 16S rRNA (rrsB) mutation conferring resistance to streptomycin	streptomycin	ARO:0000040	aro_obo
ARO:3003547	Mycolicibacterium smegmatis 16S rRNA (rrsB) mutation conferring resistance to viomycin	viomycin	ARO:0000018	aro_obo
ARO:3004169	Mycolicibacterium smegmatis 23S rRNA with mutation conferring resistance to clarithromycin	clarithromycin	ARO:0000065	aro_obo
ARO:3003778	Mycolicibacterium smegmatis ndh with mutation conferring resistance to isoniazid	isoniazid	ARO:3000520	aro_obo
ARO:3004159	Mycoplasma gallisepticum 23S rRNA mutation conferring resistance to pleuromutilin antibiotics	pleuromutilin	ARO:3001317	aro_obo
ARO:3004616	Mycoplasma genitalium 23S rRNA mutations confers resistance to fluoroquinolone and macrolide antibiotics	azithromycin	ARO:3000158	aro_obo
ARO:3004616	Mycoplasma genitalium 23S rRNA mutations confers resistance to fluoroquinolone and macrolide antibiotics	moxifloxacin	ARO:0000074	aro_obo
ARO:3004631	Mycoplasma genitalium gyrA mutation confers resistance to fluoroquinolones	moxifloxacin	ARO:0000074	aro_obo
ARO:3004630	Mycoplasma genitalium parC mutations confers resistance to Moxifloxacin	moxifloxacin	ARO:0000074	aro_obo
ARO:3004176	Mycoplasma hominis 23S rRNA with mutation conferring resistance to macrolide antibiotics	azithromycin	ARO:3000158	aro_obo
ARO:3004176	Mycoplasma hominis 23S rRNA with mutation conferring resistance to macrolide antibiotics	clarithromycin	ARO:0000065	aro_obo
ARO:3004176	Mycoplasma hominis 23S rRNA with mutation conferring resistance to macrolide antibiotics	erythromycin	ARO:0000006	aro_obo
ARO:3004176	Mycoplasma hominis 23S rRNA with mutation conferring resistance to macrolide antibiotics	spiramycin	ARO:3000156	aro_obo
ARO:3004176	Mycoplasma hominis 23S rRNA with mutation conferring resistance to macrolide antibiotics	telithromycin	ARO:0000057	aro_obo
ARO:3004176	Mycoplasma hominis 23S rRNA with mutation conferring resistance to macrolide antibiotics	tylosin	ARO:3000145	aro_obo
ARO:3003310	Mycoplasma hominis parC conferring resistance to fluoroquinolones	ciprofloxacin	ARO:0000036	aro_obo
ARO:3003310	Mycoplasma hominis parC conferring resistance to fluoroquinolones	enoxacin	ARO:0000023	aro_obo
ARO:3003310	Mycoplasma hominis parC conferring resistance to fluoroquinolones	gatifloxacin	ARO:3000659	aro_obo
ARO:3003310	Mycoplasma hominis parC conferring resistance to fluoroquinolones	grepafloxacin	ARO:3000665	aro_obo
ARO:3003310	Mycoplasma hominis parC conferring resistance to fluoroquinolones	levofloxacin	ARO:0000071	aro_obo
ARO:3003310	Mycoplasma hominis parC conferring resistance to fluoroquinolones	lomefloxacin	ARO:3000660	aro_obo
ARO:3003310	Mycoplasma hominis parC conferring resistance to fluoroquinolones	moxifloxacin	ARO:0000074	aro_obo
ARO:3003310	Mycoplasma hominis parC conferring resistance to fluoroquinolones	nalidixic acid	ARO:3000661	aro_obo
ARO:3003310	Mycoplasma hominis parC conferring resistance to fluoroquinolones	norfloxacin	ARO:3000662	aro_obo
ARO:3003310	Mycoplasma hominis parC conferring resistance to fluoroquinolones	ofloxacin	ARO:3000663	aro_obo
ARO:3003310	Mycoplasma hominis parC conferring resistance to fluoroquinolones	pefloxacin	ARO:3000762	aro_obo
ARO:3003310	Mycoplasma hominis parC conferring resistance to fluoroquinolones	sparfloxacin	ARO:3000666	aro_obo
ARO:3003310	Mycoplasma hominis parC conferring resistance to fluoroquinolones	trovafloxacin	ARO:3000664	aro_obo
ARO:3004179	Mycoplasma pneumoniae 23S rRNA mutation conferring resistance to erythromycin	erythromycin	ARO:0000006	aro_obo
ARO:3004177	Mycoplasmopsis fermentans 23S rRNA with mutation conferring resistance to macrolide antibiotics	clarithromycin	ARO:0000065	aro_obo
ARO:3004177	Mycoplasmopsis fermentans 23S rRNA with mutation conferring resistance to macrolide antibiotics	erythromycin	ARO:0000006	aro_obo
ARO:3000589	NDM-1	ertapenem	ARO:0000070	aro_obo
ARO:3000589	NDM-1	imipenem	ARO:3000170	aro_obo
ARO:3000589	NDM-1	meropenem	ARO:0000073	aro_obo
ARO:3007023	NDM-33	ceftazidime	ARO:0000060	aro_obo
ARO:3007023	NDM-33	ciprofloxacin	ARO:0000036	aro_obo
ARO:3002355	NDM-4	ticarcillin	ARO:3003832	aro_obo
ARO:3000467	NDM-5	cefoxitin	ARO:0000008	aro_obo
ARO:3000467	NDM-5	ceftazidime	ARO:0000060	aro_obo
ARO:3000467	NDM-5	ertapenem	ARO:0000070	aro_obo
ARO:3002359	NDM-9	cefepime-taniborbactam	ARO:3007148	aro_obo
ARO:3003495	Neisseria gonorrhoeae 16S rRNA mutation conferring resistance to spectinomycin	spectinomycin	ARO:0000039	aro_obo
ARO:3004836	Neisseria gonorrhoeae 23S rRNA with mutation conferring resistance to azithromycin	azithromycin	ARO:3000158	aro_obo
ARO:3004832	Neisseria gonorrhoeae PBP2 conferring resistance to beta-lactam antibiotics	cefixime	ARO:3000646	aro_obo
ARO:3004832	Neisseria gonorrhoeae PBP2 conferring resistance to beta-lactam antibiotics	ceftriaxone	ARO:0000062	aro_obo
ARO:3004873	Neisseria gonorrhoeae folP with mutation conferring resistance to sulfonamides	sulfisoxazole	ARO:3000330	aro_obo
ARO:3003928	Neisseria gonorrhoeae gyrA with mutations conferring resistance to fluoroquinolones	ciprofloxacin	ARO:0000036	aro_obo
ARO:3003928	Neisseria gonorrhoeae gyrA with mutations conferring resistance to fluoroquinolones	sitafloxacin	ARO:3003690	aro_obo
ARO:3004859	Neisseria gonorrhoeae gyrB conferring resistance to zoliflodacin	zoliflodacin	ARO:3004858	aro_obo
ARO:3004851	Neisseria gonorrhoeae mtrR with mutation conferring resistance	azithromycin	ARO:3000158	aro_obo
ARO:3004851	Neisseria gonorrhoeae mtrR with mutation conferring resistance	erythromycin	ARO:0000006	aro_obo
ARO:3003929	Neisseria gonorrhoeae parC conferring resistance to fluoroquinolones	ciprofloxacin	ARO:0000036	aro_obo
ARO:3003929	Neisseria gonorrhoeae parC conferring resistance to fluoroquinolones	sitafloxacin	ARO:3003690	aro_obo
ARO:3004835	Neisseria gonorrhoeae pilQ gene conferring resistance to beta-lactam	ceftriaxone	ARO:0000062	aro_obo
ARO:3000464	Neisseria gonorrhoeae porin PIB (por)	tetracycline	ARO:0000051	aro_obo
ARO:3004956	Neisseria gonorrhoeae rpld	azithromycin	ARO:3000158	aro_obo
ARO:3003497	Neisseria meningitidis 16S rRNA mutation conferring resistance to spectinomycin	spectinomycin	ARO:0000039	aro_obo
ARO:3003937	Neisseria meningititis PBP2 conferring resistance to beta-lactam	cefixime	ARO:3000646	aro_obo
ARO:3003937	Neisseria meningititis PBP2 conferring resistance to beta-lactam	ceftriaxone	ARO:0000062	aro_obo
ARO:3007646	Neobacillus vireti vmlR2	a201a	ARO:3007639	aro_obo
ARO:3007646	Neobacillus vireti vmlR2	iboxamycin	ARO:3007636	aro_obo
ARO:3007646	Neobacillus vireti vmlR2	retapamulin	ARO:3001314	aro_obo
ARO:3007646	Neobacillus vireti vmlR2	tiamulin	ARO:3000671	aro_obo
ARO:3007646	Neobacillus vireti vmlR2	virginiamycin m1	ARO:3000669	aro_obo
ARO:3003589	NmcA	ampicillin	ARO:3000637	aro_obo
ARO:3003589	NmcA	cefazolin	ARO:0000058	aro_obo
ARO:3003589	NmcA	cefoxitin	ARO:0000008	aro_obo
ARO:3007210	Nocardia farcinica rox	rifampin	ARO:3000169	aro_obo
ARO:3000017	OXA beta-lactamase	oxacillin	ARO:0000056	aro_obo
ARO:3001396	OXA-1	amoxicillin	ARO:0000064	aro_obo
ARO:3001396	OXA-1	ampicillin	ARO:3000637	aro_obo
ARO:3001396	OXA-1	cefalotin	ARO:3000704	aro_obo
ARO:3001396	OXA-1	piperacillin	ARO:0000078	aro_obo
ARO:3007561	OXA-1038	meropenem	ARO:0000073	aro_obo
ARO:3007562	OXA-1039	meropenem	ARO:0000073	aro_obo
ARO:3001397	OXA-2	amoxicillin	ARO:0000064	aro_obo
ARO:3001397	OXA-2	ampicillin	ARO:3000637	aro_obo
ARO:3001397	OXA-2	ceftazidime	ARO:0000060	aro_obo
ARO:3001419	OXA-24	bal30072	ARO:3003821	aro_obo
ARO:3001782	OXA-48	temocillin	ARO:3003831	aro_obo
ARO:3001796	OXA-50	ampicillin	ARO:3000637	aro_obo
ARO:3001796	OXA-50	cefalotin	ARO:3000704	aro_obo
ARO:3001612	OXA-51	bal30072	ARO:3003821	aro_obo
ARO:3005044	OmpA	defensin	ARO:3000693	aro_obo
ARO:3005044	OmpA	polymyxin b	ARO:3000454	aro_obo
ARO:3007199	PAM-1	ceftazidime	ARO:0000060	aro_obo
ARO:3007199	PAM-1	doripenem	ARO:3000640	aro_obo
ARO:3007200	PAM-2	ceftazidime	ARO:0000060	aro_obo
ARO:3002509	PDC-10	ceftazidime	ARO:0000060	aro_obo
ARO:3002500	PDC-3	ampicillin	ARO:3000637	aro_obo
ARO:3002500	PDC-3	cefalotin	ARO:3000704	aro_obo
ARO:3002500	PDC-3	cefazolin	ARO:0000058	aro_obo
ARO:3002500	PDC-3	cefixime	ARO:3000646	aro_obo
ARO:3002500	PDC-3	cefoxitin	ARO:0000008	aro_obo
ARO:3002500	PDC-3	ceftazidime	ARO:0000060	aro_obo
ARO:3002500	PDC-3	ceftriaxone	ARO:0000062	aro_obo
ARO:3002502	PDC-5	ampicillin	ARO:3000637	aro_obo
ARO:3002502	PDC-5	cefalotin	ARO:3000704	aro_obo
ARO:3002502	PDC-5	cefazolin	ARO:0000058	aro_obo
ARO:3002502	PDC-5	cefixime	ARO:3000646	aro_obo
ARO:3002502	PDC-5	cefoxitin	ARO:0000008	aro_obo
ARO:3002502	PDC-5	ceftazidime	ARO:0000060	aro_obo
ARO:3002502	PDC-5	ceftriaxone	ARO:0000062	aro_obo
ARO:3002508	PDC-9	ceftazidime	ARO:0000060	aro_obo
ARO:3007374	PJM-1	ampicillin	ARO:3000637	aro_obo
ARO:3007374	PJM-1	cefalotin	ARO:3000704	aro_obo
ARO:3007374	PJM-1	cefotaxime	ARO:3000645	aro_obo
ARO:3007374	PJM-1	cefoxitin	ARO:0000008	aro_obo
ARO:3007374	PJM-1	imipenem	ARO:3000170	aro_obo
ARO:3007085	PRC-1	amoxicillin	ARO:0000064	aro_obo
ARO:3007085	PRC-1	ampicillin	ARO:3000637	aro_obo
ARO:3007085	PRC-1	benzylpenicillin	ARO:3000632	aro_obo
ARO:3007085	PRC-1	cefazolin	ARO:0000058	aro_obo
ARO:3007085	PRC-1	cefotaxime	ARO:3000645	aro_obo
ARO:3007085	PRC-1	ceftriaxone	ARO:0000062	aro_obo
ARO:3007648	PSZ-1	amoxicillin	ARO:0000064	aro_obo
ARO:3007648	PSZ-1	ampicillin	ARO:3000637	aro_obo
ARO:3007648	PSZ-1	benzylpenicillin	ARO:3000632	aro_obo
ARO:3007648	PSZ-1	cefalotin	ARO:3000704	aro_obo
ARO:3007648	PSZ-1	cefazolin	ARO:0000058	aro_obo
ARO:3007648	PSZ-1	cefoxitin	ARO:0000008	aro_obo
ARO:3003493	Pasteurella multocida 16S rRNA mutation conferring resistance to spectinomycin	spectinomycin	ARO:0000039	aro_obo
ARO:3000769	PatA-PatB	ciprofloxacin	ARO:0000036	aro_obo
ARO:3000769	PatA-PatB	norfloxacin	ARO:3000662	aro_obo
ARO:3003361	Planobispora rosea EF-Tu mutants conferring resistance to inhibitor GE2270A	ge2270a	ARO:3001237	aro_obo
ARO:3002689	Plasmid-encoded cat (pp-cat)	azidamfenicol	ARO:3000382	aro_obo
ARO:3002689	Plasmid-encoded cat (pp-cat)	chloramphenicol	ARO:3000385	aro_obo
ARO:3002689	Plasmid-encoded cat (pp-cat)	thiamphenicol	ARO:3000456	aro_obo
ARO:3004077	PmpM	benzalkonium chloride	ARO:3003823	aro_obo
ARO:3004077	PmpM	chlorhexidine	ARO:3007039	aro_obo
ARO:3004077	PmpM	neomycin	ARO:0000005	aro_obo
ARO:3003578	PmrF	polymyxin b	ARO:3000454	aro_obo
ARO:3004161	Propionibacteria 23S rRNA with mutation conferring resistance to macrolide antibiotics	erythromycin	ARO:0000006	aro_obo
ARO:3007491	Pseudomonas aeruginosa ampR with mutation conferring resistance to aztreonam	aztreonam	ARO:3000550	aro_obo
ARO:3002678	Pseudomonas aeruginosa catB6	azidamfenicol	ARO:3000382	aro_obo
ARO:3002678	Pseudomonas aeruginosa catB6	chloramphenicol	ARO:3000385	aro_obo
ARO:3002678	Pseudomonas aeruginosa catB6	thiamphenicol	ARO:3000456	aro_obo
ARO:3002679	Pseudomonas aeruginosa catB7	azidamfenicol	ARO:3000382	aro_obo
ARO:3002679	Pseudomonas aeruginosa catB7	chloramphenicol	ARO:3000385	aro_obo
ARO:3002679	Pseudomonas aeruginosa catB7	thiamphenicol	ARO:3000456	aro_obo
ARO:3004038	Pseudomonas aeruginosa emrE	gentamicin c	ARO:0000014	aro_obo
ARO:3003702	Pseudomonas aeruginosa gyrA and parC conferring resistance to fluoroquinolones	ciprofloxacin	ARO:0000036	aro_obo
ARO:3003702	Pseudomonas aeruginosa gyrA and parC conferring resistance to fluoroquinolones	ofloxacin	ARO:3000663	aro_obo
ARO:3003702	Pseudomonas aeruginosa gyrA and parC conferring resistance to fluoroquinolones	pefloxacin	ARO:3000762	aro_obo
ARO:3003684	Pseudomonas aeruginosa gyrA conferring resistance to fluoroquinolones	ciprofloxacin	ARO:0000036	aro_obo
ARO:3003684	Pseudomonas aeruginosa gyrA conferring resistance to fluoroquinolones	levofloxacin	ARO:0000071	aro_obo
ARO:3003684	Pseudomonas aeruginosa gyrA conferring resistance to fluoroquinolones	ofloxacin	ARO:3000663	aro_obo
ARO:3003684	Pseudomonas aeruginosa gyrA conferring resistance to fluoroquinolones	pefloxacin	ARO:3000762	aro_obo
ARO:3003684	Pseudomonas aeruginosa gyrA conferring resistance to fluoroquinolones	sitafloxacin	ARO:3003690	aro_obo
ARO:3003684	Pseudomonas aeruginosa gyrA conferring resistance to fluoroquinolones	sparfloxacin	ARO:3000666	aro_obo
ARO:3003686	Pseudomonas aeruginosa oprD with mutation conferring resistance to imipenem	imipenem	ARO:3000170	aro_obo
ARO:3003685	Pseudomonas aeruginosa parE conferring resistance to fluoroquinolones	ciprofloxacin	ARO:0000036	aro_obo
ARO:3003895	Pseudomonas mutant PhoP conferring resistance to colistin	colistin a	ARO:3000622	aro_obo
ARO:3003895	Pseudomonas mutant PhoP conferring resistance to colistin	colistin b	ARO:3000624	aro_obo
ARO:3003896	Pseudomonas mutant PhoQ conferring resistance to colistin	colistin a	ARO:3000622	aro_obo
ARO:3003896	Pseudomonas mutant PhoQ conferring resistance to colistin	colistin b	ARO:3000624	aro_obo
ARO:3003688	PvrR	amikacin	ARO:0000013	aro_obo
ARO:3003688	PvrR	carbenicillin	ARO:0000043	aro_obo
ARO:3003688	PvrR	gentamicin a	ARO:3004015	aro_obo
ARO:3003688	PvrR	kanamycin a	ARO:0000049	aro_obo
ARO:3003688	PvrR	tetracycline	ARO:0000051	aro_obo
ARO:3003688	PvrR	tobramycin	ARO:0000052	aro_obo
ARO:3000448	QepA1	ciprofloxacin	ARO:0000036	aro_obo
ARO:3000448	QepA1	norfloxacin	ARO:3000662	aro_obo
ARO:3004103	QepA2	ciprofloxacin	ARO:0000036	aro_obo
ARO:3004103	QepA2	moxifloxacin	ARO:0000074	aro_obo
ARO:3004103	QepA2	norfloxacin	ARO:3000662	aro_obo
ARO:3004378	QepA3	ciprofloxacin	ARO:0000036	aro_obo
ARO:3004378	QepA3	levofloxacin	ARO:0000071	aro_obo
ARO:3004378	QepA3	ofloxacin	ARO:3000663	aro_obo
ARO:3004379	QepA4	ciprofloxacin	ARO:0000036	aro_obo
ARO:3004379	QepA4	nalidixic acid	ARO:3000661	aro_obo
ARO:3004379	QepA4	norfloxacin	ARO:3000662	aro_obo
ARO:3002707	QnrA1	ciprofloxacin	ARO:0000036	aro_obo
ARO:3002708	QnrA2	ciprofloxacin	ARO:0000036	aro_obo
ARO:3002709	QnrA3	ciprofloxacin	ARO:0000036	aro_obo
ARO:3002710	QnrA4	ciprofloxacin	ARO:0000036	aro_obo
ARO:3002711	QnrA5	ciprofloxacin	ARO:0000036	aro_obo
ARO:3002712	QnrA6	ciprofloxacin	ARO:0000036	aro_obo
ARO:3002713	QnrA7	ciprofloxacin	ARO:0000036	aro_obo
ARO:3002714	QnrB1	ciprofloxacin	ARO:0000036	aro_obo
ARO:3002724	QnrB10	ciprofloxacin	ARO:0000036	aro_obo
ARO:3002725	QnrB11	ciprofloxacin	ARO:0000036	aro_obo
ARO:3002726	QnrB12	ciprofloxacin	ARO:0000036	aro_obo
ARO:3002727	QnrB13	ciprofloxacin	ARO:0000036	aro_obo
ARO:3002728	QnrB14	ciprofloxacin	ARO:0000036	aro_obo
ARO:3002730	QnrB15	ciprofloxacin	ARO:0000036	aro_obo
ARO:3002731	QnrB16	ciprofloxacin	ARO:0000036	aro_obo
ARO:3002732	QnrB17	ciprofloxacin	ARO:0000036	aro_obo
ARO:3002733	QnrB18	ciprofloxacin	ARO:0000036	aro_obo
ARO:3002734	QnrB19	ciprofloxacin	ARO:0000036	aro_obo
ARO:3002715	QnrB2	ciprofloxacin	ARO:0000036	aro_obo
ARO:3002735	QnrB20	ciprofloxacin	ARO:0000036	aro_obo
ARO:3002736	QnrB21	ciprofloxacin	ARO:0000036	aro_obo
ARO:3002737	QnrB22	ciprofloxacin	ARO:0000036	aro_obo
ARO:3002738	QnrB23	ciprofloxacin	ARO:0000036	aro_obo
ARO:3002739	QnrB24	ciprofloxacin	ARO:0000036	aro_obo
ARO:3002740	QnrB25	ciprofloxacin	ARO:0000036	aro_obo
ARO:3002741	QnrB26	ciprofloxacin	ARO:0000036	aro_obo
ARO:3002742	QnrB27	ciprofloxacin	ARO:0000036	aro_obo
ARO:3002743	QnrB28	ciprofloxacin	ARO:0000036	aro_obo
ARO:3002744	QnrB29	ciprofloxacin	ARO:0000036	aro_obo
ARO:3002716	QnrB3	ciprofloxacin	ARO:0000036	aro_obo
ARO:3002745	QnrB30	ciprofloxacin	ARO:0000036	aro_obo
ARO:3002746	QnrB31	ciprofloxacin	ARO:0000036	aro_obo
ARO:3002747	QnrB32	ciprofloxacin	ARO:0000036	aro_obo
ARO:3002748	QnrB33	ciprofloxacin	ARO:0000036	aro_obo
ARO:3002749	QnrB34	ciprofloxacin	ARO:0000036	aro_obo
ARO:3002750	QnrB35	ciprofloxacin	ARO:0000036	aro_obo
ARO:3002751	QnrB36	ciprofloxacin	ARO:0000036	aro_obo
ARO:3002752	QnrB37	ciprofloxacin	ARO:0000036	aro_obo
ARO:3002753	QnrB38	ciprofloxacin	ARO:0000036	aro_obo
ARO:3002718	QnrB4	ciprofloxacin	ARO:0000036	aro_obo
ARO:3002755	QnrB40	ciprofloxacin	ARO:0000036	aro_obo
ARO:3002756	QnrB41	ciprofloxacin	ARO:0000036	aro_obo
ARO:3002757	QnrB42	ciprofloxacin	ARO:0000036	aro_obo
ARO:3002758	QnrB43	ciprofloxacin	ARO:0000036	aro_obo
ARO:3002759	QnrB44	ciprofloxacin	ARO:0000036	aro_obo
ARO:3002760	QnrB45	ciprofloxacin	ARO:0000036	aro_obo
ARO:3002761	QnrB46	ciprofloxacin	ARO:0000036	aro_obo
ARO:3002762	QnrB47	ciprofloxacin	ARO:0000036	aro_obo
ARO:3002763	QnrB48	ciprofloxacin	ARO:0000036	aro_obo
ARO:3002764	QnrB49	ciprofloxacin	ARO:0000036	aro_obo
ARO:3002719	QnrB5	ciprofloxacin	ARO:0000036	aro_obo
ARO:3002765	QnrB50	ciprofloxacin	ARO:0000036	aro_obo
ARO:3002767	QnrB54	ciprofloxacin	ARO:0000036	aro_obo
ARO:3002768	QnrB55	ciprofloxacin	ARO:0000036	aro_obo
ARO:3002769	QnrB56	ciprofloxacin	ARO:0000036	aro_obo
ARO:3002770	QnrB57	ciprofloxacin	ARO:0000036	aro_obo
ARO:3002771	QnrB58	ciprofloxacin	ARO:0000036	aro_obo
ARO:3002772	QnrB59	ciprofloxacin	ARO:0000036	aro_obo
ARO:3002720	QnrB6	ciprofloxacin	ARO:0000036	aro_obo
ARO:3002773	QnrB60	ciprofloxacin	ARO:0000036	aro_obo
ARO:3002774	QnrB61	ciprofloxacin	ARO:0000036	aro_obo
ARO:3002775	QnrB62	ciprofloxacin	ARO:0000036	aro_obo
ARO:3002776	QnrB64	ciprofloxacin	ARO:0000036	aro_obo
ARO:3002777	QnrB65	ciprofloxacin	ARO:0000036	aro_obo
ARO:3002778	QnrB66	ciprofloxacin	ARO:0000036	aro_obo
ARO:3002779	QnrB67	ciprofloxacin	ARO:0000036	aro_obo
ARO:3002780	QnrB68	ciprofloxacin	ARO:0000036	aro_obo
ARO:3002781	QnrB69	ciprofloxacin	ARO:0000036	aro_obo
ARO:3002721	QnrB7	ciprofloxacin	ARO:0000036	aro_obo
ARO:3002782	QnrB70	ciprofloxacin	ARO:0000036	aro_obo
ARO:3002783	QnrB71	ciprofloxacin	ARO:0000036	aro_obo
ARO:3002784	QnrB72	ciprofloxacin	ARO:0000036	aro_obo
ARO:3002785	QnrB73	ciprofloxacin	ARO:0000036	aro_obo
ARO:3002786	QnrB74	ciprofloxacin	ARO:0000036	aro_obo
ARO:3002722	QnrB8	ciprofloxacin	ARO:0000036	aro_obo
ARO:3002723	QnrB9	ciprofloxacin	ARO:0000036	aro_obo
ARO:3002787	QnrC	ciprofloxacin	ARO:0000036	aro_obo
ARO:3002788	QnrD1	ciprofloxacin	ARO:0000036	aro_obo
ARO:3002789	QnrD2	ciprofloxacin	ARO:0000036	aro_obo
ARO:3002790	QnrS1	ciprofloxacin	ARO:0000036	aro_obo
ARO:3004622	QnrS10	ciprofloxacin	ARO:0000036	aro_obo
ARO:3004624	QnrS11	ciprofloxacin	ARO:0000036	aro_obo
ARO:3004625	QnrS12	ciprofloxacin	ARO:0000036	aro_obo
ARO:3004627	QnrS15	ciprofloxacin	ARO:0000036	aro_obo
ARO:3002791	QnrS2	ciprofloxacin	ARO:0000036	aro_obo
ARO:3002792	QnrS3	ciprofloxacin	ARO:0000036	aro_obo
ARO:3002793	QnrS4	ciprofloxacin	ARO:0000036	aro_obo
ARO:3002794	QnrS5	ciprofloxacin	ARO:0000036	aro_obo
ARO:3002795	QnrS6	ciprofloxacin	ARO:0000036	aro_obo
ARO:3002796	QnrS7	ciprofloxacin	ARO:0000036	aro_obo
ARO:3002797	QnrS8	ciprofloxacin	ARO:0000036	aro_obo
ARO:3002798	QnrS9	ciprofloxacin	ARO:0000036	aro_obo
ARO:3002799	QnrVC1	ciprofloxacin	ARO:0000036	aro_obo
ARO:3005007	QnrVC2	ciprofloxacin	ARO:0000036	aro_obo
ARO:3002800	QnrVC3	ciprofloxacin	ARO:0000036	aro_obo
ARO:3002801	QnrVC4	ciprofloxacin	ARO:0000036	aro_obo
ARO:3002802	QnrVC5	ciprofloxacin	ARO:0000036	aro_obo
ARO:3002803	QnrVC6	ciprofloxacin	ARO:0000036	aro_obo
ARO:3003193	QnrVC7	ciprofloxacin	ARO:0000036	aro_obo
ARO:3000245	RbpA	rifabutin	ARO:3000530	aro_obo
ARO:3000245	RbpA	rifampin	ARO:3000169	aro_obo
ARO:3000245	RbpA	rifapentine	ARO:3000534	aro_obo
ARO:3000245	RbpA	rifaximin	ARO:3000517	aro_obo
ARO:3004291	Rhodobacter sphaeroides ampC beta-lactamase	benzylpenicillin	ARO:3000632	aro_obo
ARO:3002701	Rhodococcus fascians cmr	chloramphenicol	ARO:3000385	aro_obo
ARO:3001301	RlmA(II)	mycinamicin	ARO:3001224	aro_obo
ARO:3001301	RlmA(II)	tylosin	ARO:3000145	aro_obo
ARO:3004030	RosAB	polymyxin b1	ARO:3000625	aro_obo
ARO:3004030	RosAB	polymyxin b2	ARO:3000626	aro_obo
ARO:3004030	RosAB	polymyxin b3	ARO:3000627	aro_obo
ARO:3004030	RosAB	polymyxin b4	ARO:3000628	aro_obo
ARO:3007662	Rv1877	levofloxacin	ARO:0000071	aro_obo
ARO:3007662	Rv1877	ofloxacin	ARO:3000663	aro_obo
ARO:3002895	SAT-2	streptothricin	ARO:0000012	aro_obo
ARO:3002898	SAT-3	streptothricin	ARO:0000012	aro_obo
ARO:3002897	SAT-4	streptothricin	ARO:0000012	aro_obo
ARO:3004856	SCO-1	amoxicillin	ARO:0000064	aro_obo
ARO:3004856	SCO-1	cefalotin	ARO:3000704	aro_obo
ARO:3004856	SCO-1	cefepime	ARO:0000059	aro_obo
ARO:3004856	SCO-1	cefotaxime	ARO:3000645	aro_obo
ARO:3004856	SCO-1	ceftazidime	ARO:0000060	aro_obo
ARO:3004856	SCO-1	cefuroxime	ARO:0000063	aro_obo
ARO:3004856	SCO-1	piperacillin	ARO:0000078	aro_obo
ARO:3004856	SCO-1	ticarcillin	ARO:3003832	aro_obo
ARO:3003561	SED-1	amoxicillin	ARO:0000064	aro_obo
ARO:3003561	SED-1	cefalotin	ARO:3000704	aro_obo
ARO:3003561	SED-1	cefuroxime	ARO:0000063	aro_obo
ARO:3003561	SED-1	piperacillin	ARO:0000078	aro_obo
ARO:3003561	SED-1	ticarcillin	ARO:3003832	aro_obo
ARO:3001059	SHV-1	ampicillin	ARO:3000637	aro_obo
ARO:3001071	SHV-12	cefalotin	ARO:3000704	aro_obo
ARO:3001071	SHV-12	ceftazidime	ARO:0000060	aro_obo
ARO:3001071	SHV-12	ceftriaxone	ARO:0000062	aro_obo
ARO:3007442	SSA	amoxicillin	ARO:0000064	aro_obo
ARO:3007442	SSA	ampicillin	ARO:3000637	aro_obo
ARO:3007442	SSA	cefoxitin	ARO:0000008	aro_obo
ARO:3007442	SSA	ceftazidime	ARO:0000060	aro_obo
ARO:3003512	Salmonella enterica 16S rRNA (rrsD) mutation conferring resistance to spectinomycin	spectinomycin	ARO:0000039	aro_obo
ARO:3002691	Salmonella enterica cmlA	chloramphenicol	ARO:3000385	aro_obo
ARO:3003926	Salmonella enterica gyrA conferring resistance to fluoroquinolones	ciprofloxacin	ARO:0000036	aro_obo
ARO:3003926	Salmonella enterica gyrA conferring resistance to fluoroquinolones	nalidixic acid	ARO:3000661	aro_obo
ARO:3004334	Salmonella enterica gyrA with mutation conferring resistance to triclosan	triclosan	ARO:3000870	aro_obo
ARO:3003939	Salmonella enterica parC conferring resistance to fluoroquinolones	ciprofloxacin	ARO:0000036	aro_obo
ARO:3003939	Salmonella enterica parC conferring resistance to fluoroquinolones	nalidixic acid	ARO:3000661	aro_obo
ARO:3003379	Salmonella enterica ramR mutants	ciprofloxacin	ARO:0000036	aro_obo
ARO:3003382	Salmonella enterica soxR with mutation conferring antibiotic resistance	ciprofloxacin	ARO:0000036	aro_obo
ARO:3007749	Salmonella gallinarum folP with mutation conferring resistance to sulfonamides	sulfamethoxazole	ARO:3000329	aro_obo
ARO:3007751	Salmonella isangi gyrA conferring resistance to fluoroquinolones	ciprofloxacin	ARO:0000036	aro_obo
ARO:3007751	Salmonella isangi gyrA conferring resistance to fluoroquinolones	nalidixic acid	ARO:3000661	aro_obo
ARO:3007752	Salmonella isangi gyrB conferring resistance to fluoroquinolones	ciprofloxacin	ARO:0000036	aro_obo
ARO:3007752	Salmonella isangi gyrB conferring resistance to fluoroquinolones	nalidixic acid	ARO:3000661	aro_obo
ARO:3003307	Salmonella serovars gyrB conferring resistance to fluoroquinolones	ciprofloxacin	ARO:0000036	aro_obo
ARO:3003307	Salmonella serovars gyrB conferring resistance to fluoroquinolones	enoxacin	ARO:0000023	aro_obo
ARO:3003307	Salmonella serovars gyrB conferring resistance to fluoroquinolones	gatifloxacin	ARO:3000659	aro_obo
ARO:3003307	Salmonella serovars gyrB conferring resistance to fluoroquinolones	grepafloxacin	ARO:3000665	aro_obo
ARO:3003307	Salmonella serovars gyrB conferring resistance to fluoroquinolones	levofloxacin	ARO:0000071	aro_obo
ARO:3003307	Salmonella serovars gyrB conferring resistance to fluoroquinolones	lomefloxacin	ARO:3000660	aro_obo
ARO:3003307	Salmonella serovars gyrB conferring resistance to fluoroquinolones	moxifloxacin	ARO:0000074	aro_obo
ARO:3003307	Salmonella serovars gyrB conferring resistance to fluoroquinolones	nalidixic acid	ARO:3000661	aro_obo
ARO:3003307	Salmonella serovars gyrB conferring resistance to fluoroquinolones	norfloxacin	ARO:3000662	aro_obo
ARO:3003307	Salmonella serovars gyrB conferring resistance to fluoroquinolones	ofloxacin	ARO:3000663	aro_obo
ARO:3003307	Salmonella serovars gyrB conferring resistance to fluoroquinolones	pefloxacin	ARO:3000762	aro_obo
ARO:3003307	Salmonella serovars gyrB conferring resistance to fluoroquinolones	sparfloxacin	ARO:3000666	aro_obo
ARO:3003307	Salmonella serovars gyrB conferring resistance to fluoroquinolones	trovafloxacin	ARO:3000664	aro_obo
ARO:3003317	Salmonella serovars parE conferring resistance to fluoroquinolones	ciprofloxacin	ARO:0000036	aro_obo
ARO:3003317	Salmonella serovars parE conferring resistance to fluoroquinolones	enoxacin	ARO:0000023	aro_obo
ARO:3003317	Salmonella serovars parE conferring resistance to fluoroquinolones	gatifloxacin	ARO:3000659	aro_obo
ARO:3003317	Salmonella serovars parE conferring resistance to fluoroquinolones	grepafloxacin	ARO:3000665	aro_obo
ARO:3003317	Salmonella serovars parE conferring resistance to fluoroquinolones	levofloxacin	ARO:0000071	aro_obo
ARO:3003317	Salmonella serovars parE conferring resistance to fluoroquinolones	lomefloxacin	ARO:3000660	aro_obo
ARO:3003317	Salmonella serovars parE conferring resistance to fluoroquinolones	moxifloxacin	ARO:0000074	aro_obo
ARO:3003317	Salmonella serovars parE conferring resistance to fluoroquinolones	nalidixic acid	ARO:3000661	aro_obo
ARO:3003317	Salmonella serovars parE conferring resistance to fluoroquinolones	norfloxacin	ARO:3000662	aro_obo
ARO:3003317	Salmonella serovars parE conferring resistance to fluoroquinolones	ofloxacin	ARO:3000663	aro_obo
ARO:3003317	Salmonella serovars parE conferring resistance to fluoroquinolones	pefloxacin	ARO:3000762	aro_obo
ARO:3003317	Salmonella serovars parE conferring resistance to fluoroquinolones	sparfloxacin	ARO:3000666	aro_obo
ARO:3003317	Salmonella serovars parE conferring resistance to fluoroquinolones	trovafloxacin	ARO:3000664	aro_obo
ARO:3003383	Salmonella serovars soxS with mutation conferring antibiotic resistance	ciprofloxacin	ARO:0000036	aro_obo
ARO:3005045	SatA	streptothricin	ARO:0000012	aro_obo
ARO:3004128	Serratia marcescens Omp1	cefotaxime	ARO:3000645	aro_obo
ARO:3004128	Serratia marcescens Omp1	cefoxitin	ARO:0000008	aro_obo
ARO:3004128	Serratia marcescens Omp1	ceftriaxone	ARO:0000062	aro_obo
ARO:3004128	Serratia marcescens Omp1	chloramphenicol	ARO:3000385	aro_obo
ARO:3004128	Serratia marcescens Omp1	ciprofloxacin	ARO:0000036	aro_obo
ARO:3004128	Serratia marcescens Omp1	moxalactam	ARO:3004017	aro_obo
ARO:3004128	Serratia marcescens Omp1	tetracycline	ARO:0000051	aro_obo
ARO:3007509	Shigella flexneri acrA	ciprofloxacin	ARO:0000036	aro_obo
ARO:3003940	Shigella flexneri gyrA conferring resistance to fluoroquinolones	nalidixic acid	ARO:3000661	aro_obo
ARO:3003940	Shigella flexneri gyrA conferring resistance to fluoroquinolones	norfloxacin	ARO:3000662	aro_obo
ARO:3003941	Shigella flexneri parC conferring resistance to fluoroquinolones	nalidixic acid	ARO:3000661	aro_obo
ARO:3003941	Shigella flexneri parC conferring resistance to fluoroquinolones	norfloxacin	ARO:3000662	aro_obo
ARO:3003054	SmeDEF	chloramphenicol	ARO:3000385	aro_obo
ARO:3003054	SmeDEF	tetracycline	ARO:0000051	aro_obo
ARO:3004058	Staphylococcus aureus 23S rRNA with mutation conferring resistance to linezolid	linezolid	ARO:0000072	aro_obo
ARO:3004661	Staphylococcus aureus FosB	fosfomycin	ARO:0000025	aro_obo
ARO:3003901	Staphylococcus aureus GlpT with mutation conferring resistance to fosfomycin	fosfomycin	ARO:0000025	aro_obo
ARO:3004572	Staphylococcus aureus LmrS	chloramphenicol	ARO:3000385	aro_obo
ARO:3004572	Staphylococcus aureus LmrS	erythromycin	ARO:0000006	aro_obo
ARO:3004572	Staphylococcus aureus LmrS	florfenicol	ARO:3000461	aro_obo
ARO:3004572	Staphylococcus aureus LmrS	kanamycin a	ARO:0000049	aro_obo
ARO:3004572	Staphylococcus aureus LmrS	linezolid	ARO:0000072	aro_obo
ARO:3004572	Staphylococcus aureus LmrS	streptomycin	ARO:0000040	aro_obo
ARO:3004572	Staphylococcus aureus LmrS	trimethoprim	ARO:3000188	aro_obo
ARO:3003902	Staphylococcus aureus UhpT with mutation conferring resistance to fosfomycin	fosfomycin	ARO:0000025	aro_obo
ARO:3003803	Staphylococcus aureus agrA with mutation conferring resistance to daptomycin	daptomycin	ARO:0000068	aro_obo
ARO:3003074	Staphylococcus aureus cls conferring resistance to daptomycin	daptomycin	ARO:0000068	aro_obo
ARO:3003735	Staphylococcus aureus fusA with mutation conferring resistance to fusidic acid	fusidic acid	ARO:3000759	aro_obo
ARO:3003737	Staphylococcus aureus fusE with mutation conferring resistance to fusidic acid	fusidic acid	ARO:3000759	aro_obo
ARO:3003296	Staphylococcus aureus gyrA conferring resistance to fluoroquinolones	ciprofloxacin	ARO:0000036	aro_obo
ARO:3003296	Staphylococcus aureus gyrA conferring resistance to fluoroquinolones	enoxacin	ARO:0000023	aro_obo
ARO:3003296	Staphylococcus aureus gyrA conferring resistance to fluoroquinolones	gatifloxacin	ARO:3000659	aro_obo
ARO:3003296	Staphylococcus aureus gyrA conferring resistance to fluoroquinolones	grepafloxacin	ARO:3000665	aro_obo
ARO:3003296	Staphylococcus aureus gyrA conferring resistance to fluoroquinolones	levofloxacin	ARO:0000071	aro_obo
ARO:3003296	Staphylococcus aureus gyrA conferring resistance to fluoroquinolones	lomefloxacin	ARO:3000660	aro_obo
ARO:3003296	Staphylococcus aureus gyrA conferring resistance to fluoroquinolones	moxifloxacin	ARO:0000074	aro_obo
ARO:3003296	Staphylococcus aureus gyrA conferring resistance to fluoroquinolones	nalidixic acid	ARO:3000661	aro_obo
ARO:3003296	Staphylococcus aureus gyrA conferring resistance to fluoroquinolones	norfloxacin	ARO:3000662	aro_obo
ARO:3003296	Staphylococcus aureus gyrA conferring resistance to fluoroquinolones	ofloxacin	ARO:3000663	aro_obo
ARO:3003296	Staphylococcus aureus gyrA conferring resistance to fluoroquinolones	pefloxacin	ARO:3000762	aro_obo
ARO:3003296	Staphylococcus aureus gyrA conferring resistance to fluoroquinolones	sparfloxacin	ARO:3000666	aro_obo
ARO:3003296	Staphylococcus aureus gyrA conferring resistance to fluoroquinolones	trovafloxacin	ARO:3000664	aro_obo
ARO:3003301	Staphylococcus aureus gyrB conferring resistance to aminocoumarin	clorobiocin	ARO:3000132	aro_obo
ARO:3003301	Staphylococcus aureus gyrB conferring resistance to aminocoumarin	coumermycin a1	ARO:3000150	aro_obo
ARO:3003301	Staphylococcus aureus gyrB conferring resistance to aminocoumarin	novobiocin	ARO:3000111	aro_obo
ARO:3003729	Staphylococcus aureus ileS with mutation conferring resistance to mupirocin	mupirocin	ARO:3000554	aro_obo
ARO:3003917	Staphylococcus aureus menA with mutation conferring resistance to lysocin	lysocin e	ARO:3003915	aro_obo
ARO:3003769	Staphylococcus aureus mprF	defensin	ARO:3000693	aro_obo
ARO:3003319	Staphylococcus aureus mprF with mutation conferring resistance to daptomycin	daptomycin	ARO:0000068	aro_obo
ARO:3000521	Staphylococcus aureus mupA conferring resistance to mupirocin	mupirocin	ARO:3000554	aro_obo
ARO:3000510	Staphylococcus aureus mupB conferring resistance to mupirocin	mupirocin	ARO:3000554	aro_obo
ARO:3003776	Staphylococcus aureus murA with mutation conferring resistance to fosfomycin	fosfomycin	ARO:0000025	aro_obo
ARO:3004667	Staphylococcus aureus norA	ciprofloxacin	ARO:0000036	aro_obo
ARO:3004667	Staphylococcus aureus norA	enoxacin	ARO:0000023	aro_obo
ARO:3004667	Staphylococcus aureus norA	norfloxacin	ARO:3000662	aro_obo
ARO:3004667	Staphylococcus aureus norA	ofloxacin	ARO:3000663	aro_obo
ARO:3003312	Staphylococcus aureus parC conferring resistance to fluoroquinolones	ciprofloxacin	ARO:0000036	aro_obo
ARO:3003312	Staphylococcus aureus parC conferring resistance to fluoroquinolones	enoxacin	ARO:0000023	aro_obo
ARO:3003312	Staphylococcus aureus parC conferring resistance to fluoroquinolones	gatifloxacin	ARO:3000659	aro_obo
ARO:3003312	Staphylococcus aureus parC conferring resistance to fluoroquinolones	grepafloxacin	ARO:3000665	aro_obo
ARO:3003312	Staphylococcus aureus parC conferring resistance to fluoroquinolones	levofloxacin	ARO:0000071	aro_obo
ARO:3003312	Staphylococcus aureus parC conferring resistance to fluoroquinolones	lomefloxacin	ARO:3000660	aro_obo
ARO:3003312	Staphylococcus aureus parC conferring resistance to fluoroquinolones	moxifloxacin	ARO:0000074	aro_obo
ARO:3003312	Staphylococcus aureus parC conferring resistance to fluoroquinolones	nalidixic acid	ARO:3000661	aro_obo
ARO:3003312	Staphylococcus aureus parC conferring resistance to fluoroquinolones	norfloxacin	ARO:3000662	aro_obo
ARO:3003312	Staphylococcus aureus parC conferring resistance to fluoroquinolones	ofloxacin	ARO:3000663	aro_obo
ARO:3003312	Staphylococcus aureus parC conferring resistance to fluoroquinolones	pefloxacin	ARO:3000762	aro_obo
ARO:3003312	Staphylococcus aureus parC conferring resistance to fluoroquinolones	sparfloxacin	ARO:3000666	aro_obo
ARO:3003312	Staphylococcus aureus parC conferring resistance to fluoroquinolones	trovafloxacin	ARO:3000664	aro_obo
ARO:3003314	Staphylococcus aureus parE conferring resistance to aminocoumarin	clorobiocin	ARO:3000132	aro_obo
ARO:3003314	Staphylococcus aureus parE conferring resistance to aminocoumarin	coumermycin a1	ARO:3000150	aro_obo
ARO:3003314	Staphylococcus aureus parE conferring resistance to aminocoumarin	novobiocin	ARO:3000111	aro_obo
ARO:3003315	Staphylococcus aureus parE conferring resistance to fluoroquinolones	ciprofloxacin	ARO:0000036	aro_obo
ARO:3003315	Staphylococcus aureus parE conferring resistance to fluoroquinolones	enoxacin	ARO:0000023	aro_obo
ARO:3003315	Staphylococcus aureus parE conferring resistance to fluoroquinolones	gatifloxacin	ARO:3000659	aro_obo
ARO:3003315	Staphylococcus aureus parE conferring resistance to fluoroquinolones	grepafloxacin	ARO:3000665	aro_obo
ARO:3003315	Staphylococcus aureus parE conferring resistance to fluoroquinolones	levofloxacin	ARO:0000071	aro_obo
ARO:3003315	Staphylococcus aureus parE conferring resistance to fluoroquinolones	lomefloxacin	ARO:3000660	aro_obo
ARO:3003315	Staphylococcus aureus parE conferring resistance to fluoroquinolones	moxifloxacin	ARO:0000074	aro_obo
ARO:3003315	Staphylococcus aureus parE conferring resistance to fluoroquinolones	nalidixic acid	ARO:3000661	aro_obo
ARO:3003315	Staphylococcus aureus parE conferring resistance to fluoroquinolones	norfloxacin	ARO:3000662	aro_obo
ARO:3003315	Staphylococcus aureus parE conferring resistance to fluoroquinolones	ofloxacin	ARO:3000663	aro_obo
ARO:3003315	Staphylococcus aureus parE conferring resistance to fluoroquinolones	pefloxacin	ARO:3000762	aro_obo
ARO:3003315	Staphylococcus aureus parE conferring resistance to fluoroquinolones	sparfloxacin	ARO:3000666	aro_obo
ARO:3003315	Staphylococcus aureus parE conferring resistance to fluoroquinolones	trovafloxacin	ARO:3000664	aro_obo
ARO:3003323	Staphylococcus aureus pgsA mutations conferring resistance to daptomycin	daptomycin	ARO:0000068	aro_obo
ARO:3003287	Staphylococcus aureus rpoB mutants conferring resistance to daptomycin	daptomycin	ARO:0000068	aro_obo
ARO:3003285	Staphylococcus aureus rpoB mutants conferring resistance to rifampicin	rifabutin	ARO:3000530	aro_obo
ARO:3003285	Staphylococcus aureus rpoB mutants conferring resistance to rifampicin	rifampin	ARO:3000169	aro_obo
ARO:3003285	Staphylococcus aureus rpoB mutants conferring resistance to rifampicin	rifapentine	ARO:3000534	aro_obo
ARO:3003285	Staphylococcus aureus rpoB mutants conferring resistance to rifampicin	rifaximin	ARO:3000517	aro_obo
ARO:3003291	Staphylococcus aureus rpoC conferring resistance to daptomycin	daptomycin	ARO:0000068	aro_obo
ARO:3003794	Staphylococcus aureus walK with mutation conferring resistance to daptomycin	daptomycin	ARO:0000068	aro_obo
ARO:3004457	Staphylococcus intermedius chloramphenicol acetyltransferase	chloramphenicol	ARO:3000385	aro_obo
ARO:3003774	Streptococcus agalactiae mprF	defensin	ARO:3000693	aro_obo
ARO:3004097	Streptococcus mitis CdsA with mutation conferring daptomycin resistance	daptomycin	ARO:0000068	aro_obo
ARO:3004181	Streptococcus pneumoniae 23S rRNA mutation conferring resistance to macrolides and streptogramins antibiotics	josamycin	ARO:3001221	aro_obo
ARO:3004181	Streptococcus pneumoniae 23S rRNA mutation conferring resistance to macrolides and streptogramins antibiotics	pristinamycin ia	ARO:3000583	aro_obo
ARO:3004181	Streptococcus pneumoniae 23S rRNA mutation conferring resistance to macrolides and streptogramins antibiotics	tylosin	ARO:3000145	aro_obo
ARO:3004181	Streptococcus pneumoniae 23S rRNA mutation conferring resistance to macrolides and streptogramins antibiotics	virginiamycin m1	ARO:3000669	aro_obo
ARO:3004170	Streptococcus pneumoniae 23S rRNA with mutation conferring resistance to macrolide antibiotics	erythromycin	ARO:0000006	aro_obo
ARO:3004170	Streptococcus pneumoniae 23S rRNA with mutation conferring resistance to macrolide antibiotics	spiramycin	ARO:3000156	aro_obo
ARO:3003041	Streptococcus pneumoniae PBP1a conferring resistance to amoxicillin	amoxicillin	ARO:0000064	aro_obo
ARO:3003042	Streptococcus pneumoniae PBP2b conferring resistance to amoxicillin	amoxicillin	ARO:0000064	aro_obo
ARO:3003043	Streptococcus pneumoniae PBP2x conferring resistance to amoxicillin	amoxicillin	ARO:0000064	aro_obo
ARO:3003311	Streptococcus pneumoniae parC conferring resistance to fluoroquinolones	ciprofloxacin	ARO:0000036	aro_obo
ARO:3003311	Streptococcus pneumoniae parC conferring resistance to fluoroquinolones	enoxacin	ARO:0000023	aro_obo
ARO:3003311	Streptococcus pneumoniae parC conferring resistance to fluoroquinolones	gatifloxacin	ARO:3000659	aro_obo
ARO:3003311	Streptococcus pneumoniae parC conferring resistance to fluoroquinolones	grepafloxacin	ARO:3000665	aro_obo
ARO:3003311	Streptococcus pneumoniae parC conferring resistance to fluoroquinolones	levofloxacin	ARO:0000071	aro_obo
ARO:3003311	Streptococcus pneumoniae parC conferring resistance to fluoroquinolones	lomefloxacin	ARO:3000660	aro_obo
ARO:3003311	Streptococcus pneumoniae parC conferring resistance to fluoroquinolones	moxifloxacin	ARO:0000074	aro_obo
ARO:3003311	Streptococcus pneumoniae parC conferring resistance to fluoroquinolones	nalidixic acid	ARO:3000661	aro_obo
ARO:3003311	Streptococcus pneumoniae parC conferring resistance to fluoroquinolones	norfloxacin	ARO:3000662	aro_obo
ARO:3003311	Streptococcus pneumoniae parC conferring resistance to fluoroquinolones	ofloxacin	ARO:3000663	aro_obo
ARO:3003311	Streptococcus pneumoniae parC conferring resistance to fluoroquinolones	pefloxacin	ARO:3000762	aro_obo
ARO:3003311	Streptococcus pneumoniae parC conferring resistance to fluoroquinolones	sparfloxacin	ARO:3000666	aro_obo
ARO:3003311	Streptococcus pneumoniae parC conferring resistance to fluoroquinolones	trovafloxacin	ARO:3000664	aro_obo
ARO:3007531	Streptococcus pyogenes PBP2x conferring resistance to beta-lactam antibiotics	amoxicillin	ARO:0000064	aro_obo
ARO:3007531	Streptococcus pyogenes PBP2x conferring resistance to beta-lactam antibiotics	ampicillin	ARO:3000637	aro_obo
ARO:3007531	Streptococcus pyogenes PBP2x conferring resistance to beta-lactam antibiotics	cefotaxime	ARO:3000645	aro_obo
ARO:3003387	Streptococcus pyogenes folP with mutation conferring resistance to sulfonamides	mafenide	ARO:3000684	aro_obo
ARO:3003387	Streptococcus pyogenes folP with mutation conferring resistance to sulfonamides	sulfacetamide	ARO:3000683	aro_obo
ARO:3003387	Streptococcus pyogenes folP with mutation conferring resistance to sulfonamides	sulfadiazine	ARO:3000324	aro_obo
ARO:3003387	Streptococcus pyogenes folP with mutation conferring resistance to sulfonamides	sulfadimidine	ARO:3000325	aro_obo
ARO:3003387	Streptococcus pyogenes folP with mutation conferring resistance to sulfonamides	sulfadoxine	ARO:3000327	aro_obo
ARO:3003387	Streptococcus pyogenes folP with mutation conferring resistance to sulfonamides	sulfamethizole	ARO:3000699	aro_obo
ARO:3003387	Streptococcus pyogenes folP with mutation conferring resistance to sulfonamides	sulfamethoxazole	ARO:3000329	aro_obo
ARO:3003387	Streptococcus pyogenes folP with mutation conferring resistance to sulfonamides	sulfasalazine	ARO:3000698	aro_obo
ARO:3003387	Streptococcus pyogenes folP with mutation conferring resistance to sulfonamides	sulfisoxazole	ARO:3000330	aro_obo
ARO:3004455	Streptococcus suis chloramphenicol acetyltransferase	chloramphenicol	ARO:3000385	aro_obo
ARO:3004171	Streptomyces ambofaciens 23S rRNA with mutation conferring resistance to macrolide antibiotics	spiramycin	ARO:3000156	aro_obo
ARO:3003359	Streptomyces cinnamoneus EF-Tu mutants conferring resistance to elfamycin	kirromycin	ARO:3001234	aro_obo
ARO:3002690	Streptomyces lividans cmlR	chloramphenicol	ARO:3000385	aro_obo
ARO:3007127	Streptomyces lividans otr(A)	tetracycline	ARO:0000051	aro_obo
ARO:3002891	Streptomyces rimosus otr(A)	oxytetracycline	ARO:3000668	aro_obo
ARO:3003318	Streptomyces rishiriensis parY mutant conferring resistance to aminocoumarin	clorobiocin	ARO:3000132	aro_obo
ARO:3003318	Streptomyces rishiriensis parY mutant conferring resistance to aminocoumarin	coumermycin a1	ARO:3000150	aro_obo
ARO:3003318	Streptomyces rishiriensis parY mutant conferring resistance to aminocoumarin	novobiocin	ARO:3000111	aro_obo
ARO:3007209	Streptomyces venezuelae rox	rifampin	ARO:3000169	aro_obo
ARO:3007209	Streptomyces venezuelae rox	rifapentine	ARO:3000534	aro_obo
ARO:3007209	Streptomyces venezuelae rox	rifaximin	ARO:3000517	aro_obo
ARO:3000014	TEM beta-lactamase	ampicillin	ARO:3000637	aro_obo
ARO:3000873	TEM-1	amoxicillin	ARO:0000064	aro_obo
ARO:3000873	TEM-1	ampicillin	ARO:3000637	aro_obo
ARO:3000873	TEM-1	cefalotin	ARO:3000704	aro_obo
ARO:3000873	TEM-1	cefazolin	ARO:0000058	aro_obo
ARO:3000882	TEM-10	ceftazidime	ARO:0000060	aro_obo
ARO:3000964	TEM-101	ceftazidime	ARO:0000060	aro_obo
ARO:3000965	TEM-102	ceftazidime	ARO:0000060	aro_obo
ARO:3000966	TEM-103	amoxicillin	ARO:0000064	aro_obo
ARO:3000966	TEM-103	ampicillin	ARO:3000637	aro_obo
ARO:3000967	TEM-104	ceftazidime	ARO:0000060	aro_obo
ARO:3000968	TEM-105	ceftazidime	ARO:0000060	aro_obo
ARO:3000969	TEM-106	ceftazidime	ARO:0000060	aro_obo
ARO:3000970	TEM-107	ceftazidime	ARO:0000060	aro_obo
ARO:3000971	TEM-108	ceftazidime	ARO:0000060	aro_obo
ARO:3000972	TEM-109	ceftazidime	ARO:0000060	aro_obo
ARO:3000883	TEM-11	ceftazidime	ARO:0000060	aro_obo
ARO:3000973	TEM-110	ceftazidime	ARO:0000060	aro_obo
ARO:3000974	TEM-111	ceftazidime	ARO:0000060	aro_obo
ARO:3000975	TEM-112	ceftazidime	ARO:0000060	aro_obo
ARO:3000976	TEM-113	ceftazidime	ARO:0000060	aro_obo
ARO:3000977	TEM-114	ceftazidime	ARO:0000060	aro_obo
ARO:3000978	TEM-115	ceftazidime	ARO:0000060	aro_obo
ARO:3000979	TEM-116	ceftazidime	ARO:0000060	aro_obo
ARO:3000980	TEM-117	ceftazidime	ARO:0000060	aro_obo
ARO:3000981	TEM-118	ceftazidime	ARO:0000060	aro_obo
ARO:3000884	TEM-12	ceftazidime	ARO:0000060	aro_obo
ARO:3000982	TEM-120	ceftazidime	ARO:0000060	aro_obo
ARO:3000983	TEM-121	ceftazidime	ARO:0000060	aro_obo
ARO:3000984	TEM-122	ceftazidime	ARO:0000060	aro_obo
ARO:3000985	TEM-123	ceftazidime	ARO:0000060	aro_obo
ARO:3000986	TEM-124	ceftazidime	ARO:0000060	aro_obo
ARO:3000987	TEM-125	ceftazidime	ARO:0000060	aro_obo
ARO:3000988	TEM-126	ceftazidime	ARO:0000060	aro_obo
ARO:3000989	TEM-127	ceftazidime	ARO:0000060	aro_obo
ARO:3000990	TEM-128	ceftazidime	ARO:0000060	aro_obo
ARO:3000993	TEM-129	ceftazidime	ARO:0000060	aro_obo
ARO:3000994	TEM-130	ceftazidime	ARO:0000060	aro_obo
ARO:3000995	TEM-131	ceftazidime	ARO:0000060	aro_obo
ARO:3000996	TEM-132	ceftazidime	ARO:0000060	aro_obo
ARO:3000997	TEM-133	ceftazidime	ARO:0000060	aro_obo
ARO:3000998	TEM-134	ceftazidime	ARO:0000060	aro_obo
ARO:3001000	TEM-136	ceftazidime	ARO:0000060	aro_obo
ARO:3001001	TEM-137	ceftazidime	ARO:0000060	aro_obo
ARO:3001002	TEM-138	ceftazidime	ARO:0000060	aro_obo
ARO:3001003	TEM-139	ceftazidime	ARO:0000060	aro_obo
ARO:3001004	TEM-141	ceftazidime	ARO:0000060	aro_obo
ARO:3001005	TEM-142	ceftazidime	ARO:0000060	aro_obo
ARO:3001006	TEM-143	ceftazidime	ARO:0000060	aro_obo
ARO:3001007	TEM-144	ceftazidime	ARO:0000060	aro_obo
ARO:3001012	TEM-145	ceftazidime	ARO:0000060	aro_obo
ARO:3001013	TEM-146	ceftazidime	ARO:0000060	aro_obo
ARO:3001014	TEM-147	ceftazidime	ARO:0000060	aro_obo
ARO:3001015	TEM-148	ceftazidime	ARO:0000060	aro_obo
ARO:3001016	TEM-149	ceftazidime	ARO:0000060	aro_obo
ARO:3000886	TEM-15	ceftazidime	ARO:0000060	aro_obo
ARO:3001017	TEM-150	ceftazidime	ARO:0000060	aro_obo
ARO:3001018	TEM-151	ceftazidime	ARO:0000060	aro_obo
ARO:3001019	TEM-152	ceftazidime	ARO:0000060	aro_obo
ARO:3001369	TEM-153	ceftazidime	ARO:0000060	aro_obo
ARO:3001020	TEM-154	ceftazidime	ARO:0000060	aro_obo
ARO:3001021	TEM-155	ceftazidime	ARO:0000060	aro_obo
ARO:3001022	TEM-156	ceftazidime	ARO:0000060	aro_obo
ARO:3001023	TEM-157	ceftazidime	ARO:0000060	aro_obo
ARO:3001024	TEM-158	ceftazidime	ARO:0000060	aro_obo
ARO:3001025	TEM-159	ceftazidime	ARO:0000060	aro_obo
ARO:3000887	TEM-16	ceftazidime	ARO:0000060	aro_obo
ARO:3001026	TEM-160	ceftazidime	ARO:0000060	aro_obo
ARO:3001028	TEM-162	ceftazidime	ARO:0000060	aro_obo
ARO:3001029	TEM-163	ceftazidime	ARO:0000060	aro_obo
ARO:3001030	TEM-164	ceftazidime	ARO:0000060	aro_obo
ARO:3001032	TEM-166	ceftazidime	ARO:0000060	aro_obo
ARO:3001033	TEM-167	ceftazidime	ARO:0000060	aro_obo
ARO:3001034	TEM-168	ceftazidime	ARO:0000060	aro_obo
ARO:3001035	TEM-169	ceftazidime	ARO:0000060	aro_obo
ARO:3000888	TEM-17	ceftazidime	ARO:0000060	aro_obo
ARO:3001037	TEM-171	ceftazidime	ARO:0000060	aro_obo
ARO:3001041	TEM-176	ceftazidime	ARO:0000060	aro_obo
ARO:3001042	TEM-177	ceftazidime	ARO:0000060	aro_obo
ARO:3001043	TEM-178	ceftazidime	ARO:0000060	aro_obo
ARO:3001044	TEM-181	ceftazidime	ARO:0000060	aro_obo
ARO:3001373	TEM-182	ceftazidime	ARO:0000060	aro_obo
ARO:3001045	TEM-183	ceftazidime	ARO:0000060	aro_obo
ARO:3001375	TEM-184	ceftazidime	ARO:0000060	aro_obo
ARO:3001374	TEM-185	ceftazidime	ARO:0000060	aro_obo
ARO:3001046	TEM-186	ceftazidime	ARO:0000060	aro_obo
ARO:3001047	TEM-187	ceftazidime	ARO:0000060	aro_obo
ARO:3001048	TEM-188	ceftazidime	ARO:0000060	aro_obo
ARO:3001049	TEM-189	ceftazidime	ARO:0000060	aro_obo
ARO:3000890	TEM-19	ceftazidime	ARO:0000060	aro_obo
ARO:3001050	TEM-190	ceftazidime	ARO:0000060	aro_obo
ARO:3001051	TEM-191	ceftazidime	ARO:0000060	aro_obo
ARO:3001052	TEM-192	ceftazidime	ARO:0000060	aro_obo
ARO:3001053	TEM-193	ceftazidime	ARO:0000060	aro_obo
ARO:3001054	TEM-194	ceftazidime	ARO:0000060	aro_obo
ARO:3001055	TEM-195	ceftazidime	ARO:0000060	aro_obo
ARO:3001376	TEM-196	ceftazidime	ARO:0000060	aro_obo
ARO:3001056	TEM-197	ceftazidime	ARO:0000060	aro_obo
ARO:3001057	TEM-198	ceftazidime	ARO:0000060	aro_obo
ARO:3001058	TEM-199	ceftazidime	ARO:0000060	aro_obo
ARO:3000874	TEM-2	ceftazidime	ARO:0000060	aro_obo
ARO:3000891	TEM-20	ceftazidime	ARO:0000060	aro_obo
ARO:3001378	TEM-201	ceftazidime	ARO:0000060	aro_obo
ARO:3001382	TEM-205	ceftazidime	ARO:0000060	aro_obo
ARO:3001383	TEM-206	ceftazidime	ARO:0000060	aro_obo
ARO:3001384	TEM-207	ceftazidime	ARO:0000060	aro_obo
ARO:3001385	TEM-208	ceftazidime	ARO:0000060	aro_obo
ARO:3001386	TEM-209	ceftazidime	ARO:0000060	aro_obo
ARO:3000892	TEM-21	ceftazidime	ARO:0000060	aro_obo
ARO:3001387	TEM-210	ceftazidime	ARO:0000060	aro_obo
ARO:3001388	TEM-211	ceftazidime	ARO:0000060	aro_obo
ARO:3001389	TEM-212	ceftazidime	ARO:0000060	aro_obo
ARO:3001390	TEM-213	ceftazidime	ARO:0000060	aro_obo
ARO:3001391	TEM-214	ceftazidime	ARO:0000060	aro_obo
ARO:3001392	TEM-215	ceftazidime	ARO:0000060	aro_obo
ARO:3001393	TEM-216	ceftazidime	ARO:0000060	aro_obo
ARO:3001394	TEM-217	ceftazidime	ARO:0000060	aro_obo
ARO:3003157	TEM-219	ceftazidime	ARO:0000060	aro_obo
ARO:3000893	TEM-22	ceftazidime	ARO:0000060	aro_obo
ARO:3003158	TEM-220	ceftazidime	ARO:0000060	aro_obo
ARO:3005255	TEM-224	ceftazidime	ARO:0000060	aro_obo
ARO:3005256	TEM-225	ceftazidime	ARO:0000060	aro_obo
ARO:3005257	TEM-226	ceftazidime	ARO:0000060	aro_obo
ARO:3005258	TEM-227	ceftazidime	ARO:0000060	aro_obo
ARO:3005259	TEM-228	ceftazidime	ARO:0000060	aro_obo
ARO:3005260	TEM-229	ceftazidime	ARO:0000060	aro_obo
ARO:3005261	TEM-230	ceftazidime	ARO:0000060	aro_obo
ARO:3005262	TEM-231	ceftazidime	ARO:0000060	aro_obo
ARO:3005263	TEM-232	ceftazidime	ARO:0000060	aro_obo
ARO:3005264	TEM-233	ceftazidime	ARO:0000060	aro_obo
ARO:3005265	TEM-234	ceftazidime	ARO:0000060	aro_obo
ARO:3005266	TEM-235	ceftazidime	ARO:0000060	aro_obo
ARO:3005267	TEM-236	ceftazidime	ARO:0000060	aro_obo
ARO:3005268	TEM-237	ceftazidime	ARO:0000060	aro_obo
ARO:3005269	TEM-238	ceftazidime	ARO:0000060	aro_obo
ARO:3000894	TEM-24	ceftazidime	ARO:0000060	aro_obo
ARO:3005270	TEM-240	ceftazidime	ARO:0000060	aro_obo
ARO:3005271	TEM-241	ceftazidime	ARO:0000060	aro_obo
ARO:3005272	TEM-242	ceftazidime	ARO:0000060	aro_obo
ARO:3005273	TEM-243	ceftazidime	ARO:0000060	aro_obo
ARO:3007453	TEM-244	ceftazidime	ARO:0000060	aro_obo
ARO:3007454	TEM-245	ceftazidime	ARO:0000060	aro_obo
ARO:3007448	TEM-246	ceftazidime	ARO:0000060	aro_obo
ARO:3007451	TEM-247	ceftazidime	ARO:0000060	aro_obo
ARO:3000896	TEM-26	ceftazidime	ARO:0000060	aro_obo
ARO:3000898	TEM-28	ceftazidime	ARO:0000060	aro_obo
ARO:3000899	TEM-29	ceftazidime	ARO:0000060	aro_obo
ARO:3000875	TEM-3	ceftazidime	ARO:0000060	aro_obo
ARO:3000900	TEM-30	amoxicillin	ARO:0000064	aro_obo
ARO:3000900	TEM-30	ampicillin	ARO:3000637	aro_obo
ARO:3000900	TEM-30	cefalotin	ARO:3000704	aro_obo
ARO:3000901	TEM-31	ceftazidime	ARO:0000060	aro_obo
ARO:3000902	TEM-32	ceftazidime	ARO:0000060	aro_obo
ARO:3000903	TEM-33	ceftazidime	ARO:0000060	aro_obo
ARO:3000904	TEM-34	ceftazidime	ARO:0000060	aro_obo
ARO:3000905	TEM-35	ceftazidime	ARO:0000060	aro_obo
ARO:3000906	TEM-36	ceftazidime	ARO:0000060	aro_obo
ARO:3000907	TEM-37	ceftazidime	ARO:0000060	aro_obo
ARO:3000909	TEM-39	ceftazidime	ARO:0000060	aro_obo
ARO:3000876	TEM-4	ceftazidime	ARO:0000060	aro_obo
ARO:3000910	TEM-40	ceftazidime	ARO:0000060	aro_obo
ARO:3000911	TEM-42	ceftazidime	ARO:0000060	aro_obo
ARO:3000912	TEM-43	ceftazidime	ARO:0000060	aro_obo
ARO:3000914	TEM-45	ceftazidime	ARO:0000060	aro_obo
ARO:3000916	TEM-47	ceftazidime	ARO:0000060	aro_obo
ARO:3000917	TEM-48	ceftazidime	ARO:0000060	aro_obo
ARO:3000918	TEM-49	ceftazidime	ARO:0000060	aro_obo
ARO:3000877	TEM-5	ceftazidime	ARO:0000060	aro_obo
ARO:3000921	TEM-52	ceftazidime	ARO:0000060	aro_obo
ARO:3000922	TEM-53	ceftazidime	ARO:0000060	aro_obo
ARO:3000923	TEM-54	ceftazidime	ARO:0000060	aro_obo
ARO:3000924	TEM-55	ceftazidime	ARO:0000060	aro_obo
ARO:3000926	TEM-57	ceftazidime	ARO:0000060	aro_obo
ARO:3000927	TEM-58	ceftazidime	ARO:0000060	aro_obo
ARO:3000928	TEM-59	ceftazidime	ARO:0000060	aro_obo
ARO:3000878	TEM-6	ceftazidime	ARO:0000060	aro_obo
ARO:3000929	TEM-60	ceftazidime	ARO:0000060	aro_obo
ARO:3000930	TEM-61	aztreonam	ARO:3000550	aro_obo
ARO:3000930	TEM-61	cefotaxime	ARO:3000645	aro_obo
ARO:3000930	TEM-61	ceftazidime	ARO:0000060	aro_obo
ARO:3000931	TEM-63	ceftazidime	ARO:0000060	aro_obo
ARO:3000934	TEM-67	ceftazidime	ARO:0000060	aro_obo
ARO:3000935	TEM-68	ceftazidime	ARO:0000060	aro_obo
ARO:3000879	TEM-7	ceftazidime	ARO:0000060	aro_obo
ARO:3000936	TEM-70	ceftazidime	ARO:0000060	aro_obo
ARO:3000937	TEM-71	ceftazidime	ARO:0000060	aro_obo
ARO:3000938	TEM-72	ceftazidime	ARO:0000060	aro_obo
ARO:3000939	TEM-73	ceftazidime	ARO:0000060	aro_obo
ARO:3000941	TEM-75	ceftazidime	ARO:0000060	aro_obo
ARO:3000942	TEM-76	ceftazidime	ARO:0000060	aro_obo
ARO:3000944	TEM-78	ceftazidime	ARO:0000060	aro_obo
ARO:3000946	TEM-79	ceftazidime	ARO:0000060	aro_obo
ARO:3000880	TEM-8	ceftazidime	ARO:0000060	aro_obo
ARO:3000947	TEM-80	ceftazidime	ARO:0000060	aro_obo
ARO:3000948	TEM-81	ceftazidime	ARO:0000060	aro_obo
ARO:3000949	TEM-82	ceftazidime	ARO:0000060	aro_obo
ARO:3000950	TEM-83	ceftazidime	ARO:0000060	aro_obo
ARO:3000951	TEM-84	ceftazidime	ARO:0000060	aro_obo
ARO:3000952	TEM-85	ceftazidime	ARO:0000060	aro_obo
ARO:3000953	TEM-86	ceftazidime	ARO:0000060	aro_obo
ARO:3000954	TEM-87	ceftazidime	ARO:0000060	aro_obo
ARO:3000955	TEM-88	ceftazidime	ARO:0000060	aro_obo
ARO:3000956	TEM-89	ceftazidime	ARO:0000060	aro_obo
ARO:3000881	TEM-9	ceftazidime	ARO:0000060	aro_obo
ARO:3000957	TEM-90	ceftazidime	ARO:0000060	aro_obo
ARO:3000958	TEM-91	ceftazidime	ARO:0000060	aro_obo
ARO:3000959	TEM-92	ceftazidime	ARO:0000060	aro_obo
ARO:3000960	TEM-93	ceftazidime	ARO:0000060	aro_obo
ARO:3000961	TEM-94	ceftazidime	ARO:0000060	aro_obo
ARO:3000962	TEM-95	ceftazidime	ARO:0000060	aro_obo
ARO:3000963	TEM-96	ceftazidime	ARO:0000060	aro_obo
ARO:3006139	TEM-98	ceftazidime	ARO:0000060	aro_obo
ARO:3006140	TEM-99	ceftazidime	ARO:0000060	aro_obo
ARO:3004105	TMB-1	ceftazidime	ARO:0000060	aro_obo
ARO:3004106	TMB-2	ceftazidime	ARO:0000060	aro_obo
ARO:3004450	TRU-1	cefalotin	ARO:3000704	aro_obo
ARO:3000844	TUS-1	amoxicillin	ARO:0000064	aro_obo
ARO:3000844	TUS-1	piperacillin	ARO:0000078	aro_obo
ARO:3000844	TUS-1	ticarcillin	ARO:3003832	aro_obo
ARO:3003986	TaeA	pleuromutilin	ARO:3001317	aro_obo
ARO:3005083	Thermus thermophilus 23s rRNA conferring resistance to pleuromutilin antibiotics	tiamulin	ARO:3000671	aro_obo
ARO:3005081	Thermus thermophilus uL3 mutations conferring resistance to pleuromutilin antibiotics	tiamulin	ARO:3000671	aro_obo
ARO:3007427	ThfT	sulfamethoxazole	ARO:3000329	aro_obo
ARO:3007759	Treponema pallidum 23S rRNA with mutation conferring resistance to erythromycin	erythromycin	ARO:0000006	aro_obo
ARO:3003678	TriABC-OpmH	triclosan	ARO:3000870	aro_obo
ARO:3005334	Trimethoprim-resistant dihydrofolate reductase DfrA42	trimethoprim	ARO:3000188	aro_obo
ARO:3005345	Trimethoprim-resistant dihydrofolate reductase DfrA43	trimethoprim	ARO:3000188	aro_obo
ARO:3003305	Ureaplasma urealyticum gyrB conferring resistance to fluoroquinolones	ciprofloxacin	ARO:0000036	aro_obo
ARO:3003305	Ureaplasma urealyticum gyrB conferring resistance to fluoroquinolones	enoxacin	ARO:0000023	aro_obo
ARO:3003305	Ureaplasma urealyticum gyrB conferring resistance to fluoroquinolones	gatifloxacin	ARO:3000659	aro_obo
ARO:3003305	Ureaplasma urealyticum gyrB conferring resistance to fluoroquinolones	grepafloxacin	ARO:3000665	aro_obo
ARO:3003305	Ureaplasma urealyticum gyrB conferring resistance to fluoroquinolones	levofloxacin	ARO:0000071	aro_obo
ARO:3003305	Ureaplasma urealyticum gyrB conferring resistance to fluoroquinolones	lomefloxacin	ARO:3000660	aro_obo
ARO:3003305	Ureaplasma urealyticum gyrB conferring resistance to fluoroquinolones	moxifloxacin	ARO:0000074	aro_obo
ARO:3003305	Ureaplasma urealyticum gyrB conferring resistance to fluoroquinolones	nalidixic acid	ARO:3000661	aro_obo
ARO:3003305	Ureaplasma urealyticum gyrB conferring resistance to fluoroquinolones	norfloxacin	ARO:3000662	aro_obo
ARO:3003305	Ureaplasma urealyticum gyrB conferring resistance to fluoroquinolones	ofloxacin	ARO:3000663	aro_obo
ARO:3003305	Ureaplasma urealyticum gyrB conferring resistance to fluoroquinolones	pefloxacin	ARO:3000762	aro_obo
ARO:3003305	Ureaplasma urealyticum gyrB conferring resistance to fluoroquinolones	sparfloxacin	ARO:3000666	aro_obo
ARO:3003305	Ureaplasma urealyticum gyrB conferring resistance to fluoroquinolones	trovafloxacin	ARO:3000664	aro_obo
ARO:3003309	Ureaplasma urealyticum parC conferring resistance to fluoroquinolones	ciprofloxacin	ARO:0000036	aro_obo
ARO:3003309	Ureaplasma urealyticum parC conferring resistance to fluoroquinolones	enoxacin	ARO:0000023	aro_obo
ARO:3003309	Ureaplasma urealyticum parC conferring resistance to fluoroquinolones	gatifloxacin	ARO:3000659	aro_obo
ARO:3003309	Ureaplasma urealyticum parC conferring resistance to fluoroquinolones	grepafloxacin	ARO:3000665	aro_obo
ARO:3003309	Ureaplasma urealyticum parC conferring resistance to fluoroquinolones	levofloxacin	ARO:0000071	aro_obo
ARO:3003309	Ureaplasma urealyticum parC conferring resistance to fluoroquinolones	lomefloxacin	ARO:3000660	aro_obo
ARO:3003309	Ureaplasma urealyticum parC conferring resistance to fluoroquinolones	moxifloxacin	ARO:0000074	aro_obo
ARO:3003309	Ureaplasma urealyticum parC conferring resistance to fluoroquinolones	nalidixic acid	ARO:3000661	aro_obo
ARO:3003309	Ureaplasma urealyticum parC conferring resistance to fluoroquinolones	norfloxacin	ARO:3000662	aro_obo
ARO:3003309	Ureaplasma urealyticum parC conferring resistance to fluoroquinolones	ofloxacin	ARO:3000663	aro_obo
ARO:3003309	Ureaplasma urealyticum parC conferring resistance to fluoroquinolones	pefloxacin	ARO:3000762	aro_obo
ARO:3003309	Ureaplasma urealyticum parC conferring resistance to fluoroquinolones	sparfloxacin	ARO:3000666	aro_obo
ARO:3003309	Ureaplasma urealyticum parC conferring resistance to fluoroquinolones	trovafloxacin	ARO:3000664	aro_obo
ARO:3007062	VAM-1	ampicillin	ARO:3000637	aro_obo
ARO:3007062	VAM-1	cefotaxime	ARO:3000645	aro_obo
ARO:3007062	VAM-1	ceftriaxone	ARO:0000062	aro_obo
ARO:3003713	VCC-1	aztreonam	ARO:3000550	aro_obo
ARO:3003713	VCC-1	doripenem	ARO:3000640	aro_obo
ARO:3003713	VCC-1	ertapenem	ARO:0000070	aro_obo
ARO:3003713	VCC-1	imipenem	ARO:3000170	aro_obo
ARO:3003713	VCC-1	meropenem	ARO:0000073	aro_obo
ARO:3007003	VHH-1	ampicillin	ARO:3000637	aro_obo
ARO:3007004	VHW-1	ampicillin	ARO:3000637	aro_obo
ARO:3005511	VIM-63	ampicillin	ARO:3000637	aro_obo
ARO:3005511	VIM-63	cefepime	ARO:0000059	aro_obo
ARO:3005511	VIM-63	cefotaxime	ARO:3000645	aro_obo
ARO:3005511	VIM-63	ceftazidime	ARO:0000060	aro_obo
ARO:3005511	VIM-63	ertapenem	ARO:0000070	aro_obo
ARO:3005511	VIM-63	faropenem	ARO:3003707	aro_obo
ARO:3005511	VIM-63	imipenem	ARO:3000170	aro_obo
ARO:3005511	VIM-63	meropenem	ARO:0000073	aro_obo
ARO:3005015	VMB-1	amoxicillin	ARO:0000064	aro_obo
ARO:3005015	VMB-1	ampicillin	ARO:3000637	aro_obo
ARO:3005015	VMB-1	cefotaxime	ARO:3000645	aro_obo
ARO:3005015	VMB-1	ceftriaxone	ARO:0000062	aro_obo
ARO:3005015	VMB-1	imipenem	ARO:3000170	aro_obo
ARO:3005015	VMB-1	meropenem	ARO:0000073	aro_obo
ARO:3007843	VRA-F	vancomycin	ARO:0000028	aro_obo
ARO:3003987	VatI	virginiamycin m1	ARO:3000669	aro_obo
ARO:3004460	Vibrio anguillarum chloramphenicol acetyltransferase	chloramphenicol	ARO:3000385	aro_obo
ARO:3004118	Vibrio cholerae OmpT	bpi	ARO:3004121	aro_obo
ARO:3004117	Vibrio cholerae OmpU	bpi	ARO:3004121	aro_obo
ARO:3004289	Vibrio cholerae varG	meropenem	ARO:0000073	aro_obo
ARO:3007794	Vibrio vulnificus rpoB mutants conferring resistance to rifampin	rifampin	ARO:3000169	aro_obo
ARO:3007435	WUS-1	ampicillin	ARO:3000637	aro_obo
ARO:3007435	WUS-1	carbenicillin	ARO:0000043	aro_obo
ARO:3007435	WUS-1	imipenem	ARO:3000170	aro_obo
ARO:3007005	YEM-1	imipenem	ARO:3000170	aro_obo
ARO:3005035	YRC-1	amoxicillin	ARO:0000064	aro_obo
ARO:3005035	YRC-1	cefalotin	ARO:3000704	aro_obo
ARO:3005035	YRC-1	cefoxitin	ARO:0000008	aro_obo
ARO:3005035	YRC-1	ceftazidime	ARO:0000060	aro_obo
ARO:3005035	YRC-1	cefuroxime	ARO:0000063	aro_obo
ARO:3005040	YajC	linezolid	ARO:0000072	aro_obo
ARO:3005040	YajC	rifampin	ARO:3000169	aro_obo
ARO:3005040	YajC	vancomycin	ARO:0000028	aro_obo
ARO:3003952	YojI	microcin j25	ARO:3003951	aro_obo
ARO:3007770	aac(6')-Ib-cr10	amikacin	ARO:0000013	aro_obo
ARO:3007770	aac(6')-Ib-cr10	ciprofloxacin	ARO:0000036	aro_obo
ARO:3007770	aac(6')-Ib-cr10	kanamycin a	ARO:0000049	aro_obo
ARO:3007770	aac(6')-Ib-cr10	tobramycin	ARO:0000052	aro_obo
ARO:3007771	aac(6')-Ib-cr11	amikacin	ARO:0000013	aro_obo
ARO:3007771	aac(6')-Ib-cr11	ciprofloxacin	ARO:0000036	aro_obo
ARO:3007771	aac(6')-Ib-cr11	kanamycin a	ARO:0000049	aro_obo
ARO:3007771	aac(6')-Ib-cr11	tobramycin	ARO:0000052	aro_obo
ARO:3002628	aad(6)	streptomycin	ARO:0000040	aro_obo
ARO:3002601	aadA	spectinomycin	ARO:0000039	aro_obo
ARO:3002601	aadA	streptomycin	ARO:0000040	aro_obo
ARO:3004692	aadA10	spectinomycin	ARO:0000039	aro_obo
ARO:3004692	aadA10	streptomycin	ARO:0000040	aro_obo
ARO:3002611	aadA11	spectinomycin	ARO:0000039	aro_obo
ARO:3002611	aadA11	streptomycin	ARO:0000040	aro_obo
ARO:3002612	aadA12	spectinomycin	ARO:0000039	aro_obo
ARO:3002612	aadA12	streptomycin	ARO:0000040	aro_obo
ARO:3002613	aadA13	spectinomycin	ARO:0000039	aro_obo
ARO:3002613	aadA13	streptomycin	ARO:0000040	aro_obo
ARO:3002614	aadA14	spectinomycin	ARO:0000039	aro_obo
ARO:3002614	aadA14	streptomycin	ARO:0000040	aro_obo
ARO:3002615	aadA15	spectinomycin	ARO:0000039	aro_obo
ARO:3002615	aadA15	streptomycin	ARO:0000040	aro_obo
ARO:3002616	aadA16	spectinomycin	ARO:0000039	aro_obo
ARO:3002616	aadA16	streptomycin	ARO:0000040	aro_obo
ARO:3002617	aadA17	spectinomycin	ARO:0000039	aro_obo
ARO:3002617	aadA17	streptomycin	ARO:0000040	aro_obo
ARO:3002602	aadA2	spectinomycin	ARO:0000039	aro_obo
ARO:3002602	aadA2	streptomycin	ARO:0000040	aro_obo
ARO:3002618	aadA21	spectinomycin	ARO:0000039	aro_obo
ARO:3002618	aadA21	streptomycin	ARO:0000040	aro_obo
ARO:3002619	aadA22	spectinomycin	ARO:0000039	aro_obo
ARO:3002619	aadA22	streptomycin	ARO:0000040	aro_obo
ARO:3002620	aadA23	spectinomycin	ARO:0000039	aro_obo
ARO:3002620	aadA23	streptomycin	ARO:0000040	aro_obo
ARO:3002621	aadA24	spectinomycin	ARO:0000039	aro_obo
ARO:3002621	aadA24	streptomycin	ARO:0000040	aro_obo
ARO:3003197	aadA25	spectinomycin	ARO:0000039	aro_obo
ARO:3003197	aadA25	streptomycin	ARO:0000040	aro_obo
ARO:3004682	aadA27	spectinomycin	ARO:0000039	aro_obo
ARO:3004682	aadA27	streptomycin	ARO:0000040	aro_obo
ARO:3002603	aadA3	spectinomycin	ARO:0000039	aro_obo
ARO:3002603	aadA3	streptomycin	ARO:0000040	aro_obo
ARO:3002604	aadA4	spectinomycin	ARO:0000039	aro_obo
ARO:3002604	aadA4	streptomycin	ARO:0000040	aro_obo
ARO:3002605	aadA5	spectinomycin	ARO:0000039	aro_obo
ARO:3002605	aadA5	streptomycin	ARO:0000040	aro_obo
ARO:3002606	aadA6	spectinomycin	ARO:0000039	aro_obo
ARO:3002606	aadA6	streptomycin	ARO:0000040	aro_obo
ARO:3002622	aadA6/aadA10	spectinomycin	ARO:0000039	aro_obo
ARO:3002622	aadA6/aadA10	streptomycin	ARO:0000040	aro_obo
ARO:3002607	aadA7	spectinomycin	ARO:0000039	aro_obo
ARO:3002607	aadA7	streptomycin	ARO:0000040	aro_obo
ARO:3002608	aadA8	spectinomycin	ARO:0000039	aro_obo
ARO:3002608	aadA8	streptomycin	ARO:0000040	aro_obo
ARO:3004704	aadA8b	spectinomycin	ARO:0000039	aro_obo
ARO:3004704	aadA8b	streptomycin	ARO:0000040	aro_obo
ARO:3002609	aadA9	spectinomycin	ARO:0000039	aro_obo
ARO:3002609	aadA9	streptomycin	ARO:0000040	aro_obo
ARO:3002627	aadK	streptomycin	ARO:0000040	aro_obo
ARO:3004683	aadS	streptomycin	ARO:0000040	aro_obo
ARO:3007669	aadT	chlorhexidine	ARO:3007039	aro_obo
ARO:3007669	aadT	erythromycin	ARO:0000006	aro_obo
ARO:3007669	aadT	tetracycline	ARO:0000051	aro_obo
ARO:3003942	abcA	cefotaxime	ARO:3000645	aro_obo
ARO:3003942	abcA	daptomycin	ARO:0000068	aro_obo
ARO:3003942	abcA	methicillin	ARO:0000015	aro_obo
ARO:3003942	abcA	moenomycin a1	ARO:3000697	aro_obo
ARO:3000753	abeM	acriflavine	ARO:0000045	aro_obo
ARO:3000753	abeM	ciprofloxacin	ARO:0000036	aro_obo
ARO:3000753	abeM	norfloxacin	ARO:3000662	aro_obo
ARO:3000753	abeM	ofloxacin	ARO:3000663	aro_obo
ARO:3000753	abeM	triclosan	ARO:3000870	aro_obo
ARO:3000768	abeS	erythromycin	ARO:0000006	aro_obo
ARO:3000768	abeS	novobiocin	ARO:3000111	aro_obo
ARO:3000216	acrB	acriflavine	ARO:0000045	aro_obo
ARO:3000491	acrD	amikacin	ARO:0000013	aro_obo
ARO:3000491	acrD	gentamicin	ARO:3007382	aro_obo
ARO:3000491	acrD	kanamycin a	ARO:0000049	aro_obo
ARO:3000491	acrD	neomycin	ARO:0000005	aro_obo
ARO:3000491	acrD	tobramycin	ARO:0000052	aro_obo
ARO:3007434	almEFG	colistin a	ARO:3000622	aro_obo
ARO:3007434	almEFG	colistin b	ARO:3000624	aro_obo
ARO:3003840	aminocoumarin resistant cysB	novobiocin	ARO:3000111	aro_obo
ARO:3004675	aphA15	amikacin	ARO:0000013	aro_obo
ARO:3004675	aphA15	kanamycin a	ARO:0000049	aro_obo
ARO:3004675	aphA15	neomycin	ARO:0000005	aro_obo
ARO:3004675	aphA15	netilmicin	ARO:0000038	aro_obo
ARO:3004675	aphA15	streptomycin	ARO:0000040	aro_obo
ARO:3003918	apmA	apramycin	ARO:0000037	aro_obo
ARO:3000858	armA	amikacin	ARO:0000013	aro_obo
ARO:3000858	armA	arbekacin	ARO:3000654	aro_obo
ARO:3000858	armA	dibekacin	ARO:0000007	aro_obo
ARO:3000858	armA	g418	ARO:3000653	aro_obo
ARO:3000858	armA	gentamicin b	ARO:3000655	aro_obo
ARO:3000858	armA	gentamicin c	ARO:0000014	aro_obo
ARO:3000858	armA	isepamicin	ARO:3000652	aro_obo
ARO:3000858	armA	kanamycin a	ARO:0000049	aro_obo
ARO:3000858	armA	netilmicin	ARO:0000038	aro_obo
ARO:3000858	armA	sisomicin	ARO:0000035	aro_obo
ARO:3000858	armA	tobramycin	ARO:0000052	aro_obo
ARO:3002985	arnA	polymyxin b	ARO:3000454	aro_obo
ARO:3002846	arr-1	rifampin	ARO:3000169	aro_obo
ARO:3002847	arr-2	rifampin	ARO:3000169	aro_obo
ARO:3002848	arr-3	rifampin	ARO:3000169	aro_obo
ARO:3002849	arr-4	rifampin	ARO:3000169	aro_obo
ARO:3002850	arr-5	rifampin	ARO:3000169	aro_obo
ARO:3002852	arr-7	rifampin	ARO:3000169	aro_obo
ARO:3002853	arr-8	rifampin	ARO:3000169	aro_obo
ARO:3002986	bacA	bacitracin a	ARO:3000629	aro_obo
ARO:3002986	bacA	bacitracin b	ARO:3000630	aro_obo
ARO:3002986	bacA	bacitracin f	ARO:3000631	aro_obo
ARO:3003801	bcr-1	bicyclomycin	ARO:0000055	aro_obo
ARO:3002987	bcrA	bacitracin a	ARO:3000629	aro_obo
ARO:3002987	bcrA	bacitracin b	ARO:3000630	aro_obo
ARO:3002987	bcrA	bacitracin f	ARO:3000631	aro_obo
ARO:3002988	bcrB	bacitracin a	ARO:3000629	aro_obo
ARO:3002988	bcrB	bacitracin b	ARO:3000630	aro_obo
ARO:3002988	bcrB	bacitracin f	ARO:3000631	aro_obo
ARO:3003250	bcrC	bacitracin a	ARO:3000629	aro_obo
ARO:3003250	bcrC	bacitracin b	ARO:3000630	aro_obo
ARO:3003250	bcrC	bacitracin f	ARO:3000631	aro_obo
ARO:3007182	blaC	amoxicillin	ARO:0000064	aro_obo
ARO:3007182	blaC	cefalotin	ARO:3000704	aro_obo
ARO:3007182	blaC	cefoxitin	ARO:0000008	aro_obo
ARO:3007182	blaC	temocillin	ARO:3003831	aro_obo
ARO:3007182	blaC	ticarcillin	ARO:3003832	aro_obo
ARO:3003562	blaF	amoxicillin	ARO:0000064	aro_obo
ARO:3005111	blaS1	ampicillin	ARO:3000637	aro_obo
ARO:3005111	blaS1	carbenicillin	ARO:0000043	aro_obo
ARO:3005111	blaS1	cefixime	ARO:3000646	aro_obo
ARO:3005111	blaS1	cefoxitin	ARO:0000008	aro_obo
ARO:3005111	blaS1	ceftriaxone	ARO:0000062	aro_obo
ARO:3005111	blaS1	mezlocillin	ARO:3000639	aro_obo
ARO:3005111	blaS1	oxacillin	ARO:0000056	aro_obo
ARO:3005111	blaS1	piperacillin	ARO:0000078	aro_obo
ARO:3003006	blt	acriflavine	ARO:0000045	aro_obo
ARO:3003007	bmr	acriflavine	ARO:0000045	aro_obo
ARO:3003007	bmr	chloramphenicol	ARO:3000385	aro_obo
ARO:3003007	bmr	puromycin	ARO:0000047	aro_obo
ARO:3002817	carA	carbomycin	ARO:3001228	aro_obo
ARO:3003808	carO	imipenem	ARO:3000170	aro_obo
ARO:3003808	carO	meropenem	ARO:0000073	aro_obo
ARO:3002670	cat	chloramphenicol	ARO:3000385	aro_obo
ARO:3002683	catA1	azidamfenicol	ARO:3000382	aro_obo
ARO:3002683	catA1	chloramphenicol	ARO:3000385	aro_obo
ARO:3002683	catA1	thiamphenicol	ARO:3000456	aro_obo
ARO:3004657	catA4	chloramphenicol	ARO:3000385	aro_obo
ARO:3004658	catA8	chloramphenicol	ARO:3000385	aro_obo
ARO:3003110	catB10	azidamfenicol	ARO:3000382	aro_obo
ARO:3003110	catB10	chloramphenicol	ARO:3000385	aro_obo
ARO:3003110	catB10	thiamphenicol	ARO:3000456	aro_obo
ARO:3004660	catB11	chloramphenicol	ARO:3000385	aro_obo
ARO:3002675	catB2	azidamfenicol	ARO:3000382	aro_obo
ARO:3002675	catB2	chloramphenicol	ARO:3000385	aro_obo
ARO:3002675	catB2	thiamphenicol	ARO:3000456	aro_obo
ARO:3002676	catB3	azidamfenicol	ARO:3000382	aro_obo
ARO:3002676	catB3	chloramphenicol	ARO:3000385	aro_obo
ARO:3002676	catB3	thiamphenicol	ARO:3000456	aro_obo
ARO:3002680	catB8	azidamfenicol	ARO:3000382	aro_obo
ARO:3002680	catB8	chloramphenicol	ARO:3000385	aro_obo
ARO:3002680	catB8	thiamphenicol	ARO:3000456	aro_obo
ARO:3002681	catB9	azidamfenicol	ARO:3000382	aro_obo
ARO:3002681	catB9	chloramphenicol	ARO:3000385	aro_obo
ARO:3002681	catB9	thiamphenicol	ARO:3000456	aro_obo
ARO:3002682	catD	azidamfenicol	ARO:3000382	aro_obo
ARO:3002682	catD	chloramphenicol	ARO:3000385	aro_obo
ARO:3002682	catD	thiamphenicol	ARO:3000456	aro_obo
ARO:3002684	catII	azidamfenicol	ARO:3000382	aro_obo
ARO:3002684	catII	chloramphenicol	ARO:3000385	aro_obo
ARO:3002684	catII	thiamphenicol	ARO:3000456	aro_obo
ARO:3004656	catII from Escherichia coli K-12	chloramphenicol	ARO:3000385	aro_obo
ARO:3002685	catIII	azidamfenicol	ARO:3000382	aro_obo
ARO:3002685	catIII	chloramphenicol	ARO:3000385	aro_obo
ARO:3002685	catIII	thiamphenicol	ARO:3000456	aro_obo
ARO:3002686	catP	azidamfenicol	ARO:3000382	aro_obo
ARO:3002686	catP	chloramphenicol	ARO:3000385	aro_obo
ARO:3002686	catP	thiamphenicol	ARO:3000456	aro_obo
ARO:3002687	catQ	azidamfenicol	ARO:3000382	aro_obo
ARO:3002687	catQ	chloramphenicol	ARO:3000385	aro_obo
ARO:3002687	catQ	thiamphenicol	ARO:3000456	aro_obo
ARO:3002688	catS	azidamfenicol	ARO:3000382	aro_obo
ARO:3002688	catS	chloramphenicol	ARO:3000385	aro_obo
ARO:3002688	catS	thiamphenicol	ARO:3000456	aro_obo
ARO:3004357	catV	chloramphenicol	ARO:3000385	aro_obo
ARO:3003835	cdeA	acriflavine	ARO:0000045	aro_obo
ARO:3004649	cfr(B)	chloramphenicol	ARO:3000385	aro_obo
ARO:3004649	cfr(B)	clindamycin	ARO:0000066	aro_obo
ARO:3004649	cfr(B)	linezolid	ARO:0000072	aro_obo
ARO:3005021	cfr(D)	linezolid	ARO:0000072	aro_obo
ARO:3005021	cfr(D)	teicoplanin	ARO:0000029	aro_obo
ARO:3005021	cfr(D)	vancomycin	ARO:0000028	aro_obo
ARO:3003441	cfrA	azidamfenicol	ARO:3000382	aro_obo
ARO:3003441	cfrA	chloramphenicol	ARO:3000385	aro_obo
ARO:3003441	cfrA	clindamycin	ARO:0000066	aro_obo
ARO:3003441	cfrA	dalfopristin	ARO:3000674	aro_obo
ARO:3003441	cfrA	griseoviridin	ARO:3000673	aro_obo
ARO:3003441	cfrA	lincomycin	ARO:0000046	aro_obo
ARO:3003441	cfrA	madumycin ii	ARO:3000672	aro_obo
ARO:3003441	cfrA	thiamphenicol	ARO:3000456	aro_obo
ARO:3003441	cfrA	tiamulin	ARO:3000671	aro_obo
ARO:3003441	cfrA	virginiamycin m1	ARO:3000669	aro_obo
ARO:3004146	cfrC	chloramphenicol	ARO:3000385	aro_obo
ARO:3004146	cfrC	florfenicol	ARO:3000461	aro_obo
ARO:3005023	cfrE	thiamphenicol	ARO:3000456	aro_obo
ARO:3005023	cfrE	tiamulin	ARO:3000671	aro_obo
ARO:3001302	chrB	chalcomycin	ARO:3001222	aro_obo
ARO:3001302	chrB	mycinamicin	ARO:3001224	aro_obo
ARO:3001302	chrB	tylosin	ARO:3000145	aro_obo
ARO:3003907	cipA	azidamfenicol	ARO:3000382	aro_obo
ARO:3003907	cipA	chloramphenicol	ARO:3000385	aro_obo
ARO:3003907	cipA	clindamycin	ARO:0000066	aro_obo
ARO:3003907	cipA	dalfopristin	ARO:3000674	aro_obo
ARO:3003907	cipA	griseoviridin	ARO:3000673	aro_obo
ARO:3003907	cipA	lincomycin	ARO:0000046	aro_obo
ARO:3003907	cipA	madumycin ii	ARO:3000672	aro_obo
ARO:3003907	cipA	thiamphenicol	ARO:3000456	aro_obo
ARO:3003907	cipA	tiamulin	ARO:3000671	aro_obo
ARO:3003907	cipA	virginiamycin m1	ARO:3000669	aro_obo
ARO:3002814	clbA	azidamfenicol	ARO:3000382	aro_obo
ARO:3002814	clbA	chloramphenicol	ARO:3000385	aro_obo
ARO:3002814	clbA	clindamycin	ARO:0000066	aro_obo
ARO:3002814	clbA	dalfopristin	ARO:3000674	aro_obo
ARO:3002814	clbA	griseoviridin	ARO:3000673	aro_obo
ARO:3002814	clbA	lincomycin	ARO:0000046	aro_obo
ARO:3002814	clbA	madumycin ii	ARO:3000672	aro_obo
ARO:3002814	clbA	thiamphenicol	ARO:3000456	aro_obo
ARO:3002814	clbA	tiamulin	ARO:3000671	aro_obo
ARO:3002814	clbA	virginiamycin m1	ARO:3000669	aro_obo
ARO:3002815	clbB	azidamfenicol	ARO:3000382	aro_obo
ARO:3002815	clbB	chloramphenicol	ARO:3000385	aro_obo
ARO:3002815	clbB	clindamycin	ARO:0000066	aro_obo
ARO:3002815	clbB	dalfopristin	ARO:3000674	aro_obo
ARO:3002815	clbB	griseoviridin	ARO:3000673	aro_obo
ARO:3002815	clbB	lincomycin	ARO:0000046	aro_obo
ARO:3002815	clbB	madumycin ii	ARO:3000672	aro_obo
ARO:3002815	clbB	thiamphenicol	ARO:3000456	aro_obo
ARO:3002815	clbB	tiamulin	ARO:3000671	aro_obo
ARO:3002815	clbB	virginiamycin m1	ARO:3000669	aro_obo
ARO:3002816	clbC	azidamfenicol	ARO:3000382	aro_obo
ARO:3002816	clbC	chloramphenicol	ARO:3000385	aro_obo
ARO:3002816	clbC	clindamycin	ARO:0000066	aro_obo
ARO:3002816	clbC	dalfopristin	ARO:3000674	aro_obo
ARO:3002816	clbC	griseoviridin	ARO:3000673	aro_obo
ARO:3002816	clbC	lincomycin	ARO:0000046	aro_obo
ARO:3002816	clbC	madumycin ii	ARO:3000672	aro_obo
ARO:3002816	clbC	thiamphenicol	ARO:3000456	aro_obo
ARO:3002816	clbC	tiamulin	ARO:3000671	aro_obo
ARO:3002816	clbC	virginiamycin m1	ARO:3000669	aro_obo
ARO:3004599	clcD	clindamycin	ARO:0000066	aro_obo
ARO:3004599	clcD	florfenicol	ARO:3000461	aro_obo
ARO:3004599	clcD	linezolid	ARO:0000072	aro_obo
ARO:3004599	clcD	tiamulin	ARO:3000671	aro_obo
ARO:3002693	cmlA1	chloramphenicol	ARO:3000385	aro_obo
ARO:3002694	cmlA4	chloramphenicol	ARO:3000385	aro_obo
ARO:3002695	cmlA5	chloramphenicol	ARO:3000385	aro_obo
ARO:3002696	cmlA6	chloramphenicol	ARO:3000385	aro_obo
ARO:3004665	cmlA8	chloramphenicol	ARO:3000385	aro_obo
ARO:3005043	cmlA9	chloramphenicol	ARO:3000385	aro_obo
ARO:3002698	cmlB	chloramphenicol	ARO:3000385	aro_obo
ARO:3002699	cmlB1	chloramphenicol	ARO:3000385	aro_obo
ARO:3002700	cmlv	chloramphenicol	ARO:3000385	aro_obo
ARO:3002702	cmrA	chloramphenicol	ARO:3000385	aro_obo
ARO:3002703	cmx	chloramphenicol	ARO:3000385	aro_obo
ARO:3003994	cpaA	capreomycin	ARO:3003993	aro_obo
ARO:3007075	cph	capreomycin	ARO:3003993	aro_obo
ARO:3007118	crxA	imipenem	ARO:3000170	aro_obo
ARO:3007118	crxA	meropenem	ARO:0000073	aro_obo
ARO:3004096	daptomycin resistant CdsA	daptomycin	ARO:0000068	aro_obo
ARO:3003816	daptomycin resistant YvlB	daptomycin	ARO:0000068	aro_obo
ARO:3003798	daptomycin resistant YybT	daptomycin	ARO:0000068	aro_obo
ARO:3003804	daptomycin resistant agrA	daptomycin	ARO:0000068	aro_obo
ARO:3003272	daptomycin resistant cls	daptomycin	ARO:0000068	aro_obo
ARO:3003814	daptomycin resistant drmA	daptomycin	ARO:0000068	aro_obo
ARO:3003802	daptomycin resistant gdpD	daptomycin	ARO:0000068	aro_obo
ARO:3003091	daptomycin resistant mprF	daptomycin	ARO:0000068	aro_obo
ARO:3003080	daptomycin resistant pgsA	daptomycin	ARO:0000068	aro_obo
ARO:3003795	daptomycin resistant walK	daptomycin	ARO:0000068	aro_obo
ARO:3003290	daptomycin-resistant beta prime subunit of RNA polymerase (rpoC)	daptomycin	ARO:0000068	aro_obo
ARO:3003090	daptomycin-resistant beta-subunit of RNA polymerase (rpoB)	daptomycin	ARO:0000068	aro_obo
ARO:3005354	dfr22	trimethoprim	ARO:3000188	aro_obo
ARO:3002854	dfrA1	trimethoprim	ARO:3000188	aro_obo
ARO:3003011	dfrA10	trimethoprim	ARO:3000188	aro_obo
ARO:3002858	dfrA12	trimethoprim	ARO:3000188	aro_obo
ARO:3003012	dfrA13	trimethoprim	ARO:3000188	aro_obo
ARO:3002859	dfrA14	trimethoprim	ARO:3000188	aro_obo
ARO:3003013	dfrA15	trimethoprim	ARO:3000188	aro_obo
ARO:3004640	dfrA15b	trimethoprim	ARO:3000188	aro_obo
ARO:3003014	dfrA16	trimethoprim	ARO:3000188	aro_obo
ARO:3002860	dfrA17	trimethoprim	ARO:3000188	aro_obo
ARO:3004568	dfrA18	trimethoprim	ARO:3000188	aro_obo
ARO:3003015	dfrA19	trimethoprim	ARO:3000188	aro_obo
ARO:3003016	dfrA20	trimethoprim	ARO:3000188	aro_obo
ARO:3003017	dfrA21	trimethoprim	ARO:3000188	aro_obo
ARO:3003018	dfrA22	trimethoprim	ARO:3000188	aro_obo
ARO:3003019	dfrA23	trimethoprim	ARO:3000188	aro_obo
ARO:3002856	dfrA24	trimethoprim	ARO:3000188	aro_obo
ARO:3003020	dfrA25	trimethoprim	ARO:3000188	aro_obo
ARO:3002857	dfrA26	trimethoprim	ARO:3000188	aro_obo
ARO:3004550	dfrA27	trimethoprim	ARO:3000188	aro_obo
ARO:3004551	dfrA28	trimethoprim	ARO:3000188	aro_obo
ARO:3004554	dfrA29	trimethoprim	ARO:3000188	aro_obo
ARO:3003105	dfrA3	trimethoprim	ARO:3000188	aro_obo
ARO:3004552	dfrA30	trimethoprim	ARO:3000188	aro_obo
ARO:3005084	dfrA31	trimethoprim	ARO:3000188	aro_obo
ARO:3004555	dfrA32	trimethoprim	ARO:3000188	aro_obo
ARO:3005164	dfrA35	trimethoprim	ARO:3000188	aro_obo
ARO:3004642	dfrA3b	trimethoprim	ARO:3000188	aro_obo
ARO:3002861	dfrA5	trimethoprim	ARO:3000188	aro_obo
ARO:3004547	dfrA6	trimethoprim	ARO:3000188	aro_obo
ARO:3004644	dfrA6 from Proteus mirabilis	trimethoprim	ARO:3000188	aro_obo
ARO:3002862	dfrA7	trimethoprim	ARO:3000188	aro_obo
ARO:3002863	dfrA8	trimethoprim	ARO:3000188	aro_obo
ARO:3004548	dfrA9	trimethoprim	ARO:3000188	aro_obo
ARO:3002864	dfrB1	trimethoprim	ARO:3000188	aro_obo
ARO:3007489	dfrB10	trimethoprim	ARO:3000188	aro_obo
ARO:3007490	dfrB11	trimethoprim	ARO:3000188	aro_obo
ARO:3003021	dfrB2	trimethoprim	ARO:3000188	aro_obo
ARO:3003022	dfrB3	trimethoprim	ARO:3000188	aro_obo
ARO:3004498	dfrB4	trimethoprim	ARO:3000188	aro_obo
ARO:3004549	dfrB5	trimethoprim	ARO:3000188	aro_obo
ARO:3003023	dfrB6	trimethoprim	ARO:3000188	aro_obo
ARO:3004556	dfrB7	trimethoprim	ARO:3000188	aro_obo
ARO:3002865	dfrC	trimethoprim	ARO:3000188	aro_obo
ARO:3002866	dfrD	trimethoprim	ARO:3000188	aro_obo
ARO:3002875	dfrE	trimethoprim	ARO:3000188	aro_obo
ARO:3002867	dfrF	trimethoprim	ARO:3000188	aro_obo
ARO:3002868	dfrG	trimethoprim	ARO:3000188	aro_obo
ARO:3004645	dfrI	trimethoprim	ARO:3000188	aro_obo
ARO:3002869	dfrK	trimethoprim	ARO:3000188	aro_obo
ARO:3007456	dfrL	iclaprim	ARO:3000337	aro_obo
ARO:3007456	dfrL	streptomycin	ARO:0000040	aro_obo
ARO:3007456	dfrL	tetracycline	ARO:0000051	aro_obo
ARO:3007456	dfrL	tobramycin	ARO:0000052	aro_obo
ARO:3007456	dfrL	trimethoprim	ARO:3000188	aro_obo
ARO:3003761	eatAv	pleuromutilin	ARO:3001317	aro_obo
ARO:3003954	efmA	erythromycin	ARO:0000006	aro_obo
ARO:3003955	efpA	isoniazid	ARO:3000520	aro_obo
ARO:3003955	efpA	rifampin	ARO:3000169	aro_obo
ARO:3003551	emeA	acriflavine	ARO:0000045	aro_obo
ARO:3000309	emrD	chloramphenicol	ARO:3000385	aro_obo
ARO:3004669	emtA	evernimicin	ARO:3007167	aro_obo
ARO:3003576	eptA	polymyxin b	ARO:3000454	aro_obo
ARO:3005047	eptB	colistin a	ARO:3000622	aro_obo
ARO:3005047	eptB	colistin b	ARO:3000624	aro_obo
ARO:3005047	eptB	polymyxin b	ARO:3000454	aro_obo
ARO:3004592	erm(32)	methymycin	ARO:3001232	aro_obo
ARO:3004592	erm(32)	narbomycin	ARO:3001226	aro_obo
ARO:3004592	erm(32)	pikromycin	ARO:3001233	aro_obo
ARO:3004606	erm(40)	clarithromycin	ARO:0000065	aro_obo
ARO:3004606	erm(40)	clindamycin	ARO:0000066	aro_obo
ARO:3004606	erm(40)	erythromycin	ARO:0000006	aro_obo
ARO:3004606	erm(40)	spiramycin	ARO:3000156	aro_obo
ARO:3004595	erm(45)	clindamycin	ARO:0000066	aro_obo
ARO:3004595	erm(45)	erythromycin	ARO:0000006	aro_obo
ARO:3004595	erm(45)	pristinamycin ia	ARO:3000583	aro_obo
ARO:3004596	erm(46)	azithromycin	ARO:3000158	aro_obo
ARO:3004596	erm(46)	clarithromycin	ARO:0000065	aro_obo
ARO:3004596	erm(46)	erythromycin	ARO:0000006	aro_obo
ARO:3007654	erm(56)	clindamycin	ARO:0000066	aro_obo
ARO:3007654	erm(56)	erythromycin	ARO:0000006	aro_obo
ARO:3007654	erm(56)	pristinamycin ia	ARO:3000583	aro_obo
ARO:3004605	ermZ	spiramycin	ARO:3000156	aro_obo
ARO:3002876	ethambutol resistant aftA	ethambutol	ARO:3000497	aro_obo
ARO:3003452	ethambutol resistant embA	ethambutol	ARO:3000497	aro_obo
ARO:3000235	ethambutol resistant embB	ethambutol	ARO:3000497	aro_obo
ARO:3002706	ethambutol resistant embC	ethambutol	ARO:3000497	aro_obo
ARO:3003454	ethambutol resistant embR	ethambutol	ARO:3000497	aro_obo
ARO:3003447	ethambutol resistant iniA	ethambutol	ARO:3000497	aro_obo
ARO:3001313	facT	factumycin	ARO:3001220	aro_obo
ARO:3003960	farAB	linoleic acid	ARO:3003959	aro_obo
ARO:3003960	farAB	oleic acid	ARO:3003958	aro_obo
ARO:3003960	farAB	palmitic acid	ARO:3003957	aro_obo
ARO:3002704	fexA	chloramphenicol	ARO:3000385	aro_obo
ARO:3002704	fexA	florfenicol	ARO:3000461	aro_obo
ARO:3007019	fexB	florfenicol	ARO:3000461	aro_obo
ARO:3003963	flo	chloramphenicol	ARO:3000385	aro_obo
ARO:3003963	flo	florfenicol	ARO:3000461	aro_obo
ARO:3002705	floR	chloramphenicol	ARO:3000385	aro_obo
ARO:3002705	floR	florfenicol	ARO:3000461	aro_obo
ARO:3003209	fosA5	ciprofloxacin	ARO:0000036	aro_obo
ARO:3003209	fosA5	gentamicin	ARO:3007382	aro_obo
ARO:3003552	fusB	fusidic acid	ARO:3000759	aro_obo
ARO:3003733	fusC	fusidic acid	ARO:3000759	aro_obo
ARO:3003731	fusD	fusidic acid	ARO:3000759	aro_obo
ARO:3003026	fusH	fusidic acid	ARO:3000759	aro_obo
ARO:3000463	gimA	chalcomycin	ARO:3001222	aro_obo
ARO:3000463	gimA	methymycin	ARO:3001232	aro_obo
ARO:3000463	gimA	oleandomycin	ARO:3000867	aro_obo
ARO:3000463	gimA	tylosin	ARO:3000145	aro_obo
ARO:3000236	glycopeptide resistance gene cluster VanA	teicoplanin	ARO:0000029	aro_obo
ARO:3000236	glycopeptide resistance gene cluster VanA	vancomycin	ARO:0000028	aro_obo
ARO:3000238	glycopeptide resistance gene cluster VanB	vancomycin	ARO:0000028	aro_obo
ARO:3000246	glycopeptide resistance gene cluster VanC	vancomycin	ARO:0000028	aro_obo
ARO:3000253	glycopeptide resistance gene cluster VanD	teicoplanin	ARO:0000029	aro_obo
ARO:3000253	glycopeptide resistance gene cluster VanD	vancomycin	ARO:0000028	aro_obo
ARO:3000259	glycopeptide resistance gene cluster VanE	vancomycin	ARO:0000028	aro_obo
ARO:3000255	glycopeptide resistance gene cluster VanF	vancomycin	ARO:0000028	aro_obo
ARO:3000257	glycopeptide resistance gene cluster VanG	vancomycin	ARO:0000028	aro_obo
ARO:3003722	glycopeptide resistance gene cluster VanI	teicoplanin	ARO:0000029	aro_obo
ARO:3003722	glycopeptide resistance gene cluster VanI	vancomycin	ARO:0000028	aro_obo
ARO:3000260	glycopeptide resistance gene cluster VanL	vancomycin	ARO:0000028	aro_obo
ARO:3000256	glycopeptide resistance gene cluster VanM	teicoplanin	ARO:0000029	aro_obo
ARO:3000256	glycopeptide resistance gene cluster VanM	vancomycin	ARO:0000028	aro_obo
ARO:3002917	glycopeptide resistance gene cluster VanN	vancomycin	ARO:0000028	aro_obo
ARO:3002918	glycopeptide resistance gene cluster VanO	vancomycin	ARO:0000028	aro_obo
ARO:3007187	glycopeptide resistance gene cluster vanP	teicoplanin	ARO:0000029	aro_obo
ARO:3007187	glycopeptide resistance gene cluster vanP	vancomycin	ARO:0000028	aro_obo
ARO:3003953	hmrM	acriflavine	ARO:0000045	aro_obo
ARO:3003953	hmrM	norfloxacin	ARO:3000662	aro_obo
ARO:3007061	hp1165	tetracycline	ARO:0000051	aro_obo
ARO:3003964	hp1181	ciprofloxacin	ARO:0000036	aro_obo
ARO:3003964	hp1181	metronidazole	ARO:3000689	aro_obo
ARO:3003964	hp1181	tetracycline	ARO:0000051	aro_obo
ARO:3003965	hp1184	ciprofloxacin	ARO:0000036	aro_obo
ARO:3003965	hp1184	erythromycin	ARO:0000006	aro_obo
ARO:3003965	hp1184	metronidazole	ARO:3000689	aro_obo
ARO:3003965	hp1184	tetracycline	ARO:0000051	aro_obo
ARO:3002884	iri	rifabutin	ARO:3000530	aro_obo
ARO:3002884	iri	rifampin	ARO:3000169	aro_obo
ARO:3002884	iri	rifapentine	ARO:3000534	aro_obo
ARO:3002884	iri	rifaximin	ARO:3000517	aro_obo
ARO:3004102	kamB	apramycin	ARO:0000037	aro_obo
ARO:3004102	kamB	kanamycin a	ARO:0000049	aro_obo
ARO:3004102	kamB	neomycin	ARO:0000005	aro_obo
ARO:3004046	kdpDE	kanamycin a	ARO:0000049	aro_obo
ARO:3003967	lfrA	ciprofloxacin	ARO:0000036	aro_obo
ARO:3003967	lfrA	norfloxacin	ARO:3000662	aro_obo
ARO:3004651	lin	lincomycin	ARO:0000046	aro_obo
ARO:3002879	linG	lincomycin	ARO:0000046	aro_obo
ARO:3004287	lipid A phosphatase	polymyxin b1	ARO:3000625	aro_obo
ARO:3004287	lipid A phosphatase	polymyxin b2	ARO:3000626	aro_obo
ARO:3004287	lipid A phosphatase	polymyxin b3	ARO:3000627	aro_obo
ARO:3004287	lipid A phosphatase	polymyxin b4	ARO:3000628	aro_obo
ARO:3003027	lmrAB Operon	lincomycin	ARO:0000046	aro_obo
ARO:3003027	lmrAB Operon	puromycin	ARO:0000047	aro_obo
ARO:3002881	lmrC	celesticetin	ARO:3001231	aro_obo
ARO:3002881	lmrC	clindamycin	ARO:0000066	aro_obo
ARO:3002881	lmrC	lincomycin	ARO:0000046	aro_obo
ARO:3003969	lmrP	azithromycin	ARO:3000158	aro_obo
ARO:3003969	lmrP	chlortetracycline	ARO:3000528	aro_obo
ARO:3003969	lmrP	clarithromycin	ARO:0000065	aro_obo
ARO:3003969	lmrP	dalfopristin	ARO:3000674	aro_obo
ARO:3003969	lmrP	demeclocycline	ARO:3000667	aro_obo
ARO:3003969	lmrP	erythromycin	ARO:0000006	aro_obo
ARO:3003969	lmrP	minocycline	ARO:3000152	aro_obo
ARO:3003969	lmrP	oxytetracycline	ARO:3000668	aro_obo
ARO:3003969	lmrP	roxithromycin	ARO:0000027	aro_obo
ARO:3003969	lmrP	tetracycline	ARO:0000051	aro_obo
ARO:3002835	lnuA	lincomycin	ARO:0000046	aro_obo
ARO:3002835	lnuA	pirlimycin	ARO:3007169	aro_obo
ARO:3002836	lnuB	clindamycin	ARO:0000066	aro_obo
ARO:3002836	lnuB	lincomycin	ARO:0000046	aro_obo
ARO:3002837	lnuC	lincomycin	ARO:0000046	aro_obo
ARO:3002838	lnuD	clindamycin	ARO:0000066	aro_obo
ARO:3002838	lnuD	lincomycin	ARO:0000046	aro_obo
ARO:3003762	lnuE	lincomycin	ARO:0000046	aro_obo
ARO:3002839	lnuF	clindamycin	ARO:0000066	aro_obo
ARO:3002839	lnuF	lincomycin	ARO:0000046	aro_obo
ARO:3004085	lnuG	lincomycin	ARO:0000046	aro_obo
ARO:3000300	lsaA	clindamycin	ARO:0000066	aro_obo
ARO:3000300	lsaA	dalfopristin	ARO:3000674	aro_obo
ARO:3000300	lsaA	pleuromutilin	ARO:3001317	aro_obo
ARO:3000300	lsaA	quinupristin	ARO:3000584	aro_obo
ARO:3003111	lsaB	clindamycin	ARO:0000066	aro_obo
ARO:3003111	lsaB	pleuromutilin	ARO:3001317	aro_obo
ARO:3003112	lsaC	clindamycin	ARO:0000066	aro_obo
ARO:3003112	lsaC	lincomycin	ARO:0000046	aro_obo
ARO:3003112	lsaC	pleuromutilin	ARO:3001317	aro_obo
ARO:3005121	lsaD	clindamycin	ARO:0000066	aro_obo
ARO:3005121	lsaD	lincomycin	ARO:0000046	aro_obo
ARO:3005121	lsaD	tiamulin	ARO:3000671	aro_obo
ARO:3005121	lsaD	virginiamycin m1	ARO:3000669	aro_obo
ARO:3003206	lsaE	lincomycin	ARO:0000046	aro_obo
ARO:3003206	lsaE	pleuromutilin	ARO:3001317	aro_obo
ARO:3007137	mcr-10.1	colistin a	ARO:3000622	aro_obo
ARO:3007137	mcr-10.1	colistin b	ARO:3000624	aro_obo
ARO:3007011	mdeA	acriflavine	ARO:0000045	aro_obo
ARO:3007011	mdeA	ampicillin	ARO:3000637	aro_obo
ARO:3007011	mdeA	ciprofloxacin	ARO:0000036	aro_obo
ARO:3007011	mdeA	kanamycin a	ARO:0000049	aro_obo
ARO:3007011	mdeA	nalidixic acid	ARO:3000661	aro_obo
ARO:3007011	mdeA	oxacillin	ARO:0000056	aro_obo
ARO:3007011	mdeA	tetracycline	ARO:0000051	aro_obo
ARO:3001329	mdtG	fosfomycin	ARO:0000025	aro_obo
ARO:3001216	mdtH	enoxacin	ARO:0000023	aro_obo
ARO:3001216	mdtH	norfloxacin	ARO:3000662	aro_obo
ARO:3001214	mdtM	acriflavine	ARO:0000045	aro_obo
ARO:3001214	mdtM	chloramphenicol	ARO:3000385	aro_obo
ARO:3001214	mdtM	lincomycin	ARO:0000046	aro_obo
ARO:3001214	mdtM	norfloxacin	ARO:3000662	aro_obo
ARO:3001214	mdtM	puromycin	ARO:0000047	aro_obo
ARO:3000617	mecA	methicillin	ARO:0000015	aro_obo
ARO:3003440	mecB	methicillin	ARO:0000015	aro_obo
ARO:3001209	mecC	methicillin	ARO:0000015	aro_obo
ARO:3004185	mecD	methicillin	ARO:0000015	aro_obo
ARO:3003107	mef(B)	azithromycin	ARO:3000158	aro_obo
ARO:3003107	mef(B)	erythromycin	ARO:0000006	aro_obo
ARO:3003745	mef(C)	oxytetracycline	ARO:3000668	aro_obo
ARO:3005089	mef(D)	erythromycin	ARO:0000006	aro_obo
ARO:3000614	mef(E)	erythromycin	ARO:0000006	aro_obo
ARO:3007044	mef(F)	azithromycin	ARO:3000158	aro_obo
ARO:3007044	mef(F)	erythromycin	ARO:0000006	aro_obo
ARO:3000616	mel	erythromycin	ARO:0000006	aro_obo
ARO:3000616	mel	telithromycin	ARO:0000057	aro_obo
ARO:3000026	mepA	tigecycline	ARO:0000030	aro_obo
ARO:3003844	mfd	ciprofloxacin	ARO:0000036	aro_obo
ARO:3003035	mfpA	ciprofloxacin	ARO:0000036	aro_obo
ARO:3003035	mfpA	sparfloxacin	ARO:3000666	aro_obo
ARO:3003820	mgrB	colistin a	ARO:3000622	aro_obo
ARO:3003820	mgrB	colistin b	ARO:3000624	aro_obo
ARO:3000462	mgtA	azithromycin	ARO:3000158	aro_obo
ARO:3000462	mgtA	erythromycin	ARO:0000006	aro_obo
ARO:3000462	mgtA	methymycin	ARO:3001232	aro_obo
ARO:3000462	mgtA	tylosin	ARO:3000145	aro_obo
ARO:3005058	mlaFEDB	vancomycin	ARO:0000028	aro_obo
ARO:3000316	mphA	azithromycin	ARO:3000158	aro_obo
ARO:3000316	mphA	clarithromycin	ARO:0000065	aro_obo
ARO:3000316	mphA	dirithromycin	ARO:3000176	aro_obo
ARO:3000316	mphA	erythromycin	ARO:0000006	aro_obo
ARO:3000316	mphA	oleandomycin	ARO:3000867	aro_obo
ARO:3000316	mphA	roxithromycin	ARO:0000027	aro_obo
ARO:3000316	mphA	telithromycin	ARO:0000057	aro_obo
ARO:3000318	mphB	azithromycin	ARO:3000158	aro_obo
ARO:3000318	mphB	clarithromycin	ARO:0000065	aro_obo
ARO:3000318	mphB	dirithromycin	ARO:3000176	aro_obo
ARO:3000318	mphB	erythromycin	ARO:0000006	aro_obo
ARO:3000318	mphB	oleandomycin	ARO:3000867	aro_obo
ARO:3000318	mphB	roxithromycin	ARO:0000027	aro_obo
ARO:3000318	mphB	spiramycin	ARO:3000156	aro_obo
ARO:3000318	mphB	telithromycin	ARO:0000057	aro_obo
ARO:3000318	mphB	tylosin	ARO:3000145	aro_obo
ARO:3000319	mphC	azithromycin	ARO:3000158	aro_obo
ARO:3000319	mphC	clarithromycin	ARO:0000065	aro_obo
ARO:3000319	mphC	dirithromycin	ARO:3000176	aro_obo
ARO:3000319	mphC	erythromycin	ARO:0000006	aro_obo
ARO:3000319	mphC	oleandomycin	ARO:3000867	aro_obo
ARO:3000319	mphC	roxithromycin	ARO:0000027	aro_obo
ARO:3000319	mphC	spiramycin	ARO:3000156	aro_obo
ARO:3000319	mphC	telithromycin	ARO:0000057	aro_obo
ARO:3000319	mphC	tylosin	ARO:3000145	aro_obo
ARO:3003741	mphE	erythromycin	ARO:0000006	aro_obo
ARO:3003071	mphF	azithromycin	ARO:3000158	aro_obo
ARO:3003071	mphF	clarithromycin	ARO:0000065	aro_obo
ARO:3003071	mphF	erythromycin	ARO:0000006	aro_obo
ARO:3003071	mphF	roxithromycin	ARO:0000027	aro_obo
ARO:3003071	mphF	tylosin	ARO:3000145	aro_obo
ARO:3003742	mphG	azithromycin	ARO:3000158	aro_obo
ARO:3003742	mphG	clarithromycin	ARO:0000065	aro_obo
ARO:3003742	mphG	erythromycin	ARO:0000006	aro_obo
ARO:3004539	mphH	azithromycin	ARO:3000158	aro_obo
ARO:3003991	mphI	erythromycin	ARO:0000006	aro_obo
ARO:3003991	mphI	telithromycin	ARO:0000057	aro_obo
ARO:3003991	mphI	tylosin	ARO:3000145	aro_obo
ARO:3004544	mphJ	erythromycin	ARO:0000006	aro_obo
ARO:3004544	mphJ	telithromycin	ARO:0000057	aro_obo
ARO:3004544	mphJ	tylosin	ARO:3000145	aro_obo
ARO:3004541	mphK	azithromycin	ARO:3000158	aro_obo
ARO:3004541	mphK	telithromycin	ARO:0000057	aro_obo
ARO:3003072	mphL	azithromycin	ARO:3000158	aro_obo
ARO:3003072	mphL	clarithromycin	ARO:0000065	aro_obo
ARO:3003072	mphL	erythromycin	ARO:0000006	aro_obo
ARO:3003767	mphM	erythromycin	ARO:0000006	aro_obo
ARO:3004542	mphN	erythromycin	ARO:0000006	aro_obo
ARO:3004543	mphO	erythromycin	ARO:0000006	aro_obo
ARO:3007050	mreA	azithromycin	ARO:3000158	aro_obo
ARO:3007050	mreA	erythromycin	ARO:0000006	aro_obo
ARO:3007050	mreA	spiramycin	ARO:3000156	aro_obo
ARO:3003950	msbA	metronidazole	ARO:3000689	aro_obo
ARO:3007042	msr(G)	azithromycin	ARO:3000158	aro_obo
ARO:3007042	msr(G)	erythromycin	ARO:0000006	aro_obo
ARO:3007043	msr(I)	fosfomycin	ARO:0000025	aro_obo
ARO:3000251	msrA	erythromycin	ARO:0000006	aro_obo
ARO:3000251	msrA	quinupristin	ARO:3000584	aro_obo
ARO:3002818	msrB	erythromycin	ARO:0000006	aro_obo
ARO:3002818	msrB	quinupristin	ARO:3000584	aro_obo
ARO:3002819	msrC	erythromycin	ARO:0000006	aro_obo
ARO:3002819	msrC	quinupristin	ARO:3000584	aro_obo
ARO:3003109	msrE	erythromycin	ARO:0000006	aro_obo
ARO:3005087	msrF	erythromycin	ARO:0000006	aro_obo
ARO:3005088	msrH	erythromycin	ARO:0000006	aro_obo
ARO:3004560	murG transferase	vancomycin	ARO:0000028	aro_obo
ARO:3001300	myrA	mycinamicin	ARO:3001224	aro_obo
ARO:3001300	myrA	tylosin	ARO:3000145	aro_obo
ARO:3007104	nimA	metronidazole	ARO:3000689	aro_obo
ARO:3004655	nimB	metronidazole	ARO:3000689	aro_obo
ARO:3007105	nimC	metronidazole	ARO:3000689	aro_obo
ARO:3007106	nimD	metronidazole	ARO:3000689	aro_obo
ARO:3007107	nimE	metronidazole	ARO:3000689	aro_obo
ARO:3007108	nimF	metronidazole	ARO:3000689	aro_obo
ARO:3007109	nimG	metronidazole	ARO:3000689	aro_obo
ARO:3007110	nimH	metronidazole	ARO:3000689	aro_obo
ARO:3007111	nimI	metronidazole	ARO:3000689	aro_obo
ARO:3007112	nimJ	metronidazole	ARO:3000689	aro_obo
ARO:3007113	nimK	metronidazole	ARO:3000689	aro_obo
ARO:3000391	norA	acriflavine	ARO:0000045	aro_obo
ARO:3000391	norA	ciprofloxacin	ARO:0000036	aro_obo
ARO:3000391	norA	norfloxacin	ARO:3000662	aro_obo
ARO:3000421	norB	ciprofloxacin	ARO:0000036	aro_obo
ARO:3000421	norB	moxifloxacin	ARO:0000074	aro_obo
ARO:3000421	norB	norfloxacin	ARO:3000662	aro_obo
ARO:3000421	norB	sparfloxacin	ARO:3000666	aro_obo
ARO:3002522	novA	novobiocin	ARO:3000111	aro_obo
ARO:3002665	npmA	amikacin	ARO:0000013	aro_obo
ARO:3002665	npmA	gentamicin a	ARO:3004015	aro_obo
ARO:3002665	npmA	neomycin	ARO:0000005	aro_obo
ARO:3002665	npmA	ribostamycin	ARO:0000021	aro_obo
ARO:3003036	oleB	oleandomycin	ARO:3000867	aro_obo
ARO:3003748	oleC	oleandomycin	ARO:3000867	aro_obo
ARO:3000865	oleD	erythromycin	ARO:0000006	aro_obo
ARO:3000865	oleD	tylosin	ARO:3000145	aro_obo
ARO:3000866	oleI	oleandomycin	ARO:3000867	aro_obo
ARO:3003746	optrA	chloramphenicol	ARO:3000385	aro_obo
ARO:3003746	optrA	florfenicol	ARO:3000461	aro_obo
ARO:3003746	optrA	linezolid	ARO:0000072	aro_obo
ARO:3003746	optrA	tedizolid	ARO:3003897	aro_obo
ARO:3003921	oqxAB	ciprofloxacin	ARO:0000036	aro_obo
ARO:3003921	oqxAB	nitrofurantoin	ARO:0000075	aro_obo
ARO:3003921	oqxAB	tigecycline	ARO:0000030	aro_obo
ARO:3003921	oqxAB	trimethoprim	ARO:3000188	aro_obo
ARO:3002892	otr(B)	tetracycline	ARO:0000051	aro_obo
ARO:3002894	otr(C)	tetracycline	ARO:0000051	aro_obo
ARO:3004666	pexA	chloramphenicol	ARO:3000385	aro_obo
ARO:3004666	pexA	florfenicol	ARO:3000461	aro_obo
ARO:3003920	pgpB	polymyxin b	ARO:3000454	aro_obo
ARO:3000822	pmrA	ciprofloxacin	ARO:0000036	aro_obo
ARO:3000822	pmrA	norfloxacin	ARO:3000662	aro_obo
ARO:3004114	porin OmpC	cefazolin	ARO:0000058	aro_obo
ARO:3004114	porin OmpC	cephaloridine	ARO:3004129	aro_obo
ARO:3004470	poxtA	chloramphenicol	ARO:3000385	aro_obo
ARO:3004470	poxtA	doxycycline	ARO:0000069	aro_obo
ARO:3004470	poxtA	florfenicol	ARO:3000461	aro_obo
ARO:3004470	poxtA	linezolid	ARO:0000072	aro_obo
ARO:3004470	poxtA	tetracycline	ARO:0000051	aro_obo
ARO:3002812	pp-flo	chloramphenicol	ARO:3000385	aro_obo
ARO:3002812	pp-flo	florfenicol	ARO:3000461	aro_obo
ARO:3007659	putative nickel/cobalt transporter	gentamicin	ARO:3007382	aro_obo
ARO:3007659	putative nickel/cobalt transporter	isoniazid	ARO:3000520	aro_obo
ARO:3007659	putative nickel/cobalt transporter	nalidixic acid	ARO:3000661	aro_obo
ARO:3007659	putative nickel/cobalt transporter	norfloxacin	ARO:3000662	aro_obo
ARO:3007659	putative nickel/cobalt transporter	ofloxacin	ARO:3000663	aro_obo
ARO:3007659	putative nickel/cobalt transporter	sparfloxacin	ARO:3000666	aro_obo
ARO:3007015	qacG	benzalkonium chloride	ARO:3003823	aro_obo
ARO:3007014	qacJ	benzalkonium chloride	ARO:3003823	aro_obo
ARO:3004636	qnrE1	ciprofloxacin	ARO:0000036	aro_obo
ARO:3004637	qnrE2	ciprofloxacin	ARO:0000036	aro_obo
ARO:3000419	quinolone resistance protein (qnr)	ciprofloxacin	ARO:0000036	aro_obo
ARO:3000419	quinolone resistance protein (qnr)	gatifloxacin	ARO:3000659	aro_obo
ARO:3000419	quinolone resistance protein (qnr)	levofloxacin	ARO:0000071	aro_obo
ARO:3000419	quinolone resistance protein (qnr)	moxifloxacin	ARO:0000074	aro_obo
ARO:3000419	quinolone resistance protein (qnr)	nalidixic acid	ARO:3000661	aro_obo
ARO:3000419	quinolone resistance protein (qnr)	norfloxacin	ARO:3000662	aro_obo
ARO:3000419	quinolone resistance protein (qnr)	sparfloxacin	ARO:3000666	aro_obo
ARO:3002883	rgt1438	rifabutin	ARO:3000530	aro_obo
ARO:3002883	rgt1438	rifampin	ARO:3000169	aro_obo
ARO:3002883	rgt1438	rifapentine	ARO:3000534	aro_obo
ARO:3002883	rgt1438	rifaximin	ARO:3000517	aro_obo
ARO:3004998	rifampicin resistant rpoA	rifampin	ARO:3000169	aro_obo
ARO:3004995	rifampicin resistant rpoC	rifabutin	ARO:3000530	aro_obo
ARO:3004995	rifampicin resistant rpoC	rifampin	ARO:3000169	aro_obo
ARO:3000390	rifampin ADP-ribosyltransferase (Arr)	rifabutin	ARO:3000530	aro_obo
ARO:3000390	rifampin ADP-ribosyltransferase (Arr)	rifampin	ARO:3000169	aro_obo
ARO:3000390	rifampin ADP-ribosyltransferase (Arr)	rifapentine	ARO:3000534	aro_obo
ARO:3000390	rifampin ADP-ribosyltransferase (Arr)	rifaximin	ARO:3000517	aro_obo
ARO:3000859	rmtA	amikacin	ARO:0000013	aro_obo
ARO:3000859	rmtA	arbekacin	ARO:3000654	aro_obo
ARO:3000859	rmtA	dibekacin	ARO:0000007	aro_obo
ARO:3000859	rmtA	g418	ARO:3000653	aro_obo
ARO:3000859	rmtA	gentamicin b	ARO:3000655	aro_obo
ARO:3000859	rmtA	gentamicin c	ARO:0000014	aro_obo
ARO:3000859	rmtA	isepamicin	ARO:3000652	aro_obo
ARO:3000859	rmtA	kanamycin a	ARO:0000049	aro_obo
ARO:3000859	rmtA	netilmicin	ARO:0000038	aro_obo
ARO:3000859	rmtA	sisomicin	ARO:0000035	aro_obo
ARO:3000859	rmtA	tobramycin	ARO:0000052	aro_obo
ARO:3000860	rmtB	amikacin	ARO:0000013	aro_obo
ARO:3000860	rmtB	arbekacin	ARO:3000654	aro_obo
ARO:3000860	rmtB	dibekacin	ARO:0000007	aro_obo
ARO:3000860	rmtB	g418	ARO:3000653	aro_obo
ARO:3000860	rmtB	gentamicin b	ARO:3000655	aro_obo
ARO:3000860	rmtB	gentamicin c	ARO:0000014	aro_obo
ARO:3000860	rmtB	isepamicin	ARO:3000652	aro_obo
ARO:3000860	rmtB	kanamycin a	ARO:0000049	aro_obo
ARO:3000860	rmtB	netilmicin	ARO:0000038	aro_obo
ARO:3000860	rmtB	sisomicin	ARO:0000035	aro_obo
ARO:3000860	rmtB	tobramycin	ARO:0000052	aro_obo
ARO:3000861	rmtC	amikacin	ARO:0000013	aro_obo
ARO:3000861	rmtC	arbekacin	ARO:3000654	aro_obo
ARO:3000861	rmtC	dibekacin	ARO:0000007	aro_obo
ARO:3000861	rmtC	g418	ARO:3000653	aro_obo
ARO:3000861	rmtC	gentamicin b	ARO:3000655	aro_obo
ARO:3000861	rmtC	gentamicin c	ARO:0000014	aro_obo
ARO:3000861	rmtC	isepamicin	ARO:3000652	aro_obo
ARO:3000861	rmtC	kanamycin a	ARO:0000049	aro_obo
ARO:3000861	rmtC	netilmicin	ARO:0000038	aro_obo
ARO:3000861	rmtC	sisomicin	ARO:0000035	aro_obo
ARO:3000861	rmtC	tobramycin	ARO:0000052	aro_obo
ARO:3002667	rmtD	amikacin	ARO:0000013	aro_obo
ARO:3002667	rmtD	arbekacin	ARO:3000654	aro_obo
ARO:3002667	rmtD	gentamicin a	ARO:3004015	aro_obo
ARO:3002667	rmtD	tobramycin	ARO:0000052	aro_obo
ARO:3004677	rmtD2	amikacin	ARO:0000013	aro_obo
ARO:3004677	rmtD2	gentamicin a	ARO:3004015	aro_obo
ARO:3004677	rmtD2	kanamycin a	ARO:0000049	aro_obo
ARO:3004677	rmtD2	netilmicin	ARO:0000038	aro_obo
ARO:3004677	rmtD2	tobramycin	ARO:0000052	aro_obo
ARO:3004678	rmtE	amikacin	ARO:0000013	aro_obo
ARO:3004678	rmtE	gentamicin a	ARO:3004015	aro_obo
ARO:3004679	rmtE2	amikacin	ARO:0000013	aro_obo
ARO:3004679	rmtE2	gentamicin a	ARO:3004015	aro_obo
ARO:3004679	rmtE2	kanamycin a	ARO:0000049	aro_obo
ARO:3002666	rmtF	astromicin	ARO:0000003	aro_obo
ARO:3002666	rmtF	gentamicin a	ARO:3004015	aro_obo
ARO:3002666	rmtF	kanamycin a	ARO:0000049	aro_obo
ARO:3002668	rmtG	amikacin	ARO:0000013	aro_obo
ARO:3002668	rmtG	arbekacin	ARO:3000654	aro_obo
ARO:3002668	rmtG	gentamicin a	ARO:3004015	aro_obo
ARO:3002668	rmtG	tobramycin	ARO:0000052	aro_obo
ARO:3003198	rmtH	amikacin	ARO:0000013	aro_obo
ARO:3003198	rmtH	arbekacin	ARO:3000654	aro_obo
ARO:3003198	rmtH	gentamicin a	ARO:3004015	aro_obo
ARO:3003198	rmtH	tobramycin	ARO:0000052	aro_obo
ARO:3000444	rphA	rifabutin	ARO:3000530	aro_obo
ARO:3000444	rphA	rifampin	ARO:3000169	aro_obo
ARO:3000444	rphA	rifapentine	ARO:3000534	aro_obo
ARO:3000444	rphA	rifaximin	ARO:3000517	aro_obo
ARO:3003992	rphB	rifabutin	ARO:3000530	aro_obo
ARO:3003992	rphB	rifampin	ARO:3000169	aro_obo
ARO:3003992	rphB	rifapentine	ARO:3000534	aro_obo
ARO:3003992	rphB	rifaximin	ARO:3000517	aro_obo
ARO:3000501	rpoB2	rifabutin	ARO:3000530	aro_obo
ARO:3000501	rpoB2	rifampin	ARO:3000169	aro_obo
ARO:3000501	rpoB2	rifapentine	ARO:3000534	aro_obo
ARO:3000501	rpoB2	rifaximin	ARO:3000517	aro_obo
ARO:3003930	rpsJ	tetracycline	ARO:0000051	aro_obo
ARO:3003749	salA	clindamycin	ARO:0000066	aro_obo
ARO:3003749	salA	lincomycin	ARO:0000046	aro_obo
ARO:3003749	salA	retapamulin	ARO:3001314	aro_obo
ARO:3003749	salA	tiamulin	ARO:3000671	aro_obo
ARO:3003749	salA	virginiamycin m1	ARO:3000669	aro_obo
ARO:3007026	salB	clindamycin	ARO:0000066	aro_obo
ARO:3007026	salB	lincomycin	ARO:0000046	aro_obo
ARO:3007026	salB	retapamulin	ARO:3001314	aro_obo
ARO:3007026	salB	tiamulin	ARO:3000671	aro_obo
ARO:3007026	salB	virginiamycin m1	ARO:3000669	aro_obo
ARO:3007027	salC	clindamycin	ARO:0000066	aro_obo
ARO:3007027	salC	lincomycin	ARO:0000046	aro_obo
ARO:3007027	salC	retapamulin	ARO:3001314	aro_obo
ARO:3007027	salC	tiamulin	ARO:3000671	aro_obo
ARO:3007027	salC	virginiamycin m1	ARO:3000669	aro_obo
ARO:3007028	salD	lincomycin	ARO:0000046	aro_obo
ARO:3007028	salD	retapamulin	ARO:3001314	aro_obo
ARO:3007028	salD	tiamulin	ARO:3000671	aro_obo
ARO:3007028	salD	virginiamycin m1	ARO:3000669	aro_obo
ARO:3007029	salE	retapamulin	ARO:3001314	aro_obo
ARO:3007029	salE	tiamulin	ARO:3000671	aro_obo
ARO:3007013	sdrM	norfloxacin	ARO:3000662	aro_obo
ARO:3007012	sepA	acriflavine	ARO:0000045	aro_obo
ARO:3000862	sgm	amikacin	ARO:0000013	aro_obo
ARO:3000862	sgm	arbekacin	ARO:3000654	aro_obo
ARO:3000862	sgm	dibekacin	ARO:0000007	aro_obo
ARO:3000862	sgm	g418	ARO:3000653	aro_obo
ARO:3000862	sgm	gentamicin b	ARO:3000655	aro_obo
ARO:3000862	sgm	gentamicin c	ARO:0000014	aro_obo
ARO:3000862	sgm	isepamicin	ARO:3000652	aro_obo
ARO:3000862	sgm	kanamycin a	ARO:0000049	aro_obo
ARO:3000862	sgm	netilmicin	ARO:0000038	aro_obo
ARO:3000862	sgm	sisomicin	ARO:0000035	aro_obo
ARO:3000862	sgm	tobramycin	ARO:0000052	aro_obo
ARO:3000261	sigma factor conferring resistance to rifampin	rifabutin	ARO:3000530	aro_obo
ARO:3000261	sigma factor conferring resistance to rifampin	rifampin	ARO:3000169	aro_obo
ARO:3000261	sigma factor conferring resistance to rifampin	rifapentine	ARO:3000534	aro_obo
ARO:3000261	sigma factor conferring resistance to rifampin	rifaximin	ARO:3000517	aro_obo
ARO:3002631	spd	spectinomycin	ARO:0000039	aro_obo
ARO:3002828	srmB	spiramycin	ARO:3000156	aro_obo
ARO:3004699	sta	streptothricin	ARO:0000012	aro_obo
ARO:3000453	streptogramin vat acetyltransferase	dalfopristin	ARO:3000674	aro_obo
ARO:3000453	streptogramin vat acetyltransferase	griseoviridin	ARO:3000673	aro_obo
ARO:3000453	streptogramin vat acetyltransferase	madumycin ii	ARO:3000672	aro_obo
ARO:3000453	streptogramin vat acetyltransferase	virginiamycin m1	ARO:3000669	aro_obo
ARO:3004965	streptomycin resistant whib7	streptomycin	ARO:0000040	aro_obo
ARO:3000410	sul1	mafenide	ARO:3000684	aro_obo
ARO:3000410	sul1	sulfacetamide	ARO:3000683	aro_obo
ARO:3000410	sul1	sulfadiazine	ARO:3000324	aro_obo
ARO:3000410	sul1	sulfadimidine	ARO:3000325	aro_obo
ARO:3000410	sul1	sulfadoxine	ARO:3000327	aro_obo
ARO:3000410	sul1	sulfamethizole	ARO:3000699	aro_obo
ARO:3000410	sul1	sulfamethoxazole	ARO:3000329	aro_obo
ARO:3000410	sul1	sulfasalazine	ARO:3000698	aro_obo
ARO:3000410	sul1	sulfisoxazole	ARO:3000330	aro_obo
ARO:3000412	sul2	mafenide	ARO:3000684	aro_obo
ARO:3000412	sul2	sulfacetamide	ARO:3000683	aro_obo
ARO:3000412	sul2	sulfadiazine	ARO:3000324	aro_obo
ARO:3000412	sul2	sulfadimidine	ARO:3000325	aro_obo
ARO:3000412	sul2	sulfadoxine	ARO:3000327	aro_obo
ARO:3000412	sul2	sulfamethizole	ARO:3000699	aro_obo
ARO:3000412	sul2	sulfamethoxazole	ARO:3000329	aro_obo
ARO:3000412	sul2	sulfasalazine	ARO:3000698	aro_obo
ARO:3000412	sul2	sulfisoxazole	ARO:3000330	aro_obo
ARO:3000413	sul3	mafenide	ARO:3000684	aro_obo
ARO:3000413	sul3	sulfacetamide	ARO:3000683	aro_obo
ARO:3000413	sul3	sulfadiazine	ARO:3000324	aro_obo
ARO:3000413	sul3	sulfadimidine	ARO:3000325	aro_obo
ARO:3000413	sul3	sulfadoxine	ARO:3000327	aro_obo
ARO:3000413	sul3	sulfamethizole	ARO:3000699	aro_obo
ARO:3000413	sul3	sulfamethoxazole	ARO:3000329	aro_obo
ARO:3000413	sul3	sulfasalazine	ARO:3000698	aro_obo
ARO:3000413	sul3	sulfisoxazole	ARO:3000330	aro_obo
ARO:3004361	sul4	sulfamethoxazole	ARO:3000329	aro_obo
ARO:3000343	tap	tetracycline	ARO:0000051	aro_obo
ARO:3003554	tcmA	tetracenomycin c	ARO:3007035	aro_obo
ARO:3002893	tcr3	tetracycline	ARO:0000051	aro_obo
ARO:3000561	tet(30)	tetracycline	ARO:0000051	aro_obo
ARO:3000476	tet(31)	tetracycline	ARO:0000051	aro_obo
ARO:3000196	tet(32)	chlortetracycline	ARO:3000528	aro_obo
ARO:3000196	tet(32)	demeclocycline	ARO:3000667	aro_obo
ARO:3000196	tet(32)	doxycycline	ARO:0000069	aro_obo
ARO:3000196	tet(32)	minocycline	ARO:3000152	aro_obo
ARO:3000196	tet(32)	oxytetracycline	ARO:3000668	aro_obo
ARO:3000196	tet(32)	tetracycline	ARO:0000051	aro_obo
ARO:3000478	tet(33)	tetracycline	ARO:0000051	aro_obo
ARO:3002870	tet(34)	tetracycline	ARO:0000051	aro_obo
ARO:3000481	tet(35)	tetracycline	ARO:0000051	aro_obo
ARO:3000197	tet(36)	chlortetracycline	ARO:3000528	aro_obo
ARO:3000197	tet(36)	demeclocycline	ARO:3000667	aro_obo
ARO:3000197	tet(36)	doxycycline	ARO:0000069	aro_obo
ARO:3000197	tet(36)	minocycline	ARO:3000152	aro_obo
ARO:3000197	tet(36)	oxytetracycline	ARO:3000668	aro_obo
ARO:3000197	tet(36)	tetracycline	ARO:0000051	aro_obo
ARO:3002871	tet(37)	tetracycline	ARO:0000051	aro_obo
ARO:3000565	tet(38)	tetracycline	ARO:0000051	aro_obo
ARO:3000566	tet(39)	tetracycline	ARO:0000051	aro_obo
ARO:3000567	tet(40)	tetracycline	ARO:0000051	aro_obo
ARO:3000569	tet(41)	tetracycline	ARO:0000051	aro_obo
ARO:3000572	tet(42)	tetracycline	ARO:0000051	aro_obo
ARO:3000573	tet(43)	tetracycline	ARO:0000051	aro_obo
ARO:3000556	tet(44)	chlortetracycline	ARO:3000528	aro_obo
ARO:3000556	tet(44)	demeclocycline	ARO:3000667	aro_obo
ARO:3000556	tet(44)	doxycycline	ARO:0000069	aro_obo
ARO:3000556	tet(44)	minocycline	ARO:3000152	aro_obo
ARO:3000556	tet(44)	oxytetracycline	ARO:3000668	aro_obo
ARO:3000556	tet(44)	tetracycline	ARO:0000051	aro_obo
ARO:3003196	tet(45)	tetracycline	ARO:0000051	aro_obo
ARO:3004613	tet(47)	oxytetracycline	ARO:3000668	aro_obo
ARO:3004613	tet(47)	tetracycline	ARO:0000051	aro_obo
ARO:3004581	tet(48)	oxytetracycline	ARO:3000668	aro_obo
ARO:3004581	tet(48)	tetracycline	ARO:0000051	aro_obo
ARO:3004582	tet(49)	oxytetracycline	ARO:3000668	aro_obo
ARO:3004582	tet(49)	tetracycline	ARO:0000051	aro_obo
ARO:3004584	tet(50)	oxytetracycline	ARO:3000668	aro_obo
ARO:3004584	tet(50)	tetracycline	ARO:0000051	aro_obo
ARO:3004586	tet(51)	oxytetracycline	ARO:3000668	aro_obo
ARO:3004586	tet(51)	tetracycline	ARO:0000051	aro_obo
ARO:3004587	tet(52)	oxytetracycline	ARO:3000668	aro_obo
ARO:3004587	tet(52)	tetracycline	ARO:0000051	aro_obo
ARO:3004589	tet(53)	minocycline	ARO:3000152	aro_obo
ARO:3004589	tet(53)	oxytetracycline	ARO:3000668	aro_obo
ARO:3004589	tet(53)	tetracycline	ARO:0000051	aro_obo
ARO:3004590	tet(54)	oxytetracycline	ARO:3000668	aro_obo
ARO:3004590	tet(54)	tetracycline	ARO:0000051	aro_obo
ARO:3004591	tet(55)	minocycline	ARO:3000152	aro_obo
ARO:3004591	tet(55)	oxytetracycline	ARO:3000668	aro_obo
ARO:3004591	tet(55)	tetracycline	ARO:0000051	aro_obo
ARO:3004603	tet(56)	oxytetracycline	ARO:3000668	aro_obo
ARO:3004603	tet(56)	tetracycline	ARO:0000051	aro_obo
ARO:3005006	tet(57)	tetracycline	ARO:0000051	aro_obo
ARO:3004441	tet(59)	chlortetracycline	ARO:3000528	aro_obo
ARO:3004441	tet(59)	oxytetracycline	ARO:3000668	aro_obo
ARO:3004441	tet(59)	tetracycline	ARO:0000051	aro_obo
ARO:3004576	tet(61)	doxycycline	ARO:0000069	aro_obo
ARO:3004576	tet(61)	minocycline	ARO:3000152	aro_obo
ARO:3004576	tet(61)	tetracycline	ARO:0000051	aro_obo
ARO:3007492	tet(62)	tetracycline	ARO:0000051	aro_obo
ARO:3007493	tet(63)	doxycycline	ARO:0000069	aro_obo
ARO:3007493	tet(63)	tetracycline	ARO:0000051	aro_obo
ARO:3007494	tet(64)	doxycycline	ARO:0000069	aro_obo
ARO:3007494	tet(64)	tetracycline	ARO:0000051	aro_obo
ARO:3007838	tet(65)	tetracycline	ARO:0000051	aro_obo
ARO:3000165	tet(A)	tetracycline	ARO:0000051	aro_obo
ARO:3000166	tet(B)	tetracycline	ARO:0000051	aro_obo
ARO:3000167	tet(C)	tetracycline	ARO:0000051	aro_obo
ARO:3000168	tet(D)	tetracycline	ARO:0000051	aro_obo
ARO:3000173	tet(E)	tetracycline	ARO:0000051	aro_obo
ARO:3000174	tet(G)	tetracycline	ARO:0000051	aro_obo
ARO:3000175	tet(H)	tetracycline	ARO:0000051	aro_obo
ARO:3000177	tet(J)	tetracycline	ARO:0000051	aro_obo
ARO:3000178	tet(K)	tetracycline	ARO:0000051	aro_obo
ARO:3000179	tet(L)	tetracycline	ARO:0000051	aro_obo
ARO:3000186	tet(M)	chlortetracycline	ARO:3000528	aro_obo
ARO:3000186	tet(M)	demeclocycline	ARO:3000667	aro_obo
ARO:3000186	tet(M)	doxycycline	ARO:0000069	aro_obo
ARO:3000186	tet(M)	minocycline	ARO:3000152	aro_obo
ARO:3000186	tet(M)	oxytetracycline	ARO:3000668	aro_obo
ARO:3000186	tet(M)	tetracycline	ARO:0000051	aro_obo
ARO:3000190	tet(O)	chlortetracycline	ARO:3000528	aro_obo
ARO:3000190	tet(O)	demeclocycline	ARO:3000667	aro_obo
ARO:3000190	tet(O)	doxycycline	ARO:0000069	aro_obo
ARO:3000190	tet(O)	minocycline	ARO:3000152	aro_obo
ARO:3000190	tet(O)	oxytetracycline	ARO:3000668	aro_obo
ARO:3000190	tet(O)	tetracycline	ARO:0000051	aro_obo
ARO:3007119	tet(O/32/O)	tetracycline	ARO:0000051	aro_obo
ARO:3007120	tet(O/M/O)	tetracycline	ARO:0000051	aro_obo
ARO:3007121	tet(O/W)	tetracycline	ARO:0000051	aro_obo
ARO:3007122	tet(O/W/32/O)	tetracycline	ARO:0000051	aro_obo
ARO:3007123	tet(O/W/O)	tetracycline	ARO:0000051	aro_obo
ARO:3000191	tet(Q)	chlortetracycline	ARO:3000528	aro_obo
ARO:3000191	tet(Q)	demeclocycline	ARO:3000667	aro_obo
ARO:3000191	tet(Q)	doxycycline	ARO:0000069	aro_obo
ARO:3000191	tet(Q)	minocycline	ARO:3000152	aro_obo
ARO:3000191	tet(Q)	oxytetracycline	ARO:3000668	aro_obo
ARO:3000191	tet(Q)	tetracycline	ARO:0000051	aro_obo
ARO:3000192	tet(S)	chlortetracycline	ARO:3000528	aro_obo
ARO:3000192	tet(S)	demeclocycline	ARO:3000667	aro_obo
ARO:3000192	tet(S)	doxycycline	ARO:0000069	aro_obo
ARO:3000192	tet(S)	minocycline	ARO:3000152	aro_obo
ARO:3000192	tet(S)	oxytetracycline	ARO:3000668	aro_obo
ARO:3000192	tet(S)	tetracycline	ARO:0000051	aro_obo
ARO:3000193	tet(T)	chlortetracycline	ARO:3000528	aro_obo
ARO:3000193	tet(T)	demeclocycline	ARO:3000667	aro_obo
ARO:3000193	tet(T)	doxycycline	ARO:0000069	aro_obo
ARO:3000193	tet(T)	minocycline	ARO:3000152	aro_obo
ARO:3000193	tet(T)	oxytetracycline	ARO:3000668	aro_obo
ARO:3000193	tet(T)	tetracycline	ARO:0000051	aro_obo
ARO:3000181	tet(V)	tetracycline	ARO:0000051	aro_obo
ARO:3000194	tet(W)	chlortetracycline	ARO:3000528	aro_obo
ARO:3000194	tet(W)	demeclocycline	ARO:3000667	aro_obo
ARO:3000194	tet(W)	doxycycline	ARO:0000069	aro_obo
ARO:3000194	tet(W)	minocycline	ARO:3000152	aro_obo
ARO:3000194	tet(W)	oxytetracycline	ARO:3000668	aro_obo
ARO:3000194	tet(W)	tetracycline	ARO:0000051	aro_obo
ARO:3007124	tet(W/32/O)	tetracycline	ARO:0000051	aro_obo
ARO:3004442	tet(W/N/W)	chlortetracycline	ARO:3000528	aro_obo
ARO:3004442	tet(W/N/W)	minocycline	ARO:3000152	aro_obo
ARO:3004442	tet(W/N/W)	tetracycline	ARO:0000051	aro_obo
ARO:3000205	tet(X)	chlortetracycline	ARO:3000528	aro_obo
ARO:3000205	tet(X)	demeclocycline	ARO:3000667	aro_obo
ARO:3000205	tet(X)	doxycycline	ARO:0000069	aro_obo
ARO:3000205	tet(X)	minocycline	ARO:3000152	aro_obo
ARO:3000205	tet(X)	oxytetracycline	ARO:3000668	aro_obo
ARO:3000205	tet(X)	tetracycline	ARO:0000051	aro_obo
ARO:3000205	tet(X)	tigecycline	ARO:0000030	aro_obo
ARO:3005166	tet(X1)	minocycline	ARO:3000152	aro_obo
ARO:3005166	tet(X1)	oxytetracycline	ARO:3000668	aro_obo
ARO:3005166	tet(X1)	tetracycline	ARO:0000051	aro_obo
ARO:3004719	tet(X3)	tetracycline	ARO:0000051	aro_obo
ARO:3004719	tet(X3)	tigecycline	ARO:0000030	aro_obo
ARO:3004720	tet(X4)	tetracycline	ARO:0000051	aro_obo
ARO:3004720	tet(X4)	tigecycline	ARO:0000030	aro_obo
ARO:3005057	tet(X5)	minocycline	ARO:3000152	aro_obo
ARO:3005057	tet(X5)	oxytetracycline	ARO:3000668	aro_obo
ARO:3005057	tet(X5)	tetracycline	ARO:0000051	aro_obo
ARO:3005056	tet(X6)	minocycline	ARO:3000152	aro_obo
ARO:3005056	tet(X6)	oxytetracycline	ARO:3000668	aro_obo
ARO:3005056	tet(X6)	tetracycline	ARO:0000051	aro_obo
ARO:3000182	tet(Y)	tetracycline	ARO:0000051	aro_obo
ARO:3000183	tet(Z)	tetracycline	ARO:0000051	aro_obo
ARO:3003980	tetA(58)	tetracycline	ARO:0000051	aro_obo
ARO:3000180	tetA(P)	tetracycline	ARO:0000051	aro_obo
ARO:3004031	tetAB(46)	tetracycline	ARO:0000051	aro_obo
ARO:3004034	tetAB(60)	tetracycline	ARO:0000051	aro_obo
ARO:3003981	tetB(58)	tetracycline	ARO:0000051	aro_obo
ARO:3000195	tetB(P)	chlortetracycline	ARO:3000528	aro_obo
ARO:3000195	tetB(P)	demeclocycline	ARO:3000667	aro_obo
ARO:3000195	tetB(P)	doxycycline	ARO:0000069	aro_obo
ARO:3000195	tetB(P)	minocycline	ARO:3000152	aro_obo
ARO:3000195	tetB(P)	oxytetracycline	ARO:3000668	aro_obo
ARO:3000195	tetB(P)	tetracycline	ARO:0000051	aro_obo
ARO:3004653	tetR(G)	tetracycline	ARO:0000051	aro_obo
ARO:3001299	tlrB conferring tylosin resistance	tylosin	ARO:3000145	aro_obo
ARO:3002827	tlrC	lincomycin	ARO:0000046	aro_obo
ARO:3002827	tlrC	mycinamicin	ARO:3001224	aro_obo
ARO:3002827	tlrC	tylosin	ARO:3000145	aro_obo
ARO:3003059	tmrB	tunicamycin	ARO:0000009	aro_obo
ARO:3001218	trimethoprim resistant dihydrofolate reductase dfr	trimethoprim	ARO:3000188	aro_obo
ARO:3003060	tsnR	thiostrepton	ARO:3000686	aro_obo
ARO:3004285	tunicamycin resistance protein	tunicamycin	ARO:0000009	aro_obo
ARO:3004730	tva(A)	pleuromutilin	ARO:3001317	aro_obo
ARO:3003577	ugd	polymyxin b	ARO:3000454	aro_obo
ARO:3002914	vanJ	teicoplanin	ARO:0000029	aro_obo
ARO:3002840	vatA	virginiamycin m1	ARO:3000669	aro_obo
ARO:3002841	vatB	virginiamycin m1	ARO:3000669	aro_obo
ARO:3002842	vatC	virginiamycin m1	ARO:3000669	aro_obo
ARO:3002843	vatD	virginiamycin m1	ARO:3000669	aro_obo
ARO:3002844	vatE	virginiamycin m1	ARO:3000669	aro_obo
ARO:3003744	vatF	virginiamycin m1	ARO:3000669	aro_obo
ARO:3002845	vatH	virginiamycin m1	ARO:3000669	aro_obo
ARO:3004715	vga(E) Staphylococcus cohnii	clindamycin	ARO:0000066	aro_obo
ARO:3004715	vga(E) Staphylococcus cohnii	lincomycin	ARO:0000046	aro_obo
ARO:3004715	vga(E) Staphylococcus cohnii	retapamulin	ARO:3001314	aro_obo
ARO:3004715	vga(E) Staphylococcus cohnii	tiamulin	ARO:3000671	aro_obo
ARO:3004715	vga(E) Staphylococcus cohnii	valnemulin	ARO:3001315	aro_obo
ARO:3004715	vga(E) Staphylococcus cohnii	virginiamycin m1	ARO:3000669	aro_obo
ARO:3002829	vgaA	clindamycin	ARO:0000066	aro_obo
ARO:3002829	vgaA	virginiamycin m1	ARO:3000669	aro_obo
ARO:3002830	vgaALC	clindamycin	ARO:0000066	aro_obo
ARO:3002830	vgaALC	lincomycin	ARO:0000046	aro_obo
ARO:3002830	vgaALC	virginiamycin m1	ARO:3000669	aro_obo
ARO:3000118	vgaB	dalfopristin	ARO:3000674	aro_obo
ARO:3000118	vgaB	virginiamycin m1	ARO:3000669	aro_obo
ARO:3002831	vgaC	clindamycin	ARO:0000066	aro_obo
ARO:3002831	vgaC	lincomycin	ARO:0000046	aro_obo
ARO:3002831	vgaC	tiamulin	ARO:3000671	aro_obo
ARO:3002831	vgaC	valnemulin	ARO:3001315	aro_obo
ARO:3002831	vgaC	virginiamycin m1	ARO:3000669	aro_obo
ARO:3002832	vgaD	dalfopristin	ARO:3000674	aro_obo
ARO:3002833	vgaE	clindamycin	ARO:0000066	aro_obo
ARO:3002833	vgaE	tiamulin	ARO:3000671	aro_obo
ARO:3002833	vgaE	virginiamycin m1	ARO:3000669	aro_obo
ARO:3001307	vgbA	ostreogrycin b3	ARO:3000682	aro_obo
ARO:3001307	vgbA	patricin a	ARO:3000680	aro_obo
ARO:3001307	vgbA	patricin b	ARO:3000681	aro_obo
ARO:3001307	vgbA	pristinamycin ia	ARO:3000583	aro_obo
ARO:3001307	vgbA	pristinamycin ib	ARO:3000675	aro_obo
ARO:3001307	vgbA	pristinamycin ic	ARO:3000678	aro_obo
ARO:3001307	vgbA	quinupristin	ARO:3000584	aro_obo
ARO:3001307	vgbA	vernamycin c	ARO:3000679	aro_obo
ARO:3001307	vgbA	virginiamycin s2	ARO:3000677	aro_obo
ARO:3001308	vgbB	ostreogrycin b3	ARO:3000682	aro_obo
ARO:3001308	vgbB	patricin a	ARO:3000680	aro_obo
ARO:3001308	vgbB	patricin b	ARO:3000681	aro_obo
ARO:3001308	vgbB	pristinamycin ia	ARO:3000583	aro_obo
ARO:3001308	vgbB	pristinamycin ib	ARO:3000675	aro_obo
ARO:3001308	vgbB	pristinamycin ic	ARO:3000678	aro_obo
ARO:3001308	vgbB	quinupristin	ARO:3000584	aro_obo
ARO:3001308	vgbB	vernamycin c	ARO:3000679	aro_obo
ARO:3001308	vgbB	virginiamycin s2	ARO:3000677	aro_obo
ARO:3003990	vgbC	ostreogrycin b3	ARO:3000682	aro_obo
ARO:3003990	vgbC	patricin a	ARO:3000680	aro_obo
ARO:3003990	vgbC	patricin b	ARO:3000681	aro_obo
ARO:3003990	vgbC	pristinamycin ia	ARO:3000583	aro_obo
ARO:3003990	vgbC	pristinamycin ib	ARO:3000675	aro_obo
ARO:3003990	vgbC	pristinamycin ic	ARO:3000678	aro_obo
ARO:3003990	vgbC	quinupristin	ARO:3000584	aro_obo
ARO:3003990	vgbC	vernamycin c	ARO:3000679	aro_obo
ARO:3003990	vgbC	virginiamycin s2	ARO:3000677	aro_obo
ARO:3004476	vmlR	a201a	ARO:3007639	aro_obo
ARO:3004476	vmlR	iboxamycin	ARO:3007636	aro_obo
ARO:3004476	vmlR	lincomycin	ARO:0000046	aro_obo
ARO:3004476	vmlR	retapamulin	ARO:3001314	aro_obo
ARO:3004476	vmlR	tiamulin	ARO:3000671	aro_obo
ARO:3004476	vmlR	virginiamycin m1	ARO:3000669	aro_obo
ARO:3004476	vmlR	virginiamycin s2	ARO:3000677	aro_obo
ARO:3003061	vph	viomycin	ARO:0000018	aro_obo
ARO:3003558	y56 beta-lactamase	ticarcillin	ARO:3003832	aro_obo
ARO:3003062	ykkCD	chloramphenicol	ARO:3000385	aro_obo
ARO:3003062	ykkCD	streptomycin	ARO:0000040	aro_obo
ARO:3003062	ykkCD	tetracycline	ARO:0000051	aro_obo
